<clinical_study>
  <!-- This xml conforms to an XML Schema at:
    https://clinicaltrials.gov/ct2/html/images/info/public.xsd -->
  <required_header>
    <download_date>ClinicalTrials.gov processed this data on July 31, 2020</download_date>
    <link_text>Link to the current ClinicalTrials.gov record.</link_text>
    <url>https://clinicaltrials.gov/show/NCT00000286</url>
  </required_header>
  <id_info>
    <org_study_id>NIDA-09259-3</org_study_id>
    <secondary_id>P50-09259-3</secondary_id>
    <nct_id>NCT00000286</nct_id>
  </id_info>
  <brief_title>Effects of Nefazodone on Treatment of Female Cocaine Abusers - 3</brief_title>
  <official_title>Effects of Nefazodone on Treatment of Female Cocaine Abusers</official_title>
  <sponsors>
    <lead_sponsor>
      <agency>National Institute on Drug Abuse (NIDA)</agency>
      <agency_class>NIH</agency_class>
    </lead_sponsor>
    <collaborator>
      <agency>University of Minnesota</agency>
      <agency_class>Other</agency_class>
    </collaborator>
  </sponsors>
  <source>National Institute on Drug Abuse (NIDA)</source>
  <brief_summary>
    <textblock>
      The purpose of this study is to determine the effects of nefazedone on cocaine
      self-administration in depressed and non-depressed female cocaine users.
    </textblock>
  </brief_summary>
  <detailed_description>
    <textblock>
      This study evaluated the effect of nefazodone on reducing cocaine use and craving in both
      depressed and nondepressed women and if there was a greater effect in depressed women.
    </textblock>
  </detailed_description>
  <overall_status>Completed</overall_status>
  <start_date>December 1996</start_date>
  <completion_date>December 2001</completion_date>
  <phase>Phase 2</phase>
  <study_type>Interventional</study_type>
  <has_expanded_access>No</has_expanded_access>
  <study_design_info>
    <primary_purpose>Treatment</primary_purpose>
    <masking>Double</masking>
  </study_design_info>
  <primary_outcome>
    <measure>Craving</measure>
  </primary_outcome>
  <primary_outcome>
    <measure>Drug use</measure>
  </primary_outcome>
  <primary_outcome>
    <measure>Depression</measure>
  </primary_outcome>
  <primary_outcome>
    <measure>Life functioning</measure>
  </primary_outcome>
  <primary_outcome>
    <measure>HIV risk behaviors</measure>
  </primary_outcome>
  <enrollment>0</enrollment>
  <condition>Cocaine-Related Disorders</condition>
  <intervention>
    <intervention_type>Drug</intervention_type>
    <intervention_name>Nefazodone</intervention_name>
  </intervention>
  <eligibility>
    <criteria>
      <textblock>
        Inclusion Criteria:

        Females, ages 18-55, minimum use of 8 days of the last 30, minimum of 8th grade education,
        current diagnosis of cocaine abuse/dependence

        Exclusion Criteria:

        Unstable medical illness, dx of MR, OBS, bipolar
      </textblock>
    </criteria>
    <gender>Female</gender>
    <minimum_age>18 Years</minimum_age>
    <maximum_age>55 Years</maximum_age>
    <healthy_volunteers>No</healthy_volunteers>
  </eligibility>
  <overall_official>
    <last_name>Dorothy Hatsukami, Ph.D.</last_name>
    <role>Principal Investigator</role>
    <affiliation>University of Minnesota</affiliation>
  </overall_official>
  <location>
    <facility>
      <name>University of Minnesota</name>
      <address>
        <city>Minneapolis</city>
        <state>Minnesota</state>
        <zip>55455</zip>
        <country>United States</country>
      </address>
    </facility>
  </location>
  <location_countries>
    <country>United States</country>
  </location_countries>
  <verification_date>October 2016</verification_date>
  <study_first_submitted>September 20, 1999</study_first_submitted>
  <study_first_submitted_qc>September 20, 1999</study_first_submitted_qc>
  <study_first_posted type="Estimate">September 21, 1999</study_first_posted>
  <last_update_submitted>January 11, 2017</last_update_submitted>
  <last_update_submitted_qc>January 11, 2017</last_update_submitted_qc>
  <last_update_posted type="Estimate">January 12, 2017</last_update_posted>
  <keyword>cocaine dependence</keyword>
  <condition_browse>
    <!-- CAUTION:  The following MeSH terms are assigned with an imperfect algorithm            -->
    <mesh_term>Cocaine-Related Disorders</mesh_term>
  </condition_browse>
  <intervention_browse>
    <!-- CAUTION:  The following MeSH terms are assigned with an imperfect algorithm            -->
    <mesh_term>Nefazodone</mesh_term>
  </intervention_browse>
  <!-- Results have not yet been posted for this study                                          -->
</clinical_study>

