<clinical_study>
  <!-- This xml conforms to an XML Schema at:
    https://clinicaltrials.gov/ct2/html/images/info/public.xsd -->
  <required_header>
    <download_date>ClinicalTrials.gov processed this data on July 31, 2020</download_date>
    <link_text>Link to the current ClinicalTrials.gov record.</link_text>
    <url>https://clinicaltrials.gov/show/NCT00002439</url>
  </required_header>
  <id_info>
    <org_study_id>272A</org_study_id>
    <secondary_id>L1057T-31</secondary_id>
    <secondary_id>96ACR-LIG1</secondary_id>
    <nct_id>NCT00002439</nct_id>
  </id_info>
  <brief_title>A Study of ALRT 1057 Topical Gel in Patients With AIDS-Related Kaposi's Sarcoma</brief_title>
  <official_title>Randomized Phase III Vehicle Controlled Trial of ALRT 1057 Topical Gel in Patients With AIDS-Related Kaposi's Sarcoma</official_title>
  <sponsors>
    <lead_sponsor>
      <agency>Anderson Clinical Research</agency>
      <agency_class>Industry</agency_class>
    </lead_sponsor>
    <collaborator>
      <agency>Ligand Pharmaceuticals</agency>
      <agency_class>Industry</agency_class>
    </collaborator>
  </sponsors>
  <source>NIH AIDS Clinical Trials Information Service</source>
  <brief_summary>
    <textblock>
      The purpose of this study is to see if ALRT1057 gel is safe and effective in treating
      Kaposi's sarcoma (KS) when applied to skin .
    </textblock>
  </brief_summary>
  <detailed_description>
    <textblock>
      This is a Phase 3 double-blind study. KS patients are randomized to 1 of 2 treatment arms.
      They receive either ALRT1057 gel or placebo for 12 weeks. If progressive disease for KS is
      noted before Week 12, patients are switched to the other blinded treatment arm. If a response
      or disease progression that has not persisted for at least 4 weeks as of Week 12 occurs,
      treatment on the blinded arm is continued for up to 4 additional weeks, or until response of
      disease progression is confirmed. After that time or after 12 weeks of treatment, open-label
      ALRT1057 may be received.
    </textblock>
  </detailed_description>
  <overall_status>Completed</overall_status>
  <phase>N/A</phase>
  <study_type>Interventional</study_type>
  <has_expanded_access>No</has_expanded_access>
  <study_design_info>
    <primary_purpose>Treatment</primary_purpose>
  </study_design_info>
  <condition>Sarcoma, Kaposi</condition>
  <condition>HIV Infections</condition>
  <intervention>
    <intervention_type>Drug</intervention_type>
    <intervention_name>Alitretinoin</intervention_name>
  </intervention>
  <eligibility>
    <criteria>
      <textblock>
        Information not available
      </textblock>
    </criteria>
    <gender>All</gender>
    <minimum_age>18 Years</minimum_age>
    <maximum_age>N/A</maximum_age>
    <healthy_volunteers>No</healthy_volunteers>
  </eligibility>
  <reference>
    <citation>Walmsley S, Northfelt DW, Melosky B, Conant M, Friedman-Kien AE, Wagner B. Treatment of AIDS-related cutaneous Kaposi's sarcoma with topical alitretinoin (9-cis-retinoic acid) gel. Panretin Gel North American Study Group. J Acquir Immune Defic Syndr. 1999 Nov 1;22(3):235-46.</citation>
    <PMID>10770343</PMID>
  </reference>
  <verification_date>August 1997</verification_date>
  <study_first_submitted>November 2, 1999</study_first_submitted>
  <study_first_submitted_qc>August 30, 2001</study_first_submitted_qc>
  <study_first_posted type="Estimate">August 31, 2001</study_first_posted>
  <last_update_submitted>June 23, 2005</last_update_submitted>
  <last_update_submitted_qc>June 23, 2005</last_update_submitted_qc>
  <last_update_posted type="Estimate">June 24, 2005</last_update_posted>
  <condition_browse>
    <!-- CAUTION:  The following MeSH terms are assigned with an imperfect algorithm            -->
    <mesh_term>Sarcoma, Kaposi</mesh_term>
    <mesh_term>Sarcoma</mesh_term>
  </condition_browse>
  <intervention_browse>
    <!-- CAUTION:  The following MeSH terms are assigned with an imperfect algorithm            -->
    <mesh_term>Alitretinoin</mesh_term>
  </intervention_browse>
  <!-- Results have not yet been posted for this study                                          -->
</clinical_study>

