<clinical_study>
  <!-- This xml conforms to an XML Schema at:
    https://clinicaltrials.gov/ct2/html/images/info/public.xsd -->
  <required_header>
    <download_date>ClinicalTrials.gov processed this data on July 31, 2020</download_date>
    <link_text>Link to the current ClinicalTrials.gov record.</link_text>
    <url>https://clinicaltrials.gov/show/NCT00000646</url>
  </required_header>
  <id_info>
    <org_study_id>ACTG 160</org_study_id>
    <secondary_id>11135</secondary_id>
    <nct_id>NCT00000646</nct_id>
  </id_info>
  <brief_title>Pentoxifylline (Trental) as a Modulator of Tumor Necrosis Factor and of HIV Replication in Patients With AIDS</brief_title>
  <official_title>Pentoxifylline (Trental) as a Modulator of Tumor Necrosis Factor and of HIV Replication in Patients With AIDS</official_title>
  <sponsors>
    <lead_sponsor>
      <agency>National Institute of Allergy and Infectious Diseases (NIAID)</agency>
      <agency_class>NIH</agency_class>
    </lead_sponsor>
    <collaborator>
      <agency>Hoechst Marion Roussel</agency>
      <agency_class>Industry</agency_class>
    </collaborator>
  </sponsors>
  <source>National Institute of Allergy and Infectious Diseases (NIAID)</source>
  <brief_summary>
    <textblock>
      To determine whether pentoxifylline lowers tumor necrosis factor (TNF) levels in AIDS
      patients. Pentoxifylline decreases tumor necrosis factor (TNF), and therefore should decrease
      such TNF-intensified events as cachexia, enhanced HIV expression, and inhibition of
      zidovudine (AZT) activity.
    </textblock>
  </brief_summary>
  <detailed_description>
    <textblock>
      Pentoxifylline decreases tumor necrosis factor (TNF), and therefore should decrease such
      TNF-intensified events as cachexia, enhanced HIV expression, and inhibition of zidovudine
      (AZT) activity.

      Twenty-seven AIDS patients with elevated TNF and less than 300 CD4 cells are given
      pentoxifylline 3 times a day for 8 weeks. If no significant changes are seen in virologic,
      immunologic, or related measures, 27 additional patients are given a higher dose of
      pentoxifylline 3 times a day for eight weeks.
    </textblock>
  </detailed_description>
  <overall_status>Completed</overall_status>
  <completion_date type="Actual">March 1993</completion_date>
  <phase>Phase 1</phase>
  <study_type>Interventional</study_type>
  <has_expanded_access>No</has_expanded_access>
  <study_design_info>
    <primary_purpose>Treatment</primary_purpose>
  </study_design_info>
  <enrollment>54</enrollment>
  <condition>HIV Infections</condition>
  <intervention>
    <intervention_type>Drug</intervention_type>
    <intervention_name>Pentoxifylline</intervention_name>
  </intervention>
  <eligibility>
    <criteria>
      <textblock>
        Inclusion Criteria

        Concurrent Medication:

        Required:

          -  Zidovudine (AZT), didanosine (ddI), dideoxycytidine (ddC), or a combination thereof,
             at current dosage for the 8 weeks of study treatment.

          -  Prophylaxis (e.g., aerosolized pentamidine, trimethoprim / sulfamethoxazole (TMP /
             SMX), dapsone for Pneumocystis carinii pneumonia (PCP) if CD4 cell count is &lt; 200
             cells/mm3

        Allowed:

          -  Concurrent maintenance therapy for opportunistic infections.

        Prior Medication: Required:

          -  Zidovudine (AZT), didanosine (ddI), dideoxycytidine (ddC), or a combination thereof,
             for at least 2 months.

        Patients must have the following:

          -  Diagnosis of AIDS.

          -  Documented HIV seropositivity.

          -  Ability to give informed consent and willingness to comply with visit schedule and all
             procedures.

        Exclusion Criteria

        Co-existing Condition:

        Patients with the following conditions or symptoms are excluded:

          -  Lymphoma or visceral Kaposi's sarcoma.

          -  Active peptic ulcer or bleeding disorder.

          -  Hemophilia. Known intolerance to pentoxifylline, theophylline, or caffeine.

        Concurrent Medication:

        Excluded:

          -  Warfarin and heparin.

          -  Biological response modifiers (e.g., erythropoietin, interferon, G-CSF, GM-CSF).

        Cytotoxic chemotherapy.

          -  Megestrol acetate. Corticosteroids.

        Concurrent Treatment:

        Excluded:

          -  Radiation therapy. Blood products or transfusions.

        Patients with the following are excluded:

          -  Presence of an active opportunistic infection.

          -  Major surgery within 30 days of study treatment.

        Prior Medication:

        Excluded:

          -  Biological response modifiers (including interferon, interleukin), corticosteroids, or
             megestrol acetate within 14 days of first (screening) TNF level.

          -  Erythropoietin dependency or within 30 days of study treatment.

        Prior Treatment:

        Excluded:

          -  Transfusion or blood product dependency or use within 30 days of study treatment.
      </textblock>
    </criteria>
    <gender>All</gender>
    <minimum_age>18 Years</minimum_age>
    <maximum_age>N/A</maximum_age>
    <healthy_volunteers>No</healthy_volunteers>
  </eligibility>
  <overall_official>
    <last_name>Dezube B</last_name>
    <role>Study Chair</role>
  </overall_official>
  <overall_official>
    <last_name>Crumpacker C</last_name>
    <role>Study Chair</role>
  </overall_official>
  <location>
    <facility>
      <name>Beth Israel Deaconess - East Campus A0102 CRS</name>
      <address>
        <city>Boston</city>
        <state>Massachusetts</state>
        <zip>02215</zip>
        <country>United States</country>
      </address>
    </facility>
  </location>
  <location>
    <facility>
      <name>Case CRS</name>
      <address>
        <city>Cleveland</city>
        <state>Ohio</state>
        <country>United States</country>
      </address>
    </facility>
  </location>
  <location_countries>
    <country>United States</country>
  </location_countries>
  <reference>
    <citation>Dezube BJ, Lederman MM, Pardee AB, Chapman B, Korvick J, Crumpacker CS. Pentoxifylline (Trental, PTX) decreases tumor necrosis factor (TNF) &amp; may decrease HIV replication in AIDS patients. ACTG #160 Team. Int Conf AIDS. 1993 Jun 6-11;9(1):492 (abstract no PO-B28-2142)</citation>
  </reference>
  <reference>
    <citation>Dezube BJ, Pardee AB, Chapman B, Beckett LA, Korvick JA, Novick WJ, Chiurco J, Kasdan P, Ahlers CM, Ecto LT, et al. Pentoxifylline decreases tumor necrosis factor expression and serum triglycerides in people with AIDS. NIAID AIDS Clinical Trials Group. J Acquir Immune Defic Syndr (1988). 1993 Jul;6(7):787-94.</citation>
    <PMID>8099612</PMID>
  </reference>
  <reference>
    <citation>Dezube BJ, Pardee AB, Chapman B, Beckett L, Korvick J, Ahlers CM, Ecto L, Chatis P, Crumpacker CS. Pentoxifylline (trental) decreases tumor necrosis factor (TNF) and HIV replication in patients with AIDS. ACTG #160 Team. AIDS Clinical Trial Group. Int Conf AIDS. 1992 Jul 19-24;8(1):Mo8 (abstract no MoB 0019)</citation>
  </reference>
  <reference>
    <citation>Dezube BJ, Lederman MM, Spritzler JG, Chapman B, Korvick JA, Flexner C, Dando S, Mattiacci MR, Ahlers CM, Zhang L, et al. High-dose pentoxifylline in patients with AIDS: inhibition of tumor necrosis factor production. National Institute of Allergy and Infectious Diseases AIDS Clinical Trials Group. J Infect Dis. 1995 Jun;171(6):1628-32.</citation>
    <PMID>7769305</PMID>
  </reference>
  <reference>
    <citation>Dezube BJ, Pardee AB, Beckett LA, Ahlers CM, Ecto L, Allen-Ryan J, Anisowicz A, Sager R, Crumpacker CS. Cytokine dysregulation in AIDS: in vivo overexpression of mRNA of tumor necrosis factor-alpha and its correlation with that of the inflammatory cytokine GRO. J Acquir Immune Defic Syndr (1988). 1992;5(11):1099-104.</citation>
    <PMID>1403638</PMID>
  </reference>
  <verification_date>March 2012</verification_date>
  <study_first_submitted>November 2, 1999</study_first_submitted>
  <study_first_submitted_qc>August 30, 2001</study_first_submitted_qc>
  <study_first_posted type="Estimate">August 31, 2001</study_first_posted>
  <last_update_submitted>March 29, 2012</last_update_submitted>
  <last_update_submitted_qc>March 29, 2012</last_update_submitted_qc>
  <last_update_posted type="Estimate">March 30, 2012</last_update_posted>
  <responsible_party>
    <responsible_party_type>Sponsor</responsible_party_type>
  </responsible_party>
  <keyword>Pentoxifylline</keyword>
  <keyword>Virus Replication</keyword>
  <keyword>Tumor Necrosis Factor</keyword>
  <keyword>Drug Evaluation</keyword>
  <keyword>Acquired Immunodeficiency Syndrome</keyword>
  <keyword>Cachexia</keyword>
  <keyword>Drug Synergism</keyword>
  <condition_browse>
    <!-- CAUTION:  The following MeSH terms are assigned with an imperfect algorithm            -->
    <mesh_term>Necrosis</mesh_term>
  </condition_browse>
  <intervention_browse>
    <!-- CAUTION:  The following MeSH terms are assigned with an imperfect algorithm            -->
    <mesh_term>Pentoxifylline</mesh_term>
  </intervention_browse>
  <!-- Results have not yet been posted for this study                                          -->
</clinical_study>

