<clinical_study>
  <!-- This xml conforms to an XML Schema at:
    https://clinicaltrials.gov/ct2/html/images/info/public.xsd -->
  <required_header>
    <download_date>ClinicalTrials.gov processed this data on July 31, 2020</download_date>
    <link_text>Link to the current ClinicalTrials.gov record.</link_text>
    <url>https://clinicaltrials.gov/show/NCT00003207</url>
  </required_header>
  <id_info>
    <org_study_id>CDR0000066062</org_study_id>
    <secondary_id>WU-106</secondary_id>
    <secondary_id>NCI-T97-0073</secondary_id>
    <nct_id>NCT00003207</nct_id>
  </id_info>
  <brief_title>Liposomal Doxorubicin and PSC 833 in Treating Patients With AIDS-Related Kaposi's Sarcoma or Other Advanced Cancers</brief_title>
  <official_title>Phase I Study on Doxil and SDZ PSC 833 in the Treatment of AIDS-Associated Kaposi's Sarcoma and Other Advanced Malignancies</official_title>
  <sponsors>
    <lead_sponsor>
      <agency>Washington University School of Medicine</agency>
      <agency_class>Other</agency_class>
    </lead_sponsor>
    <collaborator>
      <agency>National Cancer Institute (NCI)</agency>
      <agency_class>NIH</agency_class>
    </collaborator>
  </sponsors>
  <source>Washington University School of Medicine</source>
  <oversight_info>
    <has_dmc>No</has_dmc>
  </oversight_info>
  <brief_summary>
    <textblock>
      The rationale for conducting this study lies in the premise that if indeed the reason for a
      limited response of Kaposi's sarcoma lesions and other advanced malignancies to chemotherapy
      is attributable to a high expression of P-glycoprotein, then, by inhibiting this pump, tumor
      kill would be enhanced and response rates as well as duration of responses would also
      increase. Doxil is chosen since recent studies have shown that it is superior to combination
      chemotherapy with ABV or BV. Doxil is also known to be active in other malignancies such as
      breast and ovarian cancer (34,35). PSC 833 is chosen since it has been found to reverse P-gp
      in vitro and in vivo, is non-immunosuppressive, and has been shown in recent Phase 1 studies
      to be well tolerated.

      There are yet no human studies reported on Doxil pharmacokinetics when combined with MDR
      modulators. Preclinical data shows that pharmacokinetics of Doxil, unlike free doxorubicin,
      is minimally affected by the addition of PSC 833 (36). Enhanced tumor toxicity was observed
      when PSC 833 was combined with Doxil. Since doxorubicin, the active agent in Doxil, is
      metabolized by the same cytochrome P450, interactions between these 2 agents may have very
      significant clinical implications. The purpose of this study is to assess the toxicity and
      determine the maximum tolerated dose of Doxil when combined with PSC 833 in the treatment of
      AIDS-KS and other advanced malignancies.
    </textblock>
  </brief_summary>
  <overall_status>Completed</overall_status>
  <start_date>March 1998</start_date>
  <completion_date type="Actual">July 2002</completion_date>
  <primary_completion_date type="Actual">July 2002</primary_completion_date>
  <phase>Phase 1</phase>
  <study_type>Interventional</study_type>
  <has_expanded_access>No</has_expanded_access>
  <study_design_info>
    <allocation>N/A</allocation>
    <intervention_model>Single Group Assignment</intervention_model>
    <primary_purpose>Treatment</primary_purpose>
  </study_design_info>
  <primary_outcome>
    <measure>Safety profile and tolerability of Doxil in combination with PSC 833</measure>
    <description>Each cycle is 2 weeks long and can continue until disease progression, toxicity, or patient decision</description>
  </primary_outcome>
  <primary_outcome>
    <measure>Maximum tolerated dose of Doxil in combination with PSC 833</measure>
  </primary_outcome>
  <primary_outcome>
    <measure>Dose limiting toxicity of Doxil in combination with PSC 833</measure>
  </primary_outcome>
  <secondary_outcome>
    <measure>Effects of PSC 833 on Doxil pharmacokinetics</measure>
  </secondary_outcome>
  <secondary_outcome>
    <measure>Confirm the MDR expression with immunohistochemistry and functionally, with 99MTc-sestamibi</measure>
  </secondary_outcome>
  <number_of_arms>1</number_of_arms>
  <enrollment type="Actual">14</enrollment>
  <condition>Sarcoma</condition>
  <condition>Unspecified Adult Solid Tumor, Protocol Specific</condition>
  <arm_group>
    <arm_group_label>Phase 1 (Doxil &amp; PSC 833)</arm_group_label>
    <arm_group_type>Experimental</arm_group_type>
    <description>Patients will receive Doxil at the standard dose of 20 mg/m2 IV for the 1st cycle. On the 2nd cycle of Doxil, the first patient will receive Doxil at 40% of standard dose or 8 mg/m2 (dose level 1) IV over one hr. 15 mn after the 2nd and subsequent cycles of Doxil, PSC 833 will be given at 2 mg/kg for 2 hrs. Simultaneously, a 72 hour CIVI of PSC 833 will be started with the loading dose. If no DLT occurs, then a double dose escalation of Doxil (dose levels 3, 5, 7 ) will be given to the same patient in the subsequent cycles until DLT occurs. On the 2nd cycle, Doxil will be given at the next dose level above the starting dose tolerated by the first patient. If no DLT occurs, a double dose escalation will also be done for the subsequent cycles (dose levels 5, 7, 9). The single-patient-cohort will terminate when a patient experiences DLT or when two episodes of grade 2 toxicity occur. At that point patients will be enrolled into cohorts of 3 patients to determine the MTD.</description>
  </arm_group>
  <intervention>
    <intervention_type>Drug</intervention_type>
    <intervention_name>pegylated liposomal doxorubicin hydrochloride</intervention_name>
    <arm_group_label>Phase 1 (Doxil &amp; PSC 833)</arm_group_label>
    <other_name>DOXIL</other_name>
  </intervention>
  <intervention>
    <intervention_type>Drug</intervention_type>
    <intervention_name>PSC 833</intervention_name>
    <arm_group_label>Phase 1 (Doxil &amp; PSC 833)</arm_group_label>
    <other_name>valspodar</other_name>
  </intervention>
  <eligibility>
    <criteria>
      <textblock>
        INCLUSION CRITERIA

          -  Histologically documented malignancy refractory to standard treatment or for which no
             standard treatment exists, or biopsy proven Kaposi's sarcoma with mucocutaneous
             lesions numbering 10 or more or a documented visceral KS lesion with at least 2
             assessable cutaneous lesions.

          -  A life expectancy of &gt;4 months.

          -  Patients with prior chemotherapy and Doxil exposure are eligible

          -  Age &gt;=18

          -  Karnofsky score of &gt;=70%

          -  Hemoglobin &gt;=8 g/dl, neutrophil count &gt;=1000 cells/ul and platelet count of &gt;=75,000
             cells/ul.

          -  Creatinine clearance of .=50 ml/min or creatinine of &lt;=2.0mg/dl, SGOT &lt;=2X the
             institutional normal and bilirubin &lt;1.5X institutional normal

          -  Written informed consent has been obtained from the patient.

        EXCLUSION CRITERIA

          -  Pregnant or breast feeding patients as radioactive tracer material and chemotherapy
             will be used in this protocol.

          -  Active opportunistic infections requiring antibiotic treatment.

          -  Treatment with radiation or electron beam therapy, interferon or cytotoxic therapy
             within the preceding 4 weeks.

          -  Clinically significant history of congestive heart failure.

          -  Patients who have moderate to severe sensory and motor peripheral neuropathy.

          -  Any patient currently receiving treatment with any of the following agents which
             cannot be discontinued at a specified time relative to PSC 833 administration. All of
             these drugs are well substantiated to interact with cyclosporin A:

               -  Agents increasing serum concentrations of CsA

        The following drugs must not be administered for 48 hours before PSC 833 is started, during
        the course of its administration, or up to 48 hours after the last dose of PSC 833 in a
        cycle:

        Calcium channel blockers: diltiazem, nicardipine, verapamil Antifungals: fluconazole (dose
        &lt;200 mg/day allowed), itraconazole, ketoconazole Antibiotics: clarithromycin, erythromycin
        Others: metoclopramide,bromocriptine, danazol

          -  Agents decreasing serum concentrations of CsA

        The following drugs must not be administered in the 14 days before PSC 833 is started or
        during the course of its administration. They may be restarted immediately after the last
        dose of PSC 833:

        Antibiotics: nafcillin, rifampin Anticonvulsants: carbamazepine, phenobarbital, phenytoin
        Others: octreotide, ticlopidine

          -  Hypersensitivity to Doxil or cyclosporin A

          -  Any patient, who, in the judgment of the investigator, may not be able to complete
             this study.
      </textblock>
    </criteria>
    <gender>All</gender>
    <minimum_age>18 Years</minimum_age>
    <maximum_age>N/A</maximum_age>
    <healthy_volunteers>No</healthy_volunteers>
  </eligibility>
  <overall_official>
    <last_name>Paula M. Fracasso, MD, PhD</last_name>
    <role>Principal Investigator</role>
    <affiliation>Washington University School of Medicine</affiliation>
  </overall_official>
  <location>
    <facility>
      <name>Washington University School of Medicine</name>
      <address>
        <city>Saint Louis</city>
        <state>Missouri</state>
        <zip>63110</zip>
        <country>United States</country>
      </address>
    </facility>
  </location>
  <location_countries>
    <country>United States</country>
  </location_countries>
  <verification_date>April 2013</verification_date>
  <study_first_submitted>November 1, 1999</study_first_submitted>
  <study_first_submitted_qc>February 13, 2004</study_first_submitted_qc>
  <study_first_posted type="Estimate">February 16, 2004</study_first_posted>
  <last_update_submitted>April 11, 2013</last_update_submitted>
  <last_update_submitted_qc>April 11, 2013</last_update_submitted_qc>
  <last_update_posted type="Estimate">April 12, 2013</last_update_posted>
  <responsible_party>
    <responsible_party_type>Sponsor</responsible_party_type>
  </responsible_party>
  <keyword>unspecified adult solid tumor, protocol specific</keyword>
  <keyword>AIDS-related Kaposi sarcoma</keyword>
  <keyword>recurrent Kaposi sarcoma</keyword>
  <condition_browse>
    <!-- CAUTION:  The following MeSH terms are assigned with an imperfect algorithm            -->
    <mesh_term>Sarcoma, Kaposi</mesh_term>
    <mesh_term>Sarcoma</mesh_term>
  </condition_browse>
  <intervention_browse>
    <!-- CAUTION:  The following MeSH terms are assigned with an imperfect algorithm            -->
    <mesh_term>Doxorubicin</mesh_term>
    <mesh_term>Liposomal doxorubicin</mesh_term>
  </intervention_browse>
  <!-- Results have not yet been posted for this study                                          -->
</clinical_study>

