<clinical_study>
  <!-- This xml conforms to an XML Schema at:
    https://clinicaltrials.gov/ct2/html/images/info/public.xsd -->
  <required_header>
    <download_date>ClinicalTrials.gov processed this data on July 31, 2020</download_date>
    <link_text>Link to the current ClinicalTrials.gov record.</link_text>
    <url>https://clinicaltrials.gov/show/NCT00002516</url>
  </required_header>
  <id_info>
    <org_study_id>CDR0000078196</org_study_id>
    <secondary_id>GER-GPOH-EICESS-92</secondary_id>
    <secondary_id>MRC-EICESS-92</secondary_id>
    <secondary_id>EU-92030</secondary_id>
    <secondary_id>EU-205116</secondary_id>
    <secondary_id>UKCCSG-ET1993-02</secondary_id>
    <nct_id>NCT00002516</nct_id>
  </id_info>
  <brief_title>Combination Chemotherapy Plus Surgery and Radiation Therapy in Treating Patients With Ewing's Sarcoma</brief_title>
  <official_title>EUROPEAN INTERGROUP COOPERATIVE EWING'S SARCOMA STUDY [EICESS 92]</official_title>
  <sponsors>
    <lead_sponsor>
      <agency>University Hospital Muenster</agency>
      <agency_class>Other</agency_class>
    </lead_sponsor>
    <collaborator>
      <agency>Medical Research Council</agency>
      <agency_class>Other</agency_class>
    </collaborator>
  </sponsors>
  <source>National Cancer Institute (NCI)</source>
  <brief_summary>
    <textblock>
      RATIONALE: Drugs used in chemotherapy use different ways to stop tumor cells from dividing so
      they stop growing or die. Radiation therapy uses high-energy x-rays to damage tumor cells.
      Combining more than one drug with surgery and radiation therapy may kill more tumor cells. It
      is not yet known which combination chemotherapy regimen is most effective in treating
      patients with Ewing's sarcoma.

      PURPOSE: Randomized phase III trial to compare various combination chemotherapy regimens plus
      surgery and radiation therapy in treating patients who have Ewing's sarcoma.
    </textblock>
  </brief_summary>
  <detailed_description>
    <textblock>
      OBJECTIVES: I. Determine whether morbidity can be reduced while preserving survival by
      substituting cyclophosphamide for ifosfamide in adjuvant combination chemotherapy in
      standard-risk patients with Ewing's sarcoma or peripheral neuroectodermal tumor (PNET). II.
      Determine whether survival is improved without unacceptable toxicity for high-risk patients
      with Ewing's sarcoma or PNET by the addition of etoposide to the VAIA regimen
      (vincristine/doxorubicin/ifosfamide/dactinomycin). III. Evaluate the impact of surgery and
      conventional vs. hyperfractionated radiotherapy (definitive and adjuvant) on local control,
      overall survival, and morbidity in these patients. IV. Relate treatment outcome with patient
      characteristics, histologic subtype at diagnosis, and histologic response to neoadjuvant
      treatment. V. Evaluate prospectively ifosfamide-induced nephrotoxicity and
      doxorubicin-induced cardiotoxicity.

      OUTLINE: Randomized study. Patients are initially stratified as STANDARD RISK (tumor volume
      at diagnosis &lt; 100 ml) and HIGH RISK (tumor volume at diagnosis at least 100 ml or, if &lt; 100
      ml, metastasis present). All patients receive 14 courses of chemotherapy, administered q 3
      weeks throughout protocol treatment. Standard-risk patients receive 4 courses of NEOADJUVANT
      CHEMOTHERAPY on Regimen A, while high-risk patients are randomized on Arms I and II for 4
      courses of neoadjuvant chemotherapy. LOCAL THERAPY is usually initiated on week 12, after 4
      courses of neoadjuvant chemotherapy, and consists of either total removal of the
      tumor-bearing compartment, intracompartmental surgery (with or without adjuvant
      radiotherapy), or definitive radiotherapy alone; the choice is dictated by the site, tumor
      size, and patient age, among other variables. Postoperatively, all patients receive 10
      courses of ADJUVANT CHEMOTHERAPY (plus adjuvant radiotherapy when given); standard-risk
      patients are randomized on Arms III and IV, while high-risk patients receive the same regimen
      to which they were assigned at initial randomization. When given, adjuvant radiotherapy
      begins on week 19 and is administered concurrently with chemotherapy. As a variant of this
      general plan, patients with &lt; 50% regression of the soft tissue component of their tumors at
      restaging after 2 courses of neoadjuvant chemotherapy (slow response) may receive
      preoperative irradiation, beginning on week 7, concomitantly with the third and fourth
      courses of chemotherapy. The following acronyms are used: CTX Cyclophosphamide, NSC-26271
      DACT Dactinomycin, NSC-3053 DOX Doxorubicin, NSC-123127 IFF Ifosfamide, NSC-109724 Mesna
      Mercaptoethane sulfonate, NSC-113891 VCR Vincristine, NSC-67574 VP-16 Etoposide, NSC-141540
      NEOADJUVANT CHEMOTHERAPY. Regimen A (Standard risk): Alternating 3-Drug Combination
      Chemotherapy Regimens. VAIA: VCR/DOX/IFF alternating with VCR/DACT/IFF. Arm I (High risk):
      Alternating 3-Drug Combination Chemotherapy Regimens. VAIA: VCR/DOX/IFF alternating with
      VCR/DACT/IFF. Arm II (High-risk): Alternating 4-Drug Combination Chemotherapy Regimens.
      EVAIA: VP-16/VCR/DOX/IFF alternating with VP-16/VCR/DACT/IFF. LOCAL THERAPY. Surgery:
      Resection of entire tumor-bearing compartment, including bone and soft tissue, when possible,
      is the treatment of choice. The range of possible surgical procedures includes: radical
      resection (e.g., amputation), wide resection (en bloc removal of the entire tumor-bearing
      compartment), marginal surgery (en bloc removal, but resection line runs through
      pseudocapsule and microscopic residual disease is likely), intralesional resection (tumor
      incised with contamination of surgical field), and no resection. Radiotherapy: There are 3
      settings in which radiotherapy is delivered in these patients: as definitive treatment when
      definitive surgery is not feasible, as postoperative adjuvant treatment, and preoperatively
      in patients with a slow response to neoadjuvant chemotherapy. Patients who are to receive
      definitive and postoperative adjuvant treatment are randomized between conventional
      fractionation and hyperfractionated accelerated split-course delivery; individuals receiving
      preoperative irradiation are not randomized for radiotherapy schedule but are assigned
      nonrandomly to receive the hyperfractionated accelerated split-course scheme (conventional
      fractionation requires that DOX and DACT be eliminated from concomitant chemotherapy, whereas
      these agents can be continued during the hyperfractionated schedule). Individual institutions
      may elect not to randomize for the radiotherapy fractionation scheme, i.e., to treat all
      patients on one schedule or the other; in such institutions, all patients must follow the
      same scheme, decided upon prior to treatment of the first patient. Use of photons with
      energies of 4-6 MV (including Co60) is recommended for extremity lesions, and 6-15 MV
      energies are recommended for trunk lesions; electrons may be considered for small superficial
      boosts, but are not adequate as a sole modality. ADJUVANT THERAPY. Arm III (Standard risk):
      Alternating 3-Drug Combination Chemotherapy Regimens. VACA: VCR/DOX/CTX alternating with
      VCR/DACT/CTX. Arm IV (Standard risk): Alternating 3-Drug Combination Chemotherapy Regimens.
      VAIA: VCR/DOX/IFF alternating with VCR/DACT/IFF. High-risk patients continue with 10
      additional courses of VAIA or EVAIA according to original randomization. Adjuvant
      Radiotherapy, when administered, begins on week 19, and is given concomitantly with
      chemotherapy.

      PROJECTED ACCRUAL: It is anticipated that 600 patients (200 standard-risk and 400 high-risk)
      will be accrued over 4 years.
    </textblock>
  </detailed_description>
  <overall_status>Unknown status</overall_status>
  <last_known_status>Active, not recruiting</last_known_status>
  <start_date>July 1992</start_date>
  <phase>Phase 3</phase>
  <study_type>Interventional</study_type>
  <has_expanded_access>No</has_expanded_access>
  <study_design_info>
    <primary_purpose>Treatment</primary_purpose>
  </study_design_info>
  <condition>Sarcoma</condition>
  <intervention>
    <intervention_type>Biological</intervention_type>
    <intervention_name>dactinomycin</intervention_name>
  </intervention>
  <intervention>
    <intervention_type>Drug</intervention_type>
    <intervention_name>cyclophosphamide</intervention_name>
  </intervention>
  <intervention>
    <intervention_type>Drug</intervention_type>
    <intervention_name>doxorubicin hydrochloride</intervention_name>
  </intervention>
  <intervention>
    <intervention_type>Drug</intervention_type>
    <intervention_name>etoposide</intervention_name>
  </intervention>
  <intervention>
    <intervention_type>Drug</intervention_type>
    <intervention_name>ifosfamide</intervention_name>
  </intervention>
  <intervention>
    <intervention_type>Drug</intervention_type>
    <intervention_name>mesna</intervention_name>
  </intervention>
  <intervention>
    <intervention_type>Drug</intervention_type>
    <intervention_name>vincristine sulfate</intervention_name>
  </intervention>
  <intervention>
    <intervention_type>Procedure</intervention_type>
    <intervention_name>conventional surgery</intervention_name>
  </intervention>
  <intervention>
    <intervention_type>Radiation</intervention_type>
    <intervention_name>low-LET cobalt-60 gamma ray therapy</intervention_name>
  </intervention>
  <intervention>
    <intervention_type>Radiation</intervention_type>
    <intervention_name>low-LET photon therapy</intervention_name>
  </intervention>
  <eligibility>
    <criteria>
      <textblock>
        DISEASE CHARACTERISTICS: Biopsy-proven Ewing's sarcoma, atypical Ewing's sarcoma, and
        peripheral neuroectodermal tumors No soft tissue Ewing's sarcoma or other small cell
        sarcomas of soft tissue Such patients should be treated on the appropriate national Soft
        Tissue Sarcoma Protocol Treatment must begin within 3 weeks after diagnostic biopsy
        Registration must occur within 6 weeks after initiation of treatment

        PATIENT CHARACTERISTICS: Age: Not over 35

        PRIOR CONCURRENT THERAPY: No prior therapy, including primary definitive local therapy
      </textblock>
    </criteria>
    <gender>All</gender>
    <minimum_age>N/A</minimum_age>
    <maximum_age>35 Years</maximum_age>
    <healthy_volunteers>No</healthy_volunteers>
  </eligibility>
  <overall_official>
    <last_name>Heribert F. Juergens, MD</last_name>
    <role>Study Chair</role>
    <affiliation>University Hospital Muenster</affiliation>
  </overall_official>
  <overall_official>
    <last_name>Alan W. Craft, MD</last_name>
    <role>Study Chair</role>
    <affiliation>Newcastle-upon-Tyne Hospitals NHS Trust</affiliation>
  </overall_official>
  <location>
    <facility>
      <name>Royal Victoria Infirmary</name>
      <address>
        <city>Newcastle-upon-Tyne</city>
        <state>England</state>
        <zip>NE1 4LP</zip>
        <country>United Kingdom</country>
      </address>
    </facility>
  </location>
  <location_countries>
    <country>United Kingdom</country>
  </location_countries>
  <reference>
    <citation>Dunst J, Jürgens H, Sauer R, Pape H, Paulussen M, Winkelmann W, Rübe C. Radiation therapy in Ewing's sarcoma: an update of the CESS 86 trial. Int J Radiat Oncol Biol Phys. 1995 Jul 15;32(4):919-30.</citation>
    <PMID>7607966</PMID>
  </reference>
  <reference>
    <citation>Nowak-Göttl U, Schaudin E, Hoffmann C, Eckhoff-Donovan S, Mertes N, Winkelmann W, Jürgens H. Intraoperative clotting factor dilution and activated hemostasis in children with Ewing's sarcoma or osteosarcoma: a prospective longitudinal study. Haematologica. 1995 Jul-Aug;80(4):311-7.</citation>
    <PMID>7590499</PMID>
  </reference>
  <reference>
    <citation>Zoubek A, Dockhorn-Dworniczak B, Delattre O, Christiansen H, Niggli F, Gatterer-Menz I, Smith TL, Jürgens H, Gadner H, Kovar H. Does expression of different EWS chimeric transcripts define clinically distinct risk groups of Ewing tumor patients? J Clin Oncol. 1996 Apr;14(4):1245-51.</citation>
    <PMID>8648380</PMID>
  </reference>
  <reference>
    <citation>Boos J, Krümpelmann S, Schulze-Westhoff P, Euting T, Berthold F, Jürgens H. Steady-state levels and bone marrow toxicity of etoposide in children and infants: does etoposide require age-dependent dose calculation? J Clin Oncol. 1995 Dec;13(12):2954-60.</citation>
    <PMID>8523060</PMID>
  </reference>
  <reference>
    <citation>Dunst J, Jabar S, Paulussen M, Jürgens H. [Local therapy of Ewing sarcoma: radiotherapy aspects]. Klin Padiatr. 1994 Jul-Aug;206(4):277-81. German.</citation>
    <PMID>7967424</PMID>
  </reference>
  <reference>
    <citation>Hoffmann C, Jabar S, Ahrens S, Rödl R, Rübe C, Winkelmann W, Dunst J, Jürgens H. [Prognosis in Ewing sarcoma patients with initial pathological fractures of the primary tumor site]. Klin Padiatr. 1995 Jul-Aug;207(4):151-7. German.</citation>
    <PMID>7564145</PMID>
  </reference>
  <reference>
    <citation>Nowak-Göttl U, Kehrel B, Budde U, Hoffmann C, Winkelmann W, Jürgens H. Acquired von Willebrand disease in malignant peripheral neuroectodermal tumor (PNET). Med Pediatr Oncol. 1995 Aug;25(2):117-8.</citation>
    <PMID>7603396</PMID>
  </reference>
  <reference>
    <citation>Ozaki T, Lindner N, Hoffmann C, Hillmann A, Rödl R, Blasius S, Link T, Winkelmann W, Jürgens H. Ewing's sarcoma of the ribs. A report from the cooperative Ewing's sarcoma study. Eur J Cancer. 1995 Dec;31A(13-14):2284-8.</citation>
    <PMID>8652257</PMID>
  </reference>
  <reference>
    <citation>Dockhorn-Dworniczak B, Schäfer KL, Dantcheva R, Blasius S, Winkelmann W, Strehl S, Burdach S, van Valen F, Jürgens H, Böcker W. Diagnostic value of the molecular genetic detection of the t(11;22) translocation in Ewing's tumours. Virchows Arch. 1994;425(2):107-12.</citation>
    <PMID>7524975</PMID>
  </reference>
  <reference>
    <citation>Jürgens HF. Ewing's sarcoma and peripheral primitive neuroectodermal tumor. Curr Opin Oncol. 1994 Jul;6(4):391-6. Review.</citation>
    <PMID>7803540</PMID>
  </reference>
  <reference>
    <citation>Shi LR, Eichelbauer D, Borchard F, Jürgens H, Göbel U, Schneider EM. Specificity and function of monoclonal antibodies directed against Ewing sarcoma cells. Cancer Immunol Immunother. 1994 Mar;38(3):208-13.</citation>
    <PMID>8124690</PMID>
  </reference>
  <results_reference>
    <citation>Sari N, Toğral G, Cetindağ MF, Güngör BS, Ilhan IE. Treatment results of the Ewing sarcoma of bone and prognostic factors. Pediatr Blood Cancer. 2010 Jan;54(1):19-24. doi: 10.1002/pbc.22278.</citation>
    <PMID>19760772</PMID>
  </results_reference>
  <results_reference>
    <citation>Paulussen M, Craft AW, Lewis I, Hackshaw A, Douglas C, Dunst J, Schuck A, Winkelmann W, Köhler G, Poremba C, Zoubek A, Ladenstein R, van den Berg H, Hunold A, Cassoni A, Spooner D, Grimer R, Whelan J, McTiernan A, Jürgens H; European Intergroup Cooperative Ewing's Sarcoma Study-92. Results of the EICESS-92 Study: two randomized trials of Ewing's sarcoma treatment--cyclophosphamide compared with ifosfamide in standard-risk patients and assessment of benefit of etoposide added to standard treatment in high-risk patients. J Clin Oncol. 2008 Sep 20;26(27):4385-93. doi: 10.1200/JCO.2008.16.5720.</citation>
    <PMID>18802150</PMID>
  </results_reference>
  <results_reference>
    <citation>Whelan J, McTiernan A, Weston C, et al.: Consequences of different approaches to local treatment of Ewing's sarcoma within an international randomised controlled trial: analysis of EICESS-92. [Abstract] J Clin Oncol 24 (Suppl 18): A-9533, 528s, 2006.</citation>
  </results_reference>
  <results_reference>
    <citation>Paulussen M, Craft AW, Lewis I, et al.: Ewing tumor of bone - updated report of the European Intergroup Cooperative Ewing's Sarcoma Study EICESS 92. [Abstract] Proceedings of the American Society of Clinical Oncology 21: A-1568, 2002.</citation>
  </results_reference>
  <verification_date>January 2010</verification_date>
  <study_first_submitted>November 1, 1999</study_first_submitted>
  <study_first_submitted_qc>May 4, 2004</study_first_submitted_qc>
  <study_first_posted type="Estimate">May 5, 2004</study_first_posted>
  <last_update_submitted>September 16, 2013</last_update_submitted>
  <last_update_submitted_qc>September 16, 2013</last_update_submitted_qc>
  <last_update_posted type="Estimate">September 17, 2013</last_update_posted>
  <keyword>localized Ewing sarcoma/peripheral primitive neuroectodermal tumor</keyword>
  <keyword>metastatic Ewing sarcoma/peripheral primitive neuroectodermal tumor</keyword>
  <condition_browse>
    <!-- CAUTION:  The following MeSH terms are assigned with an imperfect algorithm            -->
    <mesh_term>Sarcoma</mesh_term>
    <mesh_term>Sarcoma, Ewing</mesh_term>
  </condition_browse>
  <intervention_browse>
    <!-- CAUTION:  The following MeSH terms are assigned with an imperfect algorithm            -->
    <mesh_term>Cobalt</mesh_term>
    <mesh_term>Dactinomycin</mesh_term>
    <mesh_term>Cyclophosphamide</mesh_term>
    <mesh_term>Ifosfamide</mesh_term>
    <mesh_term>Doxorubicin</mesh_term>
    <mesh_term>Liposomal doxorubicin</mesh_term>
    <mesh_term>Etoposide</mesh_term>
    <mesh_term>Vincristine</mesh_term>
  </intervention_browse>
  <!-- Results have not yet been posted for this study                                          -->
</clinical_study>

