<clinical_study>
  <!-- This xml conforms to an XML Schema at:
    https://clinicaltrials.gov/ct2/html/images/info/public.xsd -->
  <required_header>
    <download_date>ClinicalTrials.gov processed this data on July 31, 2020</download_date>
    <link_text>Link to the current ClinicalTrials.gov record.</link_text>
    <url>https://clinicaltrials.gov/show/NCT00000330</url>
  </required_header>
  <id_info>
    <org_study_id>NIDA-11160-5</org_study_id>
    <secondary_id>R01DA011160</secondary_id>
    <secondary_id>R01-11160-5</secondary_id>
    <nct_id>NCT00000330</nct_id>
  </id_info>
  <brief_title>Buprenorphine/Naloxone Treatment for Opioid Dependence-Experiment II-2 - 5</brief_title>
  <official_title>Buprenorphine/Naloxone Treatment for Opioid Dependence-Experiment II-2</official_title>
  <sponsors>
    <lead_sponsor>
      <agency>University of Colorado, Denver</agency>
      <agency_class>Other</agency_class>
    </lead_sponsor>
    <collaborator>
      <agency>National Institute on Drug Abuse (NIDA)</agency>
      <agency_class>NIH</agency_class>
    </collaborator>
  </sponsors>
  <source>University of Colorado, Denver</source>
  <brief_summary>
    <textblock>
      The purpose of this study is to assess the abuse liability and reinforcing effects of
      intravenous buprenorphine and buprenorphine/naloxone combinations in heroin-dependent
      volunteers
    </textblock>
  </brief_summary>
  <detailed_description>
    <textblock>
      not available at this time
    </textblock>
  </detailed_description>
  <overall_status>Withdrawn</overall_status>
  <start_date>October 1999</start_date>
  <completion_date type="Actual">November 1999</completion_date>
  <primary_completion_date type="Actual">November 1999</primary_completion_date>
  <phase>Phase 2</phase>
  <study_type>Interventional</study_type>
  <has_expanded_access>No</has_expanded_access>
  <study_design_info>
    <primary_purpose>Treatment</primary_purpose>
    <masking>Double</masking>
  </study_design_info>
  <primary_outcome>
    <measure>Subjective dose estimate</measure>
  </primary_outcome>
  <primary_outcome>
    <measure>Observed withdrawal rating</measure>
  </primary_outcome>
  <primary_outcome>
    <measure>Opioid antagonist rating</measure>
  </primary_outcome>
  <primary_outcome>
    <measure>Pupil diameter</measure>
  </primary_outcome>
  <primary_outcome>
    <measure>Analog rating scale for drug effects</measure>
  </primary_outcome>
  <primary_outcome>
    <measure>Drug effect characteristics</measure>
  </primary_outcome>
  <primary_outcome>
    <measure>Drug/Money Preferences</measure>
  </primary_outcome>
  <enrollment type="Actual">0</enrollment>
  <condition>Heroin Dependence</condition>
  <condition>Opioid-Related Disorders</condition>
  <intervention>
    <intervention_type>Drug</intervention_type>
    <intervention_name>Opioid-Related Disorders</intervention_name>
  </intervention>
  <eligibility>
    <criteria>
      <textblock>
        Inclusion Criteria:

        Individuals must be at least 18 yrs of age, currently opioid dependent and must not be
        seeking treatment. Co-morbid substance abuse or dependence disorders may also be present.
        Individuals must be healthy despite drug dependency and have a history of IV opioid use.

        Exclusion Criteria:

        Individuals with evidence of an active Diagnostic and Statistical Manual of Mental
        Disorders (DSM-IV) Axis I psychiatric disorder (e.g. psychosis, manic-depressive illness,
        organic psychiatric disorders), significant medical illness (e.g. liver or cardiovascular
        disease) or pregnant female subjects are excluded from study participation.
      </textblock>
    </criteria>
    <gender>All</gender>
    <minimum_age>18 Years</minimum_age>
    <maximum_age>65 Years</maximum_age>
    <healthy_volunteers>No</healthy_volunteers>
  </eligibility>
  <overall_official>
    <last_name>Leslie Amass, Ph.D.</last_name>
    <role>Principal Investigator</role>
    <affiliation>University of Colorado, Denver</affiliation>
  </overall_official>
  <location>
    <facility>
      <name>University of Colorado Health Sciences Center</name>
      <address>
        <city>Denver</city>
        <state>Colorado</state>
        <zip>80206</zip>
        <country>United States</country>
      </address>
    </facility>
  </location>
  <location_countries>
    <country>United States</country>
  </location_countries>
  <verification_date>May 2017</verification_date>
  <study_first_submitted>September 20, 1999</study_first_submitted>
  <study_first_submitted_qc>September 20, 1999</study_first_submitted_qc>
  <study_first_posted type="Estimate">September 21, 1999</study_first_posted>
  <last_update_submitted>May 2, 2017</last_update_submitted>
  <last_update_submitted_qc>May 2, 2017</last_update_submitted_qc>
  <last_update_posted type="Actual">May 4, 2017</last_update_posted>
  <responsible_party>
    <responsible_party_type>Sponsor</responsible_party_type>
  </responsible_party>
  <keyword>Heroin Dependence</keyword>
  <condition_browse>
    <!-- CAUTION:  The following MeSH terms are assigned with an imperfect algorithm            -->
    <mesh_term>Opioid-Related Disorders</mesh_term>
    <mesh_term>Heroin Dependence</mesh_term>
  </condition_browse>
  <intervention_browse>
    <!-- CAUTION:  The following MeSH terms are assigned with an imperfect algorithm            -->
    <mesh_term>Analgesics, Opioid</mesh_term>
  </intervention_browse>
  <!-- Results have not yet been posted for this study                                          -->
</clinical_study>

