<clinical_study>
  <!-- This xml conforms to an XML Schema at:
    https://clinicaltrials.gov/ct2/html/images/info/public.xsd -->
  <required_header>
    <download_date>ClinicalTrials.gov processed this data on July 31, 2020</download_date>
    <link_text>Link to the current ClinicalTrials.gov record.</link_text>
    <url>https://clinicaltrials.gov/show/NCT00002373</url>
  </required_header>
  <id_info>
    <org_study_id>263A</org_study_id>
    <secondary_id>CMAA1003</secondary_id>
    <nct_id>NCT00002373</nct_id>
  </id_info>
  <brief_title>The Safety and Effectiveness of Different Dose Levels of 1263W94 in the Treatment of Cytomegalovirus (CMV) of the Eyes in HIV-Infected Patients</brief_title>
  <official_title>A Phase I/II Trial to Evaluate the Tolerability, Anti-CMV Activity and Pharmacokinetics of 1263W94 Following Multiple Oral Administration of Escalating Doses in HIV-Infected Patients With Asymptomatic CMV Shedding</official_title>
  <sponsors>
    <lead_sponsor>
      <agency>Glaxo Wellcome</agency>
      <agency_class>Industry</agency_class>
    </lead_sponsor>
  </sponsors>
  <source>NIH AIDS Clinical Trials Information Service</source>
  <brief_summary>
    <textblock>
      To evaluate the safety and tolerability of multiple escalating doses of 1263W94 administered
      orally for 28 days in HIV infected patients with asymptomatic CMV shedding. To obtain
      preliminary evidence of the in vivo anti CMV activity of different doses of 1263W94 in humans
      based on quantitative reduction of CMV load in semen and if possible in other biological
      fluids and to explore the dose response relationship in the anti-CMV activity of 1263W94.
    </textblock>
  </brief_summary>
  <detailed_description>
    <textblock>
      HIV seropositive men stratified based on CMV titer in semen at the Pre-Screen visit (30 days
      prior to entry). Patients with a CMV titer &gt;= 5000 PFU/ml and a positive result upon
      qualitative urine CMV culture may be eligible for entry into the main group and patients with
      a CMV titer &lt; 5000 PFU/ml may be eligible for entry into the satellite group. Patients will
      on 1263W94 for 4 weeks. Patients will be present for clinic visits on study days 1, 7, 14,
      21, and 28. They will return to the clinic for post treatment evaluations on study days 42
      and 56.
    </textblock>
  </detailed_description>
  <overall_status>Completed</overall_status>
  <phase>Phase 1</phase>
  <study_type>Interventional</study_type>
  <has_expanded_access>No</has_expanded_access>
  <study_design_info>
    <intervention_model>Parallel Assignment</intervention_model>
    <primary_purpose>Treatment</primary_purpose>
  </study_design_info>
  <enrollment>56</enrollment>
  <condition>Cytomegalovirus Infections</condition>
  <condition>HIV Infections</condition>
  <intervention>
    <intervention_type>Drug</intervention_type>
    <intervention_name>Maribavir</intervention_name>
  </intervention>
  <eligibility>
    <criteria>
      <textblock>
        Inclusion Criteria

        Concurrent Medication:

        Allowed:

        Stable, chronically administered concomitant therapy for HIV infection and opportunistic
        diseases if patient has been on the regimen for at least one month prior to study entry.

        Patients must have:

        Required of Main group:

          -  Minimum CMV titer of 5000 PFU/ml in semen by quantitative CMV culture on one occasion
             within 30 days of entry.

          -  Demonstrating positive result of qualitative CMV culture in urine on one occasion
             within 30 days of entry.

        Required of Satellite group:

          -  Must have CD4+ &lt; 150 c/mm3 (or 10% of total lymphocytes) at screen.

        Required of both groups:

          -  HIV infection.

          -  Life expectancy &gt; 6 months.

          -  Able to comply with protocol requirements/instructions and likely to complete all
             study visits and evaluations as planned.

        Prior Medication:

        Allowed:

        Stable, chronically administered concomitant therapy for HIV infection and opportunistic
        diseases for at least one month prior.

        Exclusion Criteria

        Co-existing Condition:

        Patients with any of the following symptoms or conditions are excluded:

          -  Active CMV disease (retinitis, colitis, encephalitis, pneumonitis, etc.).

          -  Visual symptoms or signs suggestive of CMV disease (e.g., floaters, visual field
             defects, decreased visual acuity); Unless CMV disease is excluded via ophthalmoscopy
             examination.

          -  Active hepatitis, obstructive hepatobiliary diseases or cirrhosis.

          -  Gastrointestinal disorders which, in the judgement of the investigator, might
             interfere with oral dosing and drug absorption or may be indicative of CMV disease
             e.g., chronic nausea or vomiting, active bowel disease or persistent diarrhea.

          -  Diagnosis of chronic diseases such as diabetes or hypoglycemia, epilepsy, ongoing
             Grade II peripheral neuropathy, congestive heart failure, cardiomyopathy, other organ
             dysfunctions, etc., which in the opinion of the investigator, would compromise the
             safety or compliance of the patient.

          -  Participation in other investigational trials.

          -  Patients who are so debilitated as a result of their HIV disease or associated illness
             or therapies such that, in the investigator's opinion, the condition may interfere
             with the study assessments or the patient's ability to complete the entire study per
             protocol requirements.

        Concurrent Medication:

        Excluded:

        Systemic therapy for visceral malignancy.

        Concurrent Treatment:

        Excluded:

        Treatment with radiation therapy for visceral malignancy.

        Patients with any of the following prior symptoms or conditions are excluded:

          -  History of CMV disease (such as retinitis, colitis, encephalitis, pneumonitis, etc.)

          -  Known history of lactose intolerance.

        Prior Medication:

        Excluded:

          -  Systemic therapy for visceral malignancy within 2 months prior to entry.

          -  Prior treatment with ganciclovir, foscarnet, cidofovir, or other investigational
             anti-CMV drugs (e.g., intravenous acyclovir, lobucavir, valacyclovir) within 2 months
             prior to entry.

          -  Treated with interferons, immunomodulators or CMV hyperimmune globulin within 1 month
             prior to entry.

          -  Any investigational therapies within 1 month prior of study entry.

        Prior Treatment:

        Excluded:

          -  Treatment with radiation therapy for visceral malignancy within 2 months prior to
             entry.

          -  Treatment with any investigational treatments within 1 month of study entry.
      </textblock>
    </criteria>
    <gender>Male</gender>
    <minimum_age>18 Years</minimum_age>
    <maximum_age>N/A</maximum_age>
    <healthy_volunteers>No</healthy_volunteers>
  </eligibility>
  <location>
    <facility>
      <name>Univ of California/ San Francisco / Dept of Medicine</name>
      <address>
        <city>San Francisco</city>
        <state>California</state>
        <zip>94110</zip>
        <country>United States</country>
      </address>
    </facility>
  </location>
  <location>
    <facility>
      <name>Dr Jacob Lalezari</name>
      <address>
        <city>San Francisco</city>
        <state>California</state>
        <zip>94115</zip>
        <country>United States</country>
      </address>
    </facility>
  </location>
  <location_countries>
    <country>United States</country>
  </location_countries>
  <verification_date>November 1998</verification_date>
  <study_first_submitted>November 2, 1999</study_first_submitted>
  <study_first_submitted_qc>August 30, 2001</study_first_submitted_qc>
  <study_first_posted type="Estimate">August 31, 2001</study_first_posted>
  <last_update_submitted>June 23, 2005</last_update_submitted>
  <last_update_submitted_qc>June 23, 2005</last_update_submitted_qc>
  <last_update_posted type="Estimate">June 24, 2005</last_update_posted>
  <keyword>Cytomegalovirus</keyword>
  <keyword>Cytomegalovirus Infections</keyword>
  <keyword>Administration, Oral</keyword>
  <keyword>Acquired Immunodeficiency Syndrome</keyword>
  <keyword>Antiviral Agents</keyword>
  <keyword>Virus Shedding</keyword>
  <keyword>Viral Load</keyword>
  <condition_browse>
    <!-- CAUTION:  The following MeSH terms are assigned with an imperfect algorithm            -->
    <mesh_term>Infection</mesh_term>
    <mesh_term>Communicable Diseases</mesh_term>
    <mesh_term>Cytomegalovirus Infections</mesh_term>
  </condition_browse>
  <intervention_browse>
    <!-- CAUTION:  The following MeSH terms are assigned with an imperfect algorithm            -->
    <mesh_term>Maribavir</mesh_term>
  </intervention_browse>
  <!-- Results have not yet been posted for this study                                          -->
</clinical_study>

