<clinical_study>
  <!-- This xml conforms to an XML Schema at:
    https://clinicaltrials.gov/ct2/html/images/info/public.xsd -->
  <required_header>
    <download_date>ClinicalTrials.gov processed this data on July 31, 2020</download_date>
    <link_text>Link to the current ClinicalTrials.gov record.</link_text>
    <url>https://clinicaltrials.gov/show/NCT00000907</url>
  </required_header>
  <id_info>
    <org_study_id>ACTG 393</org_study_id>
    <secondary_id>AACTG 393</secondary_id>
    <nct_id>NCT00000907</nct_id>
  </id_info>
  <brief_title>A Study to Examine the Effects of Stopping Preventive Therapy for Disseminated Mycobacterium Avium Complex (DMAC) in HIV-Positive Patients</brief_title>
  <official_title>A Study of Discontinuing Maintenance Therapy in Subjects With Disseminated Mycobacterium Avium Complex (DMAC)</official_title>
  <sponsors>
    <lead_sponsor>
      <agency>National Institute of Allergy and Infectious Diseases (NIAID)</agency>
      <agency_class>NIH</agency_class>
    </lead_sponsor>
  </sponsors>
  <source>National Institute of Allergy and Infectious Diseases (NIAID)</source>
  <brief_summary>
    <textblock>
      The purpose of this study is to evaluate the effects of stopping preventive therapy for DMAC
      in HIV-positive patients who (1) have been treated for DMAC for at least 12 months and are
      now free of any signs of DMAC for at least 16 weeks, and (2) have improved immune systems
      (CD4 cell counts greater than or equal to 100 cells/mm3) due to anti-HIV drug therapy.

      DMAC is a serious and sometimes life-threatening infection that usually affects only
      HIV-positive patients with CD4 cell counts (cells of the immune system that fight infection)
      less than 50 cells/mm3. It is recommended that people who are likely to get DMAC be placed on
      preventive medications which help reduce the risk of infection. New anti-HIV combination drug
      therapies can increase CD4 cell counts and can reduce the level of HIV in the blood. When CD4
      counts are increased, risk of DMAC infection is less. This study examines whether it is
      possible to stop preventive therapy for DMAC when CD4 counts are high without placing
      individuals at risk for getting DMAC again.
    </textblock>
  </brief_summary>
  <detailed_description>
    <textblock>
      A growing body of evidence suggests AIDS-related morbidity and mortality significantly
      decrease where potent antiretroviral therapies are used. HAART (highly active antiretroviral
      therapy) seems to significantly reduce the incidence of MAC. This study tests the validity of
      those observations.

      Peripheral blood cultures and bone marrow (aspirate) samples from 50 eligible patients
      previously diagnosed with disseminated Mycobacterium avium complex (DMAC) are assessed for
      microbiologic sterilization of MAC at the time of study entry. If either bone marrow or blood
      cultures test positive for MAC, patients are discontinued from study. If cultures prove
      sterile, patients receive 6 weeks of treatment and then discontinue MAC therapy at Week 6
      (entry into Step 2 of study). They are then monitored for clinical signs and symptoms of MAC
      recurrence and for the presence of mycobacteria in blood cultures. In cases of increased
      viral load during study, modification of antiretroviral therapy is allowed at the discretion
      of the patient's provider.
    </textblock>
  </detailed_description>
  <overall_status>Completed</overall_status>
  <study_type>Observational</study_type>
  <has_expanded_access>No</has_expanded_access>
  <enrollment>50</enrollment>
  <condition>Mycobacterium Avium-Intracellulare Infection</condition>
  <condition>HIV Infections</condition>
  <eligibility>
    <criteria>
      <textblock>
        Inclusion Criteria

        Patients may be eligible for this study if they:

          -  Are HIV-positive.

          -  Have 2 CD4 cell counts greater than or equal to 100 cells/mm3 within 60 days and 14
             days prior to entry. Measurements must be taken at least 24 hours apart.

          -  Have been treated for DMAC with a drug regimen including at least 2 antimycobacterial
             drugs for at least 12 months, and have been free of symptoms for at least 16 weeks
             prior to study entry.

          -  Have been on anti-HIV therapy for at least 16 weeks and have been on stable anti-HIV
             therapy for at least 8 weeks prior to study entry.

          -  Are at least 13 years old (need consent of parent or guardian if under 18).

        Exclusion Criteria

        Patients will not be eligible for this study if they:

          -  Have any active infection (unless they have been on stable chronic suppressive therapy
             for at least 3 months).

          -  Are pregnant.
      </textblock>
    </criteria>
    <gender>All</gender>
    <minimum_age>13 Years</minimum_age>
    <maximum_age>N/A</maximum_age>
    <healthy_volunteers>No</healthy_volunteers>
  </eligibility>
  <overall_official>
    <last_name>Judith Aberg</last_name>
    <role>Study Chair</role>
  </overall_official>
  <overall_official>
    <last_name>Judith Currier</last_name>
    <role>Study Chair</role>
  </overall_official>
  <location>
    <facility>
      <name>Univ of Southern California / LA County USC Med Ctr</name>
      <address>
        <city>Los Angeles</city>
        <state>California</state>
        <zip>900331079</zip>
        <country>United States</country>
      </address>
    </facility>
  </location>
  <location>
    <facility>
      <name>Willow Clinic</name>
      <address>
        <city>Menlo Park</city>
        <state>California</state>
        <zip>94025</zip>
        <country>United States</country>
      </address>
    </facility>
  </location>
  <location>
    <facility>
      <name>Univ of California / San Diego Treatment Ctr</name>
      <address>
        <city>San Diego</city>
        <state>California</state>
        <zip>921036325</zip>
        <country>United States</country>
      </address>
    </facility>
  </location>
  <location>
    <facility>
      <name>San Francisco AIDS Clinic / San Francisco Gen Hosp</name>
      <address>
        <city>San Francisco</city>
        <state>California</state>
        <zip>941102859</zip>
        <country>United States</country>
      </address>
    </facility>
  </location>
  <location>
    <facility>
      <name>San Francisco Gen Hosp</name>
      <address>
        <city>San Francisco</city>
        <state>California</state>
        <zip>941102859</zip>
        <country>United States</country>
      </address>
    </facility>
  </location>
  <location>
    <facility>
      <name>Santa Clara Valley Med Ctr / AIDS Community Rsch Consortium</name>
      <address>
        <city>San Jose</city>
        <state>California</state>
        <zip>951282699</zip>
        <country>United States</country>
      </address>
    </facility>
  </location>
  <location>
    <facility>
      <name>San Mateo AIDS Program / Stanford Univ</name>
      <address>
        <city>Stanford</city>
        <state>California</state>
        <zip>943055107</zip>
        <country>United States</country>
      </address>
    </facility>
  </location>
  <location>
    <facility>
      <name>Stanford Univ Med Ctr</name>
      <address>
        <city>Stanford</city>
        <state>California</state>
        <zip>943055107</zip>
        <country>United States</country>
      </address>
    </facility>
  </location>
  <location>
    <facility>
      <name>Univ of Colorado Health Sciences Ctr</name>
      <address>
        <city>Denver</city>
        <state>Colorado</state>
        <zip>80262</zip>
        <country>United States</country>
      </address>
    </facility>
  </location>
  <location>
    <facility>
      <name>Univ of Miami School of Medicine</name>
      <address>
        <city>Miami</city>
        <state>Florida</state>
        <zip>331361013</zip>
        <country>United States</country>
      </address>
    </facility>
  </location>
  <location>
    <facility>
      <name>Emory Univ</name>
      <address>
        <city>Atlanta</city>
        <state>Georgia</state>
        <zip>30308</zip>
        <country>United States</country>
      </address>
    </facility>
  </location>
  <location>
    <facility>
      <name>Univ of Hawaii</name>
      <address>
        <city>Honolulu</city>
        <state>Hawaii</state>
        <zip>96816</zip>
        <country>United States</country>
      </address>
    </facility>
  </location>
  <location>
    <facility>
      <name>Rush Presbyterian - Saint Luke's Med Ctr</name>
      <address>
        <city>Chicago</city>
        <state>Illinois</state>
        <zip>60612</zip>
        <country>United States</country>
      </address>
    </facility>
  </location>
  <location>
    <facility>
      <name>Indiana Univ Hosp</name>
      <address>
        <city>Indianapolis</city>
        <state>Indiana</state>
        <zip>462025250</zip>
        <country>United States</country>
      </address>
    </facility>
  </location>
  <location>
    <facility>
      <name>Division of Inf Diseases/ Indiana Univ Hosp</name>
      <address>
        <city>Indianapolis</city>
        <state>Indiana</state>
        <zip>46202</zip>
        <country>United States</country>
      </address>
    </facility>
  </location>
  <location>
    <facility>
      <name>Johns Hopkins Hosp</name>
      <address>
        <city>Baltimore</city>
        <state>Maryland</state>
        <zip>21287</zip>
        <country>United States</country>
      </address>
    </facility>
  </location>
  <location>
    <facility>
      <name>SUNY / Erie County Med Ctr at Buffalo</name>
      <address>
        <city>Buffalo</city>
        <state>New York</state>
        <zip>14215</zip>
        <country>United States</country>
      </address>
    </facility>
  </location>
  <location>
    <facility>
      <name>Beth Israel Med Ctr</name>
      <address>
        <city>New York</city>
        <state>New York</state>
        <zip>10003</zip>
        <country>United States</country>
      </address>
    </facility>
  </location>
  <location>
    <facility>
      <name>Bellevue Hosp / New York Univ Med Ctr</name>
      <address>
        <city>New York</city>
        <state>New York</state>
        <zip>10016</zip>
        <country>United States</country>
      </address>
    </facility>
  </location>
  <location>
    <facility>
      <name>Mount Sinai Med Ctr</name>
      <address>
        <city>New York</city>
        <state>New York</state>
        <zip>10029</zip>
        <country>United States</country>
      </address>
    </facility>
  </location>
  <location>
    <facility>
      <name>Univ of North Carolina</name>
      <address>
        <city>Chapel Hill</city>
        <state>North Carolina</state>
        <zip>275997215</zip>
        <country>United States</country>
      </address>
    </facility>
  </location>
  <location>
    <facility>
      <name>Univ of Cincinnati</name>
      <address>
        <city>Cincinnati</city>
        <state>Ohio</state>
        <zip>452670405</zip>
        <country>United States</country>
      </address>
    </facility>
  </location>
  <location>
    <facility>
      <name>Univ of Pennsylvania at Philadelphia</name>
      <address>
        <city>Philadelphia</city>
        <state>Pennsylvania</state>
        <zip>19104</zip>
        <country>United States</country>
      </address>
    </facility>
  </location>
  <location>
    <facility>
      <name>Julio Arroyo</name>
      <address>
        <city>West Columbia</city>
        <state>South Carolina</state>
        <zip>29169</zip>
        <country>United States</country>
      </address>
    </facility>
  </location>
  <location_countries>
    <country>United States</country>
  </location_countries>
  <reference>
    <citation>Aberg, C. A study of discontinuing maintenance therapy in subjects with disseminated Mycobacterium avium complex. Program and abstracts of the 9th Conference on Retroviruses and Opportunistic Infections. 9th Conference on Retroviruses and Opportunistic Infections. 2002, February 24-28; Seattle Washington (abstract no634)</citation>
  </reference>
  <reference>
    <citation>Aberg JA, Williams PL, Liu T, Lederman HM, Hafner R, Torriani FJ, Lennox JL, Dube MP, MacGregor RR, Currier JS; AIDS Clinical Trial Group 393 Study Team. A study of discontinuing maintenance therapy in human immunodeficiency virus-infected subjects with disseminated Mycobacterium avium complex: AIDS Clinical Trial Group 393 Study Team. J Infect Dis. 2003 Apr 1;187(7):1046-52. Epub 2003 Mar 14. Erratum in: J Infect Dis. 2003 Apr 15;187(8):1346.</citation>
    <PMID>12660918</PMID>
  </reference>
  <verification_date>June 2003</verification_date>
  <study_first_submitted>November 2, 1999</study_first_submitted>
  <study_first_submitted_qc>August 30, 2001</study_first_submitted_qc>
  <study_first_posted type="Estimate">August 31, 2001</study_first_posted>
  <last_update_submitted>July 29, 2008</last_update_submitted>
  <last_update_submitted_qc>July 29, 2008</last_update_submitted_qc>
  <last_update_posted type="Estimate">July 30, 2008</last_update_posted>
  <keyword>AIDS-Related Opportunistic Infections</keyword>
  <keyword>Mycobacterium avium-intracellulare Infection</keyword>
  <keyword>Immunity, Cellular</keyword>
  <keyword>Antibiotics, Macrolide</keyword>
  <keyword>Mycobacterium avium Complex</keyword>
  <keyword>CD4 Lymphocyte Count</keyword>
  <keyword>Disease Progression</keyword>
  <keyword>Anti-HIV Agents</keyword>
  <condition_browse>
    <!-- CAUTION:  The following MeSH terms are assigned with an imperfect algorithm            -->
    <mesh_term>Infection</mesh_term>
    <mesh_term>Communicable Diseases</mesh_term>
    <mesh_term>Mycobacterium Infections</mesh_term>
    <mesh_term>Mycobacterium avium-intracellulare Infection</mesh_term>
  </condition_browse>
  <!-- Results have not yet been posted for this study                                          -->
</clinical_study>

