<clinical_study>
  <!-- This xml conforms to an XML Schema at:
    https://clinicaltrials.gov/ct2/html/images/info/public.xsd -->
  <required_header>
    <download_date>ClinicalTrials.gov processed this data on July 31, 2020</download_date>
    <link_text>Link to the current ClinicalTrials.gov record.</link_text>
    <url>https://clinicaltrials.gov/show/NCT00002569</url>
  </required_header>
  <id_info>
    <org_study_id>RTOG-9402</org_study_id>
    <secondary_id>CDR0000063603</secondary_id>
    <secondary_id>CAN-NCIC-CE2</secondary_id>
    <secondary_id>E-R9402</secondary_id>
    <secondary_id>NCCTG-927252</secondary_id>
    <secondary_id>SWOG-9402</secondary_id>
    <secondary_id>INT-0149</secondary_id>
    <nct_id>NCT00002569</nct_id>
  </id_info>
  <brief_title>Radiation Therapy With or Without Chemotherapy in Treating Patients With Anaplastic Oligodendroglioma</brief_title>
  <official_title>Phase III Intergroup Randomized Comparison of Radiation Alone vs. Pre-Radiation Chemotherapy for Pure and Mixed Anaplastic Oligodendrogliomas</official_title>
  <sponsors>
    <lead_sponsor>
      <agency>Radiation Therapy Oncology Group</agency>
      <agency_class>Other</agency_class>
    </lead_sponsor>
    <collaborator>
      <agency>National Cancer Institute (NCI)</agency>
      <agency_class>NIH</agency_class>
    </collaborator>
    <collaborator>
      <agency>North Central Cancer Treatment Group</agency>
      <agency_class>Other</agency_class>
    </collaborator>
    <collaborator>
      <agency>Southwest Oncology Group</agency>
      <agency_class>Other</agency_class>
    </collaborator>
    <collaborator>
      <agency>Eastern Cooperative Oncology Group</agency>
      <agency_class>Other</agency_class>
    </collaborator>
    <collaborator>
      <agency>NCIC Clinical Trials Group</agency>
      <agency_class>Other</agency_class>
    </collaborator>
  </sponsors>
  <source>Radiation Therapy Oncology Group</source>
  <oversight_info>
    <has_dmc>Yes</has_dmc>
  </oversight_info>
  <brief_summary>
    <textblock>
      RATIONALE: Drugs used in chemotherapy use different ways to stop tumor cells from dividing so
      they stop growing or die. Radiation therapy uses high-energy x-rays to damage tumor cells.
      Combining chemotherapy with radiation therapy may kill more tumor cells.

      PURPOSE: Randomized phase III trial to compare the effectiveness of radiation therapy with or
      without chemotherapy in treating patients who have anaplastic oligodendroglioma.
    </textblock>
  </brief_summary>
  <detailed_description>
    <textblock>
      OBJECTIVES:

        -  Compare the overall survival and time to tumor progression in patients with unifocal or
           multifocal, supratentorial, pure or mixed anaplastic oligodendroglioma treated with
           radiotherapy with or without procarbazine, lomustine, and vincristine (PCV).

        -  Compare the toxic effects of these 2 regimens in these patients.

        -  Compare the quality of life and neurologic function of patients treated with these 2
           regimens.

      OUTLINE: This is a randomized study. Patients are stratified by age (under 50 vs 50 and
      over), Karnofsky performance status (60-70% vs 80-100%), and tumor grade (moderately vs
      highly anaplastic). Within 8 weeks after diagnostic surgery, patients are randomized to 1 of
      2 treatment arms.

        -  Arm I: Within 2 weeks after randomization, patients receive oral lomustine on day 1,
           oral procarbazine on days 8-21, and vincristine IV on days 8 and 29 (PCV). Treatment
           continues every 6 weeks for 4 courses in the absence of disease progression or
           unacceptable toxicity. Beginning within 6 weeks after day 29 of course 4, patients
           undergo radiotherapy 5 days a week for 5.6 weeks followed by boost radiotherapy 5 days a
           week for 1 week.

        -  Arm II: Within 2 weeks after randomization, patients undergo radiotherapy as in arm I.

      Quality of life is assessed at baseline; at time of CT or MRI scans during study; and every 3
      months for 1 year, every 4 months for 1 year, every 6 months for 3 years, and then annually
      thereafter after completion of study therapy.

      Patients are followed every 3 months for 1 year, every 4 months for 1 year, every 6 months
      for 3 years, and then annually thereafter.

      PROJECTED ACCRUAL: A total of 292 patients (146 per arm) will be accrued for this study
      within 5.4 years.
    </textblock>
  </detailed_description>
  <overall_status>Completed</overall_status>
  <start_date type="Actual">July 1994</start_date>
  <completion_date type="Actual">May 21, 2018</completion_date>
  <primary_completion_date type="Actual">February 2005</primary_completion_date>
  <phase>Phase 3</phase>
  <study_type>Interventional</study_type>
  <has_expanded_access>No</has_expanded_access>
  <study_design_info>
    <allocation>Randomized</allocation>
    <intervention_model>Parallel Assignment</intervention_model>
    <primary_purpose>Treatment</primary_purpose>
    <masking>None (Open Label)</masking>
  </study_design_info>
  <primary_outcome>
    <measure>Overall Survival</measure>
    <time_frame>From randomization to date of death or last follow-up. Analysis occurs after all patients have been potentially followed for 3 years.</time_frame>
  </primary_outcome>
  <secondary_outcome>
    <measure>Time to tumor progression</measure>
    <time_frame>From randomization to date of progression or last follow-up. Analysis occurs after all patients have been potentially followed for 3 years.</time_frame>
  </secondary_outcome>
  <secondary_outcome>
    <measure>Frequency of severe (&gt;= Grade 3) toxicities</measure>
    <time_frame>From randomization to date of death or last follow-up. Analysis occurs after all patients have been potentially followed for 3 years.</time_frame>
  </secondary_outcome>
  <number_of_arms>2</number_of_arms>
  <enrollment type="Actual">299</enrollment>
  <condition>Brain and Central Nervous System Tumors</condition>
  <arm_group>
    <arm_group_label>Radiation therapy (RT) alone</arm_group_label>
    <arm_group_type>Active Comparator</arm_group_type>
    <description>Radiation therapy (RT) alone - External Beam RT 59.4 Gy (1.8 Gy x 33 fractions, 5 days a week) to MR defined tumor volume.</description>
  </arm_group>
  <arm_group>
    <arm_group_label>Intensive pre-treatment chemotherapy and radiation therapy</arm_group_label>
    <arm_group_type>Experimental</arm_group_type>
    <description>Intensive pre-treatment chemotherapy (Day 1 CCNU 130 mg/m2 p.o., Day 8 - Vincristine 1.4 mg/m2 i.v., Days 8-21 - Procarbazine 75 mg/m2 p.o., Day 29 - Vincristine 1.4 mg/m2 i.v.) followed by radiation therapy (External Beam RT 59.4 Gy (1.8 Gy x 33 fractions, 5 days a week) to MR defined tumor volume).</description>
  </arm_group>
  <intervention>
    <intervention_type>Drug</intervention_type>
    <intervention_name>lomustine</intervention_name>
    <arm_group_label>Intensive pre-treatment chemotherapy and radiation therapy</arm_group_label>
  </intervention>
  <intervention>
    <intervention_type>Drug</intervention_type>
    <intervention_name>procarbazine hydrochloride</intervention_name>
    <arm_group_label>Intensive pre-treatment chemotherapy and radiation therapy</arm_group_label>
  </intervention>
  <intervention>
    <intervention_type>Drug</intervention_type>
    <intervention_name>vincristine sulfate</intervention_name>
    <arm_group_label>Intensive pre-treatment chemotherapy and radiation therapy</arm_group_label>
  </intervention>
  <intervention>
    <intervention_type>Radiation</intervention_type>
    <intervention_name>radiation therapy</intervention_name>
    <arm_group_label>Intensive pre-treatment chemotherapy and radiation therapy</arm_group_label>
    <arm_group_label>Radiation therapy (RT) alone</arm_group_label>
  </intervention>
  <eligibility>
    <criteria>
      <textblock>
        DISEASE CHARACTERISTICS:

          -  Histologically proven unifocal or multifocal, supratentorial, pure or mixed anaplastic
             oligodendroglioma

               -  Prior suspected or proven low-grade glioma allowed if current histologic proof of
                  pure or mixed anaplastic oligodendroglioma

          -  Tumor must contain an unequivocal (at least 25%) oligodendroglial element and have 2
             or more anaplastic features, 1 of which must be frequent mitoses or endothelial
             proliferation

               -  For mixed tumors, the non-oligodendroglial element must be astrocytic and the
                  oligodendroglial or astroglial component may be anaplastic

          -  No evidence of spinal drop metastasis or spread to noncontiguous meninges

               -  MRI of spine not required for asymptomatic patients and patients not excluded
                  based on pathologic evidence of local meningeal infiltration by underlying tumor

          -  No tumor that is predominantly located in the posterior fossa (i.e., brainstem or
             cerebellum)

          -  No spinal cord tumors

        PATIENT CHARACTERISTICS:

        Age:

          -  18 and over

        Performance status:

          -  Karnofsky 60-100%

        Life expectancy:

          -  Not specified

        Hematopoietic:

          -  Absolute granulocyte count at least 1,500/mm^3

          -  Platelet count at least 150,000/mm^3

        Hepatic:

          -  Bilirubin no greater than 2 times normal

          -  Serum glutamate oxaloacetate transaminase (SGOT) no greater than 2 times normal

          -  Alkaline phosphatase no greater than 2 times normal

        Renal:

          -  Creatinine no greater than 1.5 times normal

        Pulmonary:

          -  No chronic lung disease unless diffusion capacity of lung for carbon monoxide (DLCO)
             is at least 60% predicted

        Other:

          -  No active infection

          -  No other malignancy within the past 5 years except nonmelanomatous skin cancer or
             carcinoma in situ of the cervix

          -  Not pregnant or nursing

          -  Negative pregnancy test

          -  Fertile patients must use effective contraception

        PRIOR CONCURRENT THERAPY:

        Biologic therapy:

          -  Not specified

        Chemotherapy:

          -  No prior chemotherapy

        Endocrine therapy:

          -  No concurrent steroids as antiemetics

          -  Concurrent steroids allowed to control central nervous system (CNS) symptoms due to
             tumor-associated or radiotherapy-associated cerebral edema

        Radiotherapy:

          -  No prior radiotherapy to brain or head/neck

        Surgery:

          -  Prior surgery allowed
      </textblock>
    </criteria>
    <gender>All</gender>
    <minimum_age>18 Years</minimum_age>
    <maximum_age>N/A</maximum_age>
    <healthy_volunteers>No</healthy_volunteers>
  </eligibility>
  <overall_official>
    <last_name>J. Gregory Cairncross, MD</last_name>
    <role>Study Chair</role>
    <affiliation>London Health Sciences Centre</affiliation>
  </overall_official>
  <overall_official>
    <last_name>Steven R. Alberts, MD</last_name>
    <role>Study Chair</role>
    <affiliation>Mayo Clinic</affiliation>
  </overall_official>
  <overall_official>
    <last_name>Karen L. Fink, MD, PhD</last_name>
    <role>Study Chair</role>
    <affiliation>Simmons Cancer Center</affiliation>
  </overall_official>
  <overall_official>
    <last_name>Richard M. Hellman, MD</last_name>
    <role>Study Chair</role>
    <affiliation>Saint Francis/Mount Sinai Regional Cancer Center at Saint Francis Hospital and Medical Center</affiliation>
  </overall_official>
  <overall_official>
    <last_name>Normand Laperriere, MD, FRCPC</last_name>
    <role>Study Chair</role>
    <affiliation>Princess Margaret Hospital, Canada</affiliation>
  </overall_official>
  <location>
    <facility>
      <name>MBCCOP - Gulf Coast</name>
      <address>
        <city>Mobile</city>
        <state>Alabama</state>
        <zip>36688</zip>
        <country>United States</country>
      </address>
    </facility>
  </location>
  <location>
    <facility>
      <name>CCOP - Greater Phoenix</name>
      <address>
        <city>Phoenix</city>
        <state>Arizona</state>
        <zip>85006-2726</zip>
        <country>United States</country>
      </address>
    </facility>
  </location>
  <location>
    <facility>
      <name>Veterans Affairs Medical Center - Phoenix (Carl T. Hayden)</name>
      <address>
        <city>Phoenix</city>
        <state>Arizona</state>
        <zip>85012</zip>
        <country>United States</country>
      </address>
    </facility>
  </location>
  <location>
    <facility>
      <name>Veterans Affairs Medical Center - Tucson</name>
      <address>
        <city>Tucson</city>
        <state>Arizona</state>
        <zip>85723</zip>
        <country>United States</country>
      </address>
    </facility>
  </location>
  <location>
    <facility>
      <name>Arizona Cancer Center</name>
      <address>
        <city>Tucson</city>
        <state>Arizona</state>
        <zip>85724</zip>
        <country>United States</country>
      </address>
    </facility>
  </location>
  <location>
    <facility>
      <name>University of Arkansas for Medical Sciences</name>
      <address>
        <city>Little Rock</city>
        <state>Arkansas</state>
        <zip>72205</zip>
        <country>United States</country>
      </address>
    </facility>
  </location>
  <location>
    <facility>
      <name>Veterans Affairs Medical Center - Little Rock (McClellan)</name>
      <address>
        <city>Little Rock</city>
        <state>Arkansas</state>
        <zip>72205</zip>
        <country>United States</country>
      </address>
    </facility>
  </location>
  <location>
    <facility>
      <name>Cancer Center and Beckman Research Institute, City of Hope</name>
      <address>
        <city>Duarte</city>
        <state>California</state>
        <zip>91010-3000</zip>
        <country>United States</country>
      </address>
    </facility>
  </location>
  <location>
    <facility>
      <name>USC/Norris Comprehensive Cancer Center and Hospital</name>
      <address>
        <city>Los Angeles</city>
        <state>California</state>
        <zip>90033-0804</zip>
        <country>United States</country>
      </address>
    </facility>
  </location>
  <location>
    <facility>
      <name>Veterans Affairs Medical Center - West Los Angeles</name>
      <address>
        <city>Los Angeles</city>
        <state>California</state>
        <zip>90073</zip>
        <country>United States</country>
      </address>
    </facility>
  </location>
  <location>
    <facility>
      <name>Jonsson Comprehensive Cancer Center, UCLA</name>
      <address>
        <city>Los Angeles</city>
        <state>California</state>
        <zip>90095-1781</zip>
        <country>United States</country>
      </address>
    </facility>
  </location>
  <location>
    <facility>
      <name>Veterans Affairs Outpatient Clinic - Martinez</name>
      <address>
        <city>Martinez</city>
        <state>California</state>
        <zip>94553</zip>
        <country>United States</country>
      </address>
    </facility>
  </location>
  <location>
    <facility>
      <name>CCOP - Bay Area Tumor Institute</name>
      <address>
        <city>Oakland</city>
        <state>California</state>
        <zip>94609-3305</zip>
        <country>United States</country>
      </address>
    </facility>
  </location>
  <location>
    <facility>
      <name>Chao Family Comprehensive Cancer Center</name>
      <address>
        <city>Orange</city>
        <state>California</state>
        <zip>92868</zip>
        <country>United States</country>
      </address>
    </facility>
  </location>
  <location>
    <facility>
      <name>University of California Davis Medical Center</name>
      <address>
        <city>Sacramento</city>
        <state>California</state>
        <zip>95817</zip>
        <country>United States</country>
      </address>
    </facility>
  </location>
  <location>
    <facility>
      <name>UCSF Cancer Center and Cancer Research Institute</name>
      <address>
        <city>San Francisco</city>
        <state>California</state>
        <zip>94143-0128</zip>
        <country>United States</country>
      </address>
    </facility>
  </location>
  <location>
    <facility>
      <name>CCOP - Santa Rosa Memorial Hospital</name>
      <address>
        <city>Santa Rosa</city>
        <state>California</state>
        <zip>95403</zip>
        <country>United States</country>
      </address>
    </facility>
  </location>
  <location>
    <facility>
      <name>David Grant Medical Center</name>
      <address>
        <city>Travis Air Force Base</city>
        <state>California</state>
        <zip>94535</zip>
        <country>United States</country>
      </address>
    </facility>
  </location>
  <location>
    <facility>
      <name>University of Colorado Cancer Center</name>
      <address>
        <city>Denver</city>
        <state>Colorado</state>
        <zip>80010</zip>
        <country>United States</country>
      </address>
    </facility>
  </location>
  <location>
    <facility>
      <name>Veterans Affairs Medical Center - Denver</name>
      <address>
        <city>Denver</city>
        <state>Colorado</state>
        <zip>80220</zip>
        <country>United States</country>
      </address>
    </facility>
  </location>
  <location>
    <facility>
      <name>CCOP - Atlanta Regional</name>
      <address>
        <city>Atlanta</city>
        <state>Georgia</state>
        <zip>30342-1701</zip>
        <country>United States</country>
      </address>
    </facility>
  </location>
  <location>
    <facility>
      <name>Dwight David Eisenhower Army Medical Center</name>
      <address>
        <city>Fort Gordon</city>
        <state>Georgia</state>
        <zip>30905-5650</zip>
        <country>United States</country>
      </address>
    </facility>
  </location>
  <location>
    <facility>
      <name>Cancer Research Center of Hawaii</name>
      <address>
        <city>Honolulu</city>
        <state>Hawaii</state>
        <zip>96813-2424</zip>
        <country>United States</country>
      </address>
    </facility>
  </location>
  <location>
    <facility>
      <name>Tripler Army Medical Center</name>
      <address>
        <city>Honolulu</city>
        <state>Hawaii</state>
        <zip>96859-5000</zip>
        <country>United States</country>
      </address>
    </facility>
  </location>
  <location>
    <facility>
      <name>MBCCOP - University of Illinois at Chicago</name>
      <address>
        <city>Chicago</city>
        <state>Illinois</state>
        <zip>60612-7323</zip>
        <country>United States</country>
      </address>
    </facility>
  </location>
  <location>
    <facility>
      <name>Veterans Affairs Medical Center - Chicago (Westside Hospital)</name>
      <address>
        <city>Chicago</city>
        <state>Illinois</state>
        <zip>60612</zip>
        <country>United States</country>
      </address>
    </facility>
  </location>
  <location>
    <facility>
      <name>CCOP - Central Illinois</name>
      <address>
        <city>Decatur</city>
        <state>Illinois</state>
        <zip>62526</zip>
        <country>United States</country>
      </address>
    </facility>
  </location>
  <location>
    <facility>
      <name>Veterans Affairs Medical Center - Hines (Hines Junior VA Hospital)</name>
      <address>
        <city>Hines</city>
        <state>Illinois</state>
        <zip>60141</zip>
        <country>United States</country>
      </address>
    </facility>
  </location>
  <location>
    <facility>
      <name>Loyola University Medical Center</name>
      <address>
        <city>Maywood</city>
        <state>Illinois</state>
        <zip>60153</zip>
        <country>United States</country>
      </address>
    </facility>
  </location>
  <location>
    <facility>
      <name>University of Kansas Medical Center</name>
      <address>
        <city>Kansas City</city>
        <state>Kansas</state>
        <zip>66160-7353</zip>
        <country>United States</country>
      </address>
    </facility>
  </location>
  <location>
    <facility>
      <name>CCOP - Wichita</name>
      <address>
        <city>Wichita</city>
        <state>Kansas</state>
        <zip>67214-3882</zip>
        <country>United States</country>
      </address>
    </facility>
  </location>
  <location>
    <facility>
      <name>Veterans Affairs Medical Center - Wichita</name>
      <address>
        <city>Wichita</city>
        <state>Kansas</state>
        <zip>67218</zip>
        <country>United States</country>
      </address>
    </facility>
  </location>
  <location>
    <facility>
      <name>Veterans Affairs Medical Center - Lexington</name>
      <address>
        <city>Lexington</city>
        <state>Kentucky</state>
        <zip>40502-2236</zip>
        <country>United States</country>
      </address>
    </facility>
  </location>
  <location>
    <facility>
      <name>Albert B. Chandler Medical Center, University of Kentucky</name>
      <address>
        <city>Lexington</city>
        <state>Kentucky</state>
        <zip>40536-0084</zip>
        <country>United States</country>
      </address>
    </facility>
  </location>
  <location>
    <facility>
      <name>MBCCOP - LSU Health Sciences Center</name>
      <address>
        <city>New Orleans</city>
        <state>Louisiana</state>
        <zip>70112</zip>
        <country>United States</country>
      </address>
    </facility>
  </location>
  <location>
    <facility>
      <name>Tulane University School of Medicine</name>
      <address>
        <city>New Orleans</city>
        <state>Louisiana</state>
        <zip>70112</zip>
        <country>United States</country>
      </address>
    </facility>
  </location>
  <location>
    <facility>
      <name>Louisiana State University Health Sciences Center - Shreveport</name>
      <address>
        <city>Shreveport</city>
        <state>Louisiana</state>
        <zip>71130-3932</zip>
        <country>United States</country>
      </address>
    </facility>
  </location>
  <location>
    <facility>
      <name>Veterans Affairs Medical Center - Shreveport</name>
      <address>
        <city>Shreveport</city>
        <state>Louisiana</state>
        <zip>71130</zip>
        <country>United States</country>
      </address>
    </facility>
  </location>
  <location>
    <facility>
      <name>Boston Medical Center</name>
      <address>
        <city>Boston</city>
        <state>Massachusetts</state>
        <zip>02118</zip>
        <country>United States</country>
      </address>
    </facility>
  </location>
  <location>
    <facility>
      <name>Veterans Affairs Medical Center - Boston (Jamaica Plain)</name>
      <address>
        <city>Jamaica Plain</city>
        <state>Massachusetts</state>
        <zip>02130</zip>
        <country>United States</country>
      </address>
    </facility>
  </location>
  <location>
    <facility>
      <name>Veterans Affairs Medical Center - Ann Arbor</name>
      <address>
        <city>Ann Arbor</city>
        <state>Michigan</state>
        <zip>48105</zip>
        <country>United States</country>
      </address>
    </facility>
  </location>
  <location>
    <facility>
      <name>CCOP - Ann Arbor Regional</name>
      <address>
        <city>Ann Arbor</city>
        <state>Michigan</state>
        <zip>48106</zip>
        <country>United States</country>
      </address>
    </facility>
  </location>
  <location>
    <facility>
      <name>University of Michigan Comprehensive Cancer Center</name>
      <address>
        <city>Ann Arbor</city>
        <state>Michigan</state>
        <zip>48109-0912</zip>
        <country>United States</country>
      </address>
    </facility>
  </location>
  <location>
    <facility>
      <name>Barbara Ann Karmanos Cancer Institute</name>
      <address>
        <city>Detroit</city>
        <state>Michigan</state>
        <zip>48201-1379</zip>
        <country>United States</country>
      </address>
    </facility>
  </location>
  <location>
    <facility>
      <name>Veterans Affairs Medical Center - Detroit</name>
      <address>
        <city>Detroit</city>
        <state>Michigan</state>
        <zip>48201-1932</zip>
        <country>United States</country>
      </address>
    </facility>
  </location>
  <location>
    <facility>
      <name>Henry Ford Hospital</name>
      <address>
        <city>Detroit</city>
        <state>Michigan</state>
        <zip>48202</zip>
        <country>United States</country>
      </address>
    </facility>
  </location>
  <location>
    <facility>
      <name>Providence Hospital - Southfield</name>
      <address>
        <city>Southfield</city>
        <state>Michigan</state>
        <zip>48075-9975</zip>
        <country>United States</country>
      </address>
    </facility>
  </location>
  <location>
    <facility>
      <name>CCOP - Duluth</name>
      <address>
        <city>Duluth</city>
        <state>Minnesota</state>
        <zip>55805</zip>
        <country>United States</country>
      </address>
    </facility>
  </location>
  <location>
    <facility>
      <name>Veterans Affairs Medical Center - Biloxi</name>
      <address>
        <city>Biloxi</city>
        <state>Mississippi</state>
        <zip>39531-2410</zip>
        <country>United States</country>
      </address>
    </facility>
  </location>
  <location>
    <facility>
      <name>University of Mississippi Medical Center</name>
      <address>
        <city>Jackson</city>
        <state>Mississippi</state>
        <zip>39216-4505</zip>
        <country>United States</country>
      </address>
    </facility>
  </location>
  <location>
    <facility>
      <name>Veterans Affairs Medical Center - Jackson</name>
      <address>
        <city>Jackson</city>
        <state>Mississippi</state>
        <zip>39216</zip>
        <country>United States</country>
      </address>
    </facility>
  </location>
  <location>
    <facility>
      <name>Keesler Medical Center - Keesler AFB</name>
      <address>
        <city>Keesler Air Force Base</city>
        <state>Mississippi</state>
        <zip>39534-2576</zip>
        <country>United States</country>
      </address>
    </facility>
  </location>
  <location>
    <facility>
      <name>Veterans Affairs Medical Center - Kansas City</name>
      <address>
        <city>Kansas City</city>
        <state>Missouri</state>
        <zip>64128</zip>
        <country>United States</country>
      </address>
    </facility>
  </location>
  <location>
    <facility>
      <name>CCOP - Kansas City</name>
      <address>
        <city>Kansas City</city>
        <state>Missouri</state>
        <zip>64131</zip>
        <country>United States</country>
      </address>
    </facility>
  </location>
  <location>
    <facility>
      <name>St. Louis University Health Sciences Center</name>
      <address>
        <city>Saint Louis</city>
        <state>Missouri</state>
        <zip>63110</zip>
        <country>United States</country>
      </address>
    </facility>
  </location>
  <location>
    <facility>
      <name>CCOP - St. Louis-Cape Girardeau</name>
      <address>
        <city>Saint Louis</city>
        <state>Missouri</state>
        <zip>63141</zip>
        <country>United States</country>
      </address>
    </facility>
  </location>
  <location>
    <facility>
      <name>CCOP - Cancer Research for the Ozarks</name>
      <address>
        <city>Springfield</city>
        <state>Missouri</state>
        <zip>65807</zip>
        <country>United States</country>
      </address>
    </facility>
  </location>
  <location>
    <facility>
      <name>CCOP - Montana Cancer Consortium</name>
      <address>
        <city>Billings</city>
        <state>Montana</state>
        <zip>59101</zip>
        <country>United States</country>
      </address>
    </facility>
  </location>
  <location>
    <facility>
      <name>Veterans Affairs Medical Center - Albuquerque</name>
      <address>
        <city>Albuquerque</city>
        <state>New Mexico</state>
        <zip>87108-5138</zip>
        <country>United States</country>
      </address>
    </facility>
  </location>
  <location>
    <facility>
      <name>MBCCOP - University of New Mexico HSC</name>
      <address>
        <city>Albuquerque</city>
        <state>New Mexico</state>
        <zip>87131</zip>
        <country>United States</country>
      </address>
    </facility>
  </location>
  <location>
    <facility>
      <name>Veterans Affairs Medical Center - Albany</name>
      <address>
        <city>Albany</city>
        <state>New York</state>
        <zip>12208</zip>
        <country>United States</country>
      </address>
    </facility>
  </location>
  <location>
    <facility>
      <name>Herbert Irving Comprehensive Cancer Center</name>
      <address>
        <city>New York</city>
        <state>New York</state>
        <zip>10032</zip>
        <country>United States</country>
      </address>
    </facility>
  </location>
  <location>
    <facility>
      <name>University of Rochester Medical Center</name>
      <address>
        <city>Rochester</city>
        <state>New York</state>
        <zip>14642</zip>
        <country>United States</country>
      </address>
    </facility>
  </location>
  <location>
    <facility>
      <name>CCOP - Southeast Cancer Control Consortium</name>
      <address>
        <city>Winston-Salem</city>
        <state>North Carolina</state>
        <zip>27104-4241</zip>
        <country>United States</country>
      </address>
    </facility>
  </location>
  <location>
    <facility>
      <name>Veterans Affairs Medical Center - Cincinnati</name>
      <address>
        <city>Cincinnati</city>
        <state>Ohio</state>
        <zip>45220-2288</zip>
        <country>United States</country>
      </address>
    </facility>
  </location>
  <location>
    <facility>
      <name>Barrett Cancer Center, The University Hospital</name>
      <address>
        <city>Cincinnati</city>
        <state>Ohio</state>
        <zip>45267-0501</zip>
        <country>United States</country>
      </address>
    </facility>
  </location>
  <location>
    <facility>
      <name>Cleveland Clinic Taussig Cancer Center</name>
      <address>
        <city>Cleveland</city>
        <state>Ohio</state>
        <zip>44195</zip>
        <country>United States</country>
      </address>
    </facility>
  </location>
  <location>
    <facility>
      <name>CCOP - Columbus</name>
      <address>
        <city>Columbus</city>
        <state>Ohio</state>
        <zip>43206</zip>
        <country>United States</country>
      </address>
    </facility>
  </location>
  <location>
    <facility>
      <name>Veterans Affairs Medical Center - Dayton</name>
      <address>
        <city>Dayton</city>
        <state>Ohio</state>
        <zip>45428</zip>
        <country>United States</country>
      </address>
    </facility>
  </location>
  <location>
    <facility>
      <name>CCOP - Dayton</name>
      <address>
        <city>Kettering</city>
        <state>Ohio</state>
        <zip>45429</zip>
        <country>United States</country>
      </address>
    </facility>
  </location>
  <location>
    <facility>
      <name>CCOP - Toledo Community Hospital Oncology Program</name>
      <address>
        <city>Toledo</city>
        <state>Ohio</state>
        <zip>43623-3456</zip>
        <country>United States</country>
      </address>
    </facility>
  </location>
  <location>
    <facility>
      <name>Oklahoma Medical Research Foundation</name>
      <address>
        <city>Oklahoma City</city>
        <state>Oklahoma</state>
        <zip>73104</zip>
        <country>United States</country>
      </address>
    </facility>
  </location>
  <location>
    <facility>
      <name>Veterans Affairs Medical Center - Oklahoma City</name>
      <address>
        <city>Oklahoma City</city>
        <state>Oklahoma</state>
        <zip>73104</zip>
        <country>United States</country>
      </address>
    </facility>
  </location>
  <location>
    <facility>
      <name>Veterans Affairs Medical Center - Portland</name>
      <address>
        <city>Portland</city>
        <state>Oregon</state>
        <zip>97207</zip>
        <country>United States</country>
      </address>
    </facility>
  </location>
  <location>
    <facility>
      <name>CCOP - Columbia River Program</name>
      <address>
        <city>Portland</city>
        <state>Oregon</state>
        <zip>97225</zip>
        <country>United States</country>
      </address>
    </facility>
  </location>
  <location>
    <facility>
      <name>OHSU Cancer Institute</name>
      <address>
        <city>Portland</city>
        <state>Oregon</state>
        <zip>97239</zip>
        <country>United States</country>
      </address>
    </facility>
  </location>
  <location>
    <facility>
      <name>Veterans Affairs Medical Center - Charleston</name>
      <address>
        <city>Charleston</city>
        <state>South Carolina</state>
        <zip>29401-5799</zip>
        <country>United States</country>
      </address>
    </facility>
  </location>
  <location>
    <facility>
      <name>Medical University of South Carolina</name>
      <address>
        <city>Charleston</city>
        <state>South Carolina</state>
        <zip>29425-0721</zip>
        <country>United States</country>
      </address>
    </facility>
  </location>
  <location>
    <facility>
      <name>CCOP - Greenville</name>
      <address>
        <city>Greenville</city>
        <state>South Carolina</state>
        <zip>29615</zip>
        <country>United States</country>
      </address>
    </facility>
  </location>
  <location>
    <facility>
      <name>CCOP - Upstate Carolina</name>
      <address>
        <city>Spartanburg</city>
        <state>South Carolina</state>
        <zip>29303</zip>
        <country>United States</country>
      </address>
    </facility>
  </location>
  <location>
    <facility>
      <name>Brooke Army Medical Center</name>
      <address>
        <city>Fort Sam Houston</city>
        <state>Texas</state>
        <zip>78234-6200</zip>
        <country>United States</country>
      </address>
    </facility>
  </location>
  <location>
    <facility>
      <name>University of Texas Medical Branch</name>
      <address>
        <city>Galveston</city>
        <state>Texas</state>
        <zip>77555-0565</zip>
        <country>United States</country>
      </address>
    </facility>
  </location>
  <location>
    <facility>
      <name>Veterans Affairs Medical Center - Houston</name>
      <address>
        <city>Houston</city>
        <state>Texas</state>
        <zip>77030</zip>
        <country>United States</country>
      </address>
    </facility>
  </location>
  <location>
    <facility>
      <name>Texas Tech University Health Science Center</name>
      <address>
        <city>Lubbock</city>
        <state>Texas</state>
        <zip>79415</zip>
        <country>United States</country>
      </address>
    </facility>
  </location>
  <location>
    <facility>
      <name>University of Texas Health Science Center at San Antonio</name>
      <address>
        <city>San Antonio</city>
        <state>Texas</state>
        <zip>78284-7845</zip>
        <country>United States</country>
      </address>
    </facility>
  </location>
  <location>
    <facility>
      <name>Veterans Affairs Medical Center - San Antonio (Murphy)</name>
      <address>
        <city>San Antonio</city>
        <state>Texas</state>
        <zip>78284</zip>
        <country>United States</country>
      </address>
    </facility>
  </location>
  <location>
    <facility>
      <name>Veterans Affairs Medical Center - Temple</name>
      <address>
        <city>Temple</city>
        <state>Texas</state>
        <zip>76504</zip>
        <country>United States</country>
      </address>
    </facility>
  </location>
  <location>
    <facility>
      <name>CCOP - Scott and White Hospital</name>
      <address>
        <city>Temple</city>
        <state>Texas</state>
        <zip>76508</zip>
        <country>United States</country>
      </address>
    </facility>
  </location>
  <location>
    <facility>
      <name>Huntsman Cancer Institute</name>
      <address>
        <city>Salt Lake City</city>
        <state>Utah</state>
        <zip>84112-5550</zip>
        <country>United States</country>
      </address>
    </facility>
  </location>
  <location>
    <facility>
      <name>Veterans Affairs Medical Center - Salt Lake City</name>
      <address>
        <city>Salt Lake City</city>
        <state>Utah</state>
        <zip>84148</zip>
        <country>United States</country>
      </address>
    </facility>
  </location>
  <location>
    <facility>
      <name>CCOP - Virginia Mason Research Center</name>
      <address>
        <city>Seattle</city>
        <state>Washington</state>
        <zip>98101</zip>
        <country>United States</country>
      </address>
    </facility>
  </location>
  <location>
    <facility>
      <name>Swedish Cancer Institute</name>
      <address>
        <city>Seattle</city>
        <state>Washington</state>
        <zip>98104</zip>
        <country>United States</country>
      </address>
    </facility>
  </location>
  <location>
    <facility>
      <name>Veterans Affairs Medical Center - Seattle</name>
      <address>
        <city>Seattle</city>
        <state>Washington</state>
        <zip>98108</zip>
        <country>United States</country>
      </address>
    </facility>
  </location>
  <location>
    <facility>
      <name>CCOP - Northwest</name>
      <address>
        <city>Tacoma</city>
        <state>Washington</state>
        <zip>98405-0986</zip>
        <country>United States</country>
      </address>
    </facility>
  </location>
  <location>
    <facility>
      <name>Madigan Army Medical Center</name>
      <address>
        <city>Tacoma</city>
        <state>Washington</state>
        <zip>98431-5048</zip>
        <country>United States</country>
      </address>
    </facility>
  </location>
  <location_countries>
    <country>United States</country>
  </location_countries>
  <results_reference>
    <citation>Cairncross JG, Wang M, Shaw EG, et al.: Chemotherapy plus radiotherapy (CT-RT) versus RT alone for patients with anaplastic oligodendroglioma: long-term results of the RTOG 9402 phase III study. [Abstract] J Clin Oncol 30 (Suppl 15): A-2008b, 2012.</citation>
  </results_reference>
  <results_reference>
    <citation>Wang M, Cairncross G, Shaw E, Jenkins R, Scheithauer B, Brachman D, Buckner J, Fink K, Souhami L, Laperriere N, Mehta M, Curran W; Radiation Therapy Oncology Group (RTOG); North Central Cancer Treatment Group (NCCTG); Southwest Oncology Group (SWOG); National Cancer Institute of Canada Clinical Trials Group (NCIC CTG); Eastern Cooperative Oncology Group (ECOG). Cognition and quality of life after chemotherapy plus radiotherapy (RT) vs. RT for pure and mixed anaplastic oligodendrogliomas: radiation therapy oncology group trial 9402. Int J Radiat Oncol Biol Phys. 2010 Jul 1;77(3):662-9. doi: 10.1016/j.ijrobp.2009.06.004. Epub 2009 Sep 23.</citation>
    <PMID>19783377</PMID>
  </results_reference>
  <results_reference>
    <citation>Giannini C, Burger PC, Berkey BA, Cairncross JG, Jenkins RB, Mehta M, Curran WJ, Aldape K. Anaplastic oligodendroglial tumors: refining the correlation among histopathology, 1p 19q deletion and clinical outcome in Intergroup Radiation Therapy Oncology Group Trial 9402. Brain Pathol. 2008 Jul;18(3):360-9. doi: 10.1111/j.1750-3639.2008.00129.x. Epub 2008 Mar 26.</citation>
    <PMID>18371182</PMID>
  </results_reference>
  <results_reference>
    <citation>Intergroup Radiation Therapy Oncology Group Trial 9402, Cairncross G, Berkey B, Shaw E, Jenkins R, Scheithauer B, Brachman D, Buckner J, Fink K, Souhami L, Laperierre N, Mehta M, Curran W. Phase III trial of chemotherapy plus radiotherapy compared with radiotherapy alone for pure and mixed anaplastic oligodendroglioma: Intergroup Radiation Therapy Oncology Group Trial 9402. J Clin Oncol. 2006 Jun 20;24(18):2707-14.</citation>
    <PMID>16782910</PMID>
  </results_reference>
  <results_reference>
    <citation>Cairncross G, Seiferheld W, Shaw E, et al.: An intergroup randomized controlled clinical trial (RCT) of chemotherapy plus radiation (RT) versus RT alone for pure and mixed anaplastic oligodendrogliomas: initial report of RTOG 94-02. [Abstract] J Clin Oncol 22 (Suppl 14): A-1500, 107s, 2004.</citation>
  </results_reference>
  <results_reference>
    <citation>Shaw EG, Seiferheld W, Cairncross JG, et al.: Radiation therapy (RT) alone vs intensive procarbazine-CCNU-vincristine (I-PCV) chemotherapy followed by radiation therapy for anaplastic oligodendroglioma (AO) and mixed oligo-astrocytoma (MOA): results of Radiation Therapy Oncology Group (RTOG) - intergroup protocol 94-02. [Abstract] Int J Radiat Oncol Biol Phys 60 (1 Suppl 1): A-57, S163, 2004.</citation>
  </results_reference>
  <results_reference>
    <citation>Jenkins RB, Curran W, Scott CB, Cairncross G. Pilot evaluation of 1p and 19q deletions in anaplastic oligodendrogliomas collected by a national cooperative cancer treatment group. Am J Clin Oncol. 2001 Oct;24(5):506-8.</citation>
    <PMID>11586105</PMID>
  </results_reference>
  <verification_date>June 2018</verification_date>
  <study_first_submitted>November 1, 1999</study_first_submitted>
  <study_first_submitted_qc>January 26, 2003</study_first_submitted_qc>
  <study_first_posted type="Estimate">January 27, 2003</study_first_posted>
  <last_update_submitted>June 15, 2018</last_update_submitted>
  <last_update_submitted_qc>June 15, 2018</last_update_submitted_qc>
  <last_update_posted type="Actual">June 18, 2018</last_update_posted>
  <responsible_party>
    <responsible_party_type>Sponsor</responsible_party_type>
  </responsible_party>
  <keyword>adult anaplastic oligodendroglioma</keyword>
  <keyword>adult mixed glioma</keyword>
  <condition_browse>
    <!-- CAUTION:  The following MeSH terms are assigned with an imperfect algorithm            -->
    <mesh_term>Nervous System Neoplasms</mesh_term>
    <mesh_term>Central Nervous System Neoplasms</mesh_term>
    <mesh_term>Oligodendroglioma</mesh_term>
  </condition_browse>
  <intervention_browse>
    <!-- CAUTION:  The following MeSH terms are assigned with an imperfect algorithm            -->
    <mesh_term>Vincristine</mesh_term>
    <mesh_term>Lomustine</mesh_term>
    <mesh_term>Procarbazine</mesh_term>
  </intervention_browse>
  <!-- Results have not yet been posted for this study                                          -->
</clinical_study>

