<clinical_study>
  <!-- This xml conforms to an XML Schema at:
    https://clinicaltrials.gov/ct2/html/images/info/public.xsd -->
  <required_header>
    <download_date>ClinicalTrials.gov processed this data on July 31, 2020</download_date>
    <link_text>Link to the current ClinicalTrials.gov record.</link_text>
    <url>https://clinicaltrials.gov/show/NCT00001771</url>
  </required_header>
  <id_info>
    <org_study_id>980094</org_study_id>
    <secondary_id>98-M-0094</secondary_id>
    <nct_id>NCT00001771</nct_id>
  </id_info>
  <brief_title>I-123 Brain Studies of Serotonin Metabolism in Psychiatric Patients and Normal Volunteers</brief_title>
  <official_title>I-123 Beta-CIT SPECT Studies of Dopamine and Serotonin Transporters in Neuropsychiatric Patients and Normal Volunteers</official_title>
  <sponsors>
    <lead_sponsor>
      <agency>National Institute of Mental Health (NIMH)</agency>
      <agency_class>NIH</agency_class>
    </lead_sponsor>
  </sponsors>
  <source>National Institutes of Health Clinical Center (CC)</source>
  <brief_summary>
    <textblock>
      Abnormalities in the re-uptake of dopamine and serotonin have been described in various
      neuropsychiatric disorders and substance abuse. [I-123] Beta-CIT is a recently developed
      radioligand for SPECT imaging of dopamine and serotonin transporters. [I-123]Beta-CIT SPECT
      has been used at the SPECT-lab of the Clinical Brain Disorders Branch in over fifty subjects
      without adverse events. Due to the trace concentrations used, a pharmacological effect of
      Beta-CIT is unlikely and has not been observed. The purpose of this study is to use Beta-CIT
      and SPECT to study the expression of dopamine and serotonin transporters in vivo in normal
      controls and various patient populations to address hypothesized abnormalities of the
      transporters in different disorders and to understand the effects of genetic variations in
      the genes of these transporters on their in vivo expression.
    </textblock>
  </brief_summary>
  <detailed_description>
    <textblock>
      Abnormalities in the re-uptake of dopamine and serotonin have been described in various
      neuropsychiatric disorders and substance abuse. [I-123] Beta-CIT is a recently developed
      radioligand for SPECT imaging of dopamine and serotonin transporters. [I-123]Beta-CIT SPECT
      has been used at the SPECT-Lab of the Clinical Brain Disorders Branch in over fifty subjects
      without adverse events. Due to the trace concentrations used, a pharmacological effect of
      Beta-CIT is unlikely and has not been observed. The purpose of this study is to use Beta-CIT
      and SPECT to study the expression of dopamine and serotonin transporters in vivo in normal
      controls and various patient populations to address hypothesized abnormalities of the
      transporters in different disorders and to understand the effects of genetic variations in
      the genes of these transporters on their in vivo expression.
    </textblock>
  </detailed_description>
  <overall_status>Completed</overall_status>
  <start_date>May 1998</start_date>
  <completion_date>May 2003</completion_date>
  <study_type>Observational</study_type>
  <has_expanded_access>No</has_expanded_access>
  <enrollment>112</enrollment>
  <condition>Healthy</condition>
  <condition>Mental Disorder</condition>
  <condition>Obsessive Compulsive Disorder</condition>
  <condition>Schizophrenia</condition>
  <condition>Tourette Syndrome</condition>
  <eligibility>
    <criteria>
      <textblock>
        INCLUSION CRITERIA:

        No Axis I or Axis II diagnoses.

        EXCLUSION CRITERIA FOR ALL SUBJECTS:

        If the pregnancy test is positive or if the woman has reason to believe she might be
        pregnant, she will be excluded from this study.

        Women who are breastfeeding will be excluded from this study to avoid unwarranted risk to
        their children.

        Subjects with a prior reaction to iodine, iodine compounds, or shellfish will be excluded
        from this study.

        Subjects with a history of thyroid disease or dysfunction will be excluded from this study.

        Subjects with a history of recent substance abuse will be excluded from this study.

        Subjects with metal objects in their bodies as specified in our MRI protocol (91-M-0124)
        will be excluded from this study.

        If a structural abnormality of the brain is detected on MRI, subjects will be excluded from
        the study.

        EXCLUSION CRITERIA FOR NORMAL CONTROLS:

        Subjects with an Axis I or Axis II disorder will be excluded.

        Subjects with concomitant medical or neurological disorders which require ongoing
        medication, or which may affect the central nervous system will be excluded.
      </textblock>
    </criteria>
    <gender>All</gender>
    <minimum_age>N/A</minimum_age>
    <maximum_age>N/A</maximum_age>
    <healthy_volunteers>Accepts Healthy Volunteers</healthy_volunteers>
  </eligibility>
  <location>
    <facility>
      <name>National Institute of Mental Health (NIMH)</name>
      <address>
        <city>Bethesda</city>
        <state>Maryland</state>
        <zip>20892</zip>
        <country>United States</country>
      </address>
    </facility>
  </location>
  <location_countries>
    <country>United States</country>
  </location_countries>
  <reference>
    <citation>Bogerts B, Häntsch J, Herzer M. A morphometric study of the dopamine-containing cell groups in the mesencephalon of normals, Parkinson patients, and schizophrenics. Biol Psychiatry. 1983 Sep;18(9):951-69.</citation>
    <PMID>6640008</PMID>
  </reference>
  <reference>
    <citation>Czudek C, Reynolds GP. [3H] GBR 12935 binding to the dopamine uptake site in post-mortem brain tissue in schizophrenia. J Neural Transm. 1989;77(2-3):227-30.</citation>
    <PMID>2760605</PMID>
  </reference>
  <reference>
    <citation>Innis RB, Seibyl JP, Scanley BE, Laruelle M, Abi-Dargham A, Wallace E, Baldwin RM, Zea-Ponce Y, Zoghbi S, Wang S, et al. Single photon emission computed tomographic imaging demonstrates loss of striatal dopamine transporters in Parkinson disease. Proc Natl Acad Sci U S A. 1993 Dec 15;90(24):11965-9.</citation>
    <PMID>8265656</PMID>
  </reference>
  <verification_date>May 2003</verification_date>
  <study_first_submitted>November 3, 1999</study_first_submitted>
  <study_first_submitted_qc>November 3, 1999</study_first_submitted_qc>
  <study_first_posted type="Estimate">November 4, 1999</study_first_posted>
  <last_update_submitted>March 3, 2008</last_update_submitted>
  <last_update_submitted_qc>March 3, 2008</last_update_submitted_qc>
  <last_update_posted type="Estimate">March 4, 2008</last_update_posted>
  <keyword>Receptors</keyword>
  <keyword>Re-Uptake</keyword>
  <keyword>Neurotransmitters</keyword>
  <keyword>Neuroimaging</keyword>
  <keyword>Drug Abuse</keyword>
  <keyword>Serotonin</keyword>
  <keyword>Brain Scan</keyword>
  <keyword>Tourette's Syndrome</keyword>
  <keyword>Obsessive Compulsive Disorder</keyword>
  <keyword>Schizophrenia</keyword>
  <keyword>Normal Volunteer</keyword>
  <condition_browse>
    <!-- CAUTION:  The following MeSH terms are assigned with an imperfect algorithm            -->
    <mesh_term>Tourette Syndrome</mesh_term>
    <mesh_term>Disease</mesh_term>
    <mesh_term>Schizophrenia</mesh_term>
    <mesh_term>Compulsive Personality Disorder</mesh_term>
    <mesh_term>Obsessive-Compulsive Disorder</mesh_term>
    <mesh_term>Mental Disorders</mesh_term>
  </condition_browse>
  <!-- Results have not yet been posted for this study                                          -->
</clinical_study>

