<clinical_study>
  <!-- This xml conforms to an XML Schema at:
    https://clinicaltrials.gov/ct2/html/images/info/public.xsd -->
  <required_header>
    <download_date>ClinicalTrials.gov processed this data on July 31, 2020</download_date>
    <link_text>Link to the current ClinicalTrials.gov record.</link_text>
    <url>https://clinicaltrials.gov/show/NCT00002336</url>
  </required_header>
  <id_info>
    <org_study_id>124A</org_study_id>
    <secondary_id>M91-561</secondary_id>
    <nct_id>NCT00002336</nct_id>
  </id_info>
  <brief_title>The Safety and Effectiveness of Clarithromycin in the Prevention of Mycobacterium Avium Complex (MAC) Infection in HIV-Infected Patients</brief_title>
  <official_title>A Prospective, Randomized, Double-Blind, Multicenter, Placebo-Controlled Study of the Safety and Efficacy of Clarithromycin for the Prevention of Disseminated Mycobacterium Avium Complex (MAC) Infection in HIV-Infected Patients With CD4 Counts &lt;= 100 Cells/mm3</official_title>
  <sponsors>
    <lead_sponsor>
      <agency>Abbott</agency>
      <agency_class>Industry</agency_class>
    </lead_sponsor>
  </sponsors>
  <source>Abbott</source>
  <brief_summary>
    <textblock>
      To determine whether clarithromycin is safe and effective in preventing disseminated
      Mycobacterium avium Complex in HIV-infected patients with CD4 counts &lt;= 100 cells/mm3.
    </textblock>
  </brief_summary>
  <overall_status>Completed</overall_status>
  <start_date>November 1992</start_date>
  <completion_date type="Actual">November 1994</completion_date>
  <primary_completion_date type="Actual">November 1994</primary_completion_date>
  <phase>N/A</phase>
  <study_type>Interventional</study_type>
  <has_expanded_access>No</has_expanded_access>
  <study_design_info>
    <primary_purpose>Treatment</primary_purpose>
    <masking>Double</masking>
  </study_design_info>
  <condition>Mycobacterium Avium-intracellular Infection</condition>
  <condition>HIV Infections</condition>
  <intervention>
    <intervention_type>Drug</intervention_type>
    <intervention_name>Clarithromycin</intervention_name>
  </intervention>
  <eligibility>
    <criteria>
      <textblock>
        Inclusion Criteria

        Patients must have:

          -  HIV infection.

          -  CD4 count &lt;= 100 cells/mm3.

          -  No evidence of MAC.

          -  Life expectancy of at least 6 months.

        Exclusion Criteria

        Concurrent Medication:

        Excluded:

          -  Certain restricted drugs (details not available).

        Patients with the following prior conditions are excluded:

        History of allergy or hypersensitivity to macrolides. Active substance abuse or other
        conditions that would affect study compliance.
      </textblock>
    </criteria>
    <gender>All</gender>
    <minimum_age>12 Years</minimum_age>
    <maximum_age>N/A</maximum_age>
    <healthy_volunteers>No</healthy_volunteers>
  </eligibility>
  <location>
    <facility>
      <name>Univ of Arizona / Health Science Ctr</name>
      <address>
        <city>Tucson</city>
        <state>Arizona</state>
        <zip>85724</zip>
        <country>United States</country>
      </address>
    </facility>
  </location>
  <location>
    <facility>
      <name>California Med Research Group</name>
      <address>
        <city>Fresno</city>
        <state>California</state>
        <zip>93726</zip>
        <country>United States</country>
      </address>
    </facility>
  </location>
  <location>
    <facility>
      <name>HIV Research Group</name>
      <address>
        <city>San Diego</city>
        <state>California</state>
        <zip>92102</zip>
        <country>United States</country>
      </address>
    </facility>
  </location>
  <location>
    <facility>
      <name>Saint Francis Mem Hosp</name>
      <address>
        <city>San Francisco</city>
        <state>California</state>
        <zip>94109</zip>
        <country>United States</country>
      </address>
    </facility>
  </location>
  <location>
    <facility>
      <name>Kaiser Permanente Med Ctr</name>
      <address>
        <city>San Francisco</city>
        <state>California</state>
        <zip>94115</zip>
        <country>United States</country>
      </address>
    </facility>
  </location>
  <location>
    <facility>
      <name>Santa Clara Valley Med Ctr</name>
      <address>
        <city>San Jose</city>
        <state>California</state>
        <zip>951282699</zip>
        <country>United States</country>
      </address>
    </facility>
  </location>
  <location>
    <facility>
      <name>TheraFirst Med Ctrs Inc</name>
      <address>
        <city>Fort Lauderdale</city>
        <state>Florida</state>
        <zip>33308</zip>
        <country>United States</country>
      </address>
    </facility>
  </location>
  <location>
    <facility>
      <name>Dr Nelson Zide</name>
      <address>
        <city>Hollywood</city>
        <state>Florida</state>
        <zip>33021</zip>
        <country>United States</country>
      </address>
    </facility>
  </location>
  <location>
    <facility>
      <name>Infectious Disease Research Institute Inc</name>
      <address>
        <city>Tampa</city>
        <state>Florida</state>
        <zip>33614</zip>
        <country>United States</country>
      </address>
    </facility>
  </location>
  <location>
    <facility>
      <name>Indiana Univ Hosp</name>
      <address>
        <city>Indianapolis</city>
        <state>Indiana</state>
        <zip>46202</zip>
        <country>United States</country>
      </address>
    </facility>
  </location>
  <location>
    <facility>
      <name>Saint Vincent's Hosp and Med Ctr</name>
      <address>
        <city>New York</city>
        <state>New York</state>
        <zip>10011</zip>
        <country>United States</country>
      </address>
    </facility>
  </location>
  <location>
    <facility>
      <name>SUNY / Health Sciences Ctr at Syracuse</name>
      <address>
        <city>Syracuse</city>
        <state>New York</state>
        <zip>13210</zip>
        <country>United States</country>
      </address>
    </facility>
  </location>
  <location>
    <facility>
      <name>New York Med College / Westchester County Med Ctr</name>
      <address>
        <city>Valhalla</city>
        <state>New York</state>
        <zip>10595</zip>
        <country>United States</country>
      </address>
    </facility>
  </location>
  <location>
    <facility>
      <name>Nalle Clinic</name>
      <address>
        <city>Charlotte</city>
        <state>North Carolina</state>
        <zip>28207</zip>
        <country>United States</country>
      </address>
    </facility>
  </location>
  <location>
    <facility>
      <name>Westover Heights Clinic</name>
      <address>
        <city>Portland</city>
        <state>Oregon</state>
        <zip>97210</zip>
        <country>United States</country>
      </address>
    </facility>
  </location>
  <location>
    <facility>
      <name>Univ of Tennessee</name>
      <address>
        <city>Memphis</city>
        <state>Tennessee</state>
        <zip>38163</zip>
        <country>United States</country>
      </address>
    </facility>
  </location>
  <location>
    <facility>
      <name>Vanderbilt Univ</name>
      <address>
        <city>Nashville</city>
        <state>Tennessee</state>
        <zip>37212</zip>
        <country>United States</country>
      </address>
    </facility>
  </location>
  <location>
    <facility>
      <name>Univ of Texas Southwestern Med Ctr of Dallas</name>
      <address>
        <city>Dallas</city>
        <state>Texas</state>
        <zip>75235</zip>
        <country>United States</country>
      </address>
    </facility>
  </location>
  <location>
    <facility>
      <name>Houston Veterans Administration Med Ctr</name>
      <address>
        <city>Houston</city>
        <state>Texas</state>
        <zip>77030</zip>
        <country>United States</country>
      </address>
    </facility>
  </location>
  <location>
    <facility>
      <name>Audie L Murphy Veterans Administration Hosp</name>
      <address>
        <city>San Antonio</city>
        <state>Texas</state>
        <zip>78284</zip>
        <country>United States</country>
      </address>
    </facility>
  </location>
  <location>
    <facility>
      <name>Salem Veterans Administration Med Ctr</name>
      <address>
        <city>Salem</city>
        <state>Virginia</state>
        <zip>24153</zip>
        <country>United States</country>
      </address>
    </facility>
  </location>
  <location>
    <facility>
      <name>Dr Alan D Tice / Infections Ltd</name>
      <address>
        <city>Tacoma</city>
        <state>Washington</state>
        <zip>98405</zip>
        <country>United States</country>
      </address>
    </facility>
  </location>
  <location_countries>
    <country>United States</country>
  </location_countries>
  <reference>
    <citation>Pierce M, Crampton S, Henry D, Heifets L, LaMarca A, Montecalvo M, Wormser GP, Jablonowski H, Jemsek J, Cynamon M, Yangco BG, Notario G, Craft JC. A randomized trial of clarithromycin as prophylaxis against disseminated Mycobacterium avium complex infection in patients with advanced acquired immunodeficiency syndrome. N Engl J Med. 1996 Aug 8;335(6):384-91.</citation>
    <PMID>8663871</PMID>
  </reference>
  <verification_date>February 2009</verification_date>
  <study_first_submitted>November 2, 1999</study_first_submitted>
  <study_first_submitted_qc>August 30, 2001</study_first_submitted_qc>
  <study_first_posted type="Estimate">August 31, 2001</study_first_posted>
  <last_update_submitted>January 15, 2015</last_update_submitted>
  <last_update_submitted_qc>January 15, 2015</last_update_submitted_qc>
  <last_update_posted type="Estimate">January 16, 2015</last_update_posted>
  <keyword>Mycobacterium avium-intracellular Infection</keyword>
  <keyword>Acquired Immunodeficiency Syndrome</keyword>
  <keyword>Clarithromycin</keyword>
  <condition_browse>
    <!-- CAUTION:  The following MeSH terms are assigned with an imperfect algorithm            -->
    <mesh_term>Infection</mesh_term>
    <mesh_term>Communicable Diseases</mesh_term>
    <mesh_term>Mycobacterium Infections</mesh_term>
    <mesh_term>Mycobacterium avium-intracellulare Infection</mesh_term>
  </condition_browse>
  <intervention_browse>
    <!-- CAUTION:  The following MeSH terms are assigned with an imperfect algorithm            -->
    <mesh_term>Clarithromycin</mesh_term>
  </intervention_browse>
  <!-- Results have not yet been posted for this study                                          -->
</clinical_study>

