<clinical_study>
  <!-- This xml conforms to an XML Schema at:
    https://clinicaltrials.gov/ct2/html/images/info/public.xsd -->
  <required_header>
    <download_date>ClinicalTrials.gov processed this data on July 31, 2020</download_date>
    <link_text>Link to the current ClinicalTrials.gov record.</link_text>
    <url>https://clinicaltrials.gov/show/NCT00000834</url>
  </required_header>
  <id_info>
    <org_study_id>DATRI 013</org_study_id>
    <secondary_id>11742</secondary_id>
    <nct_id>NCT00000834</nct_id>
  </id_info>
  <brief_title>A Phase I Study of Methotrexate for HIV Infection</brief_title>
  <official_title>A Phase I Study of Methotrexate for HIV Infection</official_title>
  <sponsors>
    <lead_sponsor>
      <agency>National Institute of Allergy and Infectious Diseases (NIAID)</agency>
      <agency_class>NIH</agency_class>
    </lead_sponsor>
  </sponsors>
  <source>National Institute of Allergy and Infectious Diseases (NIAID)</source>
  <brief_summary>
    <textblock>
      To determine the safety and tolerance of methotrexate in HIV-infected patients. To determine
      the dose effective in modulating key markers of immune activation. To determine a dose
      suitable for Phase II or III evaluation in HIV-infected patients.

      In HIV infection, complete immunological clearance of the foreign antigen does not occur,
      resulting in chronic immune activation. Because chronic immune activation may contribute to
      disease progression in HIV infection, immunomodulators may have therapeutic value in early
      HIV disease prior to development of opportunistic infections. The clinical benefits of
      methotrexate appear to derive from an anti-inflammatory effect; thus, it may reduce the state
      of chronic immune activation.
    </textblock>
  </brief_summary>
  <detailed_description>
    <textblock>
      In HIV infection, complete immunological clearance of the foreign antigen does not occur,
      resulting in chronic immune activation. Because chronic immune activation may contribute to
      disease progression in HIV infection, immunomodulators may have therapeutic value in early
      HIV disease prior to development of opportunistic infections. The clinical benefits of
      methotrexate appear to derive from an anti-inflammatory effect; thus, it may reduce the state
      of chronic immune activation.

      Patients are randomized to receive methotrexate at Dose 1 or 2 (low doses) for 12 weeks, with
      8 weeks of follow-up. If interim safety monitoring and viral burden results for the two
      cohorts support continuation, a third cohort of patients receive methotrexate starting at
      Dose 2 for the first 2 weeks, then at Dose 3 for the next 2 weeks, and at Dose 4 for the
      remaining 8 weeks, with 8 weeks of follow-up.

      AS PER AMENDMENT 1/10/97:

      The Dose 1 (the lowest dose) has been eliminated; the first 10 patients are now assigned to
      the next higher dose. Depending upon the results of interim safety data, the next cohort will
      be entered on the escalating dose regimen.

      Also per this amendment, all patients will receive zidovudine and lamivudine for 30 days
      prior to the initiation of methotrexate, during the 12 weeks of methotrexate administration,
      and for the 8 weeks of follow-up.
    </textblock>
  </detailed_description>
  <overall_status>Completed</overall_status>
  <completion_date type="Actual">June 2002</completion_date>
  <phase>Phase 1</phase>
  <study_type>Interventional</study_type>
  <has_expanded_access>No</has_expanded_access>
  <study_design_info>
    <allocation>Randomized</allocation>
    <primary_purpose>Treatment</primary_purpose>
  </study_design_info>
  <enrollment>30</enrollment>
  <condition>HIV Infections</condition>
  <intervention>
    <intervention_type>Drug</intervention_type>
    <intervention_name>Lamivudine</intervention_name>
  </intervention>
  <intervention>
    <intervention_type>Drug</intervention_type>
    <intervention_name>Methotrexate</intervention_name>
  </intervention>
  <intervention>
    <intervention_type>Drug</intervention_type>
    <intervention_name>Zidovudine</intervention_name>
  </intervention>
  <eligibility>
    <criteria>
      <textblock>
        Inclusion Criteria

        Concurrent Medication:

        Allowed:

          -  Antiemetics and antidiarrheals.

          -  Acetaminophen.

          -  Oral hypoglycemic agents.

        PER AMENDMENT 5/15/96:

          -  Stable dose of antiretroviral (must be stable for at least 1 month prior to study
             entry). [AS

        PER AMENDMENT 1/10/97:

          -  Combination zidovudine/lamivudine or zidovudine alone.]

        Patients must have:

          -  HIV seropositivity.

          -  CD4 count &gt;= 300 cells/mm3.

          -  No AIDS-defining condition.

        Exclusion Criteria

        Co-existing Condition:

        Patients with the following symptom or condition are excluded:

          -  Current positive PPD.

        Concurrent Medication:

        Excluded:

          -  Immunosuppressive or immunomodulatory drugs.

          -  Chronic nonsteroidal anti-inflammatory agents.

          -  Newly initiated antiretrovirals.

          -  Bone marrow suppressive drugs (e.g., TMP/SMX).

        Concurrent Treatment:

        AS PER AMENDMENT 1/10/97: Excluded:

          -  Antiretroviral therapy other than combination zidovudine/lamivudine or zidovudine
             alone; no initiation of other antiretroviral therapy should be planned while patient
             is on methotrexate.

        Patients with the following prior conditions are excluded:

          -  Prior malignancies.

          -  Prior mucocutaneous herpes infection requiring antiviral therapy [AS PER AMENDMENT
             7/31/96: Prior mucocutaneous herpes infection requiring systemic treatment with an
             antiviral agent (e.g., acyclovir); history of topical antiviral therapy is permitted].

          -  Anergic on DTH skin test within the past month (PER AMENDMENT 5/15/96: patients who
             are positive on DTH skin test but unable to receive the HIV-1 skin test because of
             allergies to insects, bee stings, etc., remain eligible for study enrollment).

          -  Inflammatory bowel disease, peptic ulcer disease, obesity combined with
             insulin-requiring diabetes, liver disease, or chronic renal disease within the past 6
             months.

          -  Positive for HBsAg or hepatitis C antibody within the past 2 weeks.

          -  Chest radiograph within the past 60 days that shows cavity disease, infiltrates, or
             scars from prior disease that would preclude diagnosis of a new infectious process or
             drug-induced pneumonitis.

        AS PER AMENDMENT 1/10/97:

          -  History of intolerance to zidovudine or lamivudine.

        Prior Medication:

        Excluded:

          -  Prior chemotherapy for malignancy.

        Prior Treatment:

        Excluded:

          -  Prior radiotherapy for malignancy. Alcohol abuse.
      </textblock>
    </criteria>
    <gender>All</gender>
    <minimum_age>18 Years</minimum_age>
    <maximum_age>N/A</maximum_age>
    <healthy_volunteers>No</healthy_volunteers>
  </eligibility>
  <overall_official>
    <last_name>Egorin M</last_name>
    <role>Study Chair</role>
  </overall_official>
  <overall_official>
    <last_name>Fox L</last_name>
    <role>Study Chair</role>
  </overall_official>
  <location>
    <facility>
      <name>Cedars Sinai Med Ctr</name>
      <address>
        <city>Los Angeles</city>
        <state>California</state>
        <zip>90048</zip>
        <country>United States</country>
      </address>
    </facility>
  </location>
  <location>
    <facility>
      <name>Georgetown Univ Med Ctr</name>
      <address>
        <city>Washington</city>
        <state>District of Columbia</state>
        <zip>20007</zip>
        <country>United States</country>
      </address>
    </facility>
  </location>
  <location>
    <facility>
      <name>Univ of Kansas School of Medicine</name>
      <address>
        <city>Wichita</city>
        <state>Kansas</state>
        <zip>67214</zip>
        <country>United States</country>
      </address>
    </facility>
  </location>
  <location>
    <facility>
      <name>New England Med Ctr</name>
      <address>
        <city>Boston</city>
        <state>Massachusetts</state>
        <zip>02111</zip>
        <country>United States</country>
      </address>
    </facility>
  </location>
  <location>
    <facility>
      <name>Harper Hosp</name>
      <address>
        <city>Detroit</city>
        <state>Michigan</state>
        <zip>48201</zip>
        <country>United States</country>
      </address>
    </facility>
  </location>
  <location>
    <facility>
      <name>Community Research Initiative on AIDS</name>
      <address>
        <city>New York</city>
        <state>New York</state>
        <zip>10001</zip>
        <country>United States</country>
      </address>
    </facility>
  </location>
  <location>
    <facility>
      <name>Univ of Texas Southwestern Med Ctr of Dallas</name>
      <address>
        <city>Dallas</city>
        <state>Texas</state>
        <zip>75235</zip>
        <country>United States</country>
      </address>
    </facility>
  </location>
  <location_countries>
    <country>United States</country>
  </location_countries>
  <verification_date>May 2012</verification_date>
  <study_first_submitted>November 2, 1999</study_first_submitted>
  <study_first_submitted_qc>August 30, 2001</study_first_submitted_qc>
  <study_first_posted type="Estimate">August 31, 2001</study_first_posted>
  <last_update_submitted>May 23, 2012</last_update_submitted>
  <last_update_submitted_qc>May 23, 2012</last_update_submitted_qc>
  <last_update_posted type="Estimate">May 25, 2012</last_update_posted>
  <responsible_party>
    <responsible_party_type>Sponsor</responsible_party_type>
  </responsible_party>
  <keyword>Methotrexate</keyword>
  <keyword>Acquired Immunodeficiency Syndrome</keyword>
  <keyword>AIDS-Related Complex</keyword>
  <keyword>Zidovudine</keyword>
  <keyword>Lamivudine</keyword>
  <keyword>Disease Progression</keyword>
  <keyword>Anti-Inflammatory Agents</keyword>
  <keyword>Anti-HIV Agents</keyword>
  <condition_browse>
    <!-- CAUTION:  The following MeSH terms are assigned with an imperfect algorithm            -->
    <mesh_term>Infection</mesh_term>
    <mesh_term>Communicable Diseases</mesh_term>
    <mesh_term>HIV Infections</mesh_term>
    <mesh_term>Acquired Immunodeficiency Syndrome</mesh_term>
  </condition_browse>
  <intervention_browse>
    <!-- CAUTION:  The following MeSH terms are assigned with an imperfect algorithm            -->
    <mesh_term>Lamivudine</mesh_term>
    <mesh_term>Zidovudine</mesh_term>
    <mesh_term>Methotrexate</mesh_term>
  </intervention_browse>
  <!-- Results have not yet been posted for this study                                          -->
</clinical_study>

