<clinical_study>
  <!-- This xml conforms to an XML Schema at:
    https://clinicaltrials.gov/ct2/html/images/info/public.xsd -->
  <required_header>
    <download_date>ClinicalTrials.gov processed this data on July 31, 2020</download_date>
    <link_text>Link to the current ClinicalTrials.gov record.</link_text>
    <url>https://clinicaltrials.gov/show/NCT00001680</url>
  </required_header>
  <id_info>
    <org_study_id>980008</org_study_id>
    <secondary_id>98-C-0008</secondary_id>
    <nct_id>NCT00001680</nct_id>
  </id_info>
  <brief_title>A Pilot Trial of Topical Thalidomide for the Management of Chronic Discoid Lupus Erythematosus</brief_title>
  <official_title>A Pilot Trial of Topical Thalidomide for the Management of Chronic Discoid Lupus Erythematosus</official_title>
  <sponsors>
    <lead_sponsor>
      <agency>National Cancer Institute (NCI)</agency>
      <agency_class>NIH</agency_class>
    </lead_sponsor>
  </sponsors>
  <source>National Institutes of Health Clinical Center (CC)</source>
  <brief_summary>
    <textblock>
      The purpose of this double-masked, pilot trial is to determine whether 20 percent thalidomide
      ointment is safe and effective for the treatment of chronic discoid lupus erythematosus
      (CDLE) when used under an occlusive dressing. Seventeen patients with two similar lesions
      will have lesions randomized to receive either intervention or placebo therapy.
    </textblock>
  </brief_summary>
  <detailed_description>
    <textblock>
      The purpose of this double-masked, pilot trial is to determine whether 20 % thalidomide
      ointment is safe and effective for the treatment of chronic discoid lupus erythematosus
      (CDLE) when used under an occlusive dressing. Seventeen patients with two similar lesions
      will have lesions randomized to receive either intervention or placebo therapy.
    </textblock>
  </detailed_description>
  <overall_status>Completed</overall_status>
  <start_date>October 1997</start_date>
  <completion_date>July 2001</completion_date>
  <phase>Phase 2</phase>
  <study_type>Interventional</study_type>
  <has_expanded_access>No</has_expanded_access>
  <study_design_info>
    <primary_purpose>Treatment</primary_purpose>
  </study_design_info>
  <enrollment>17</enrollment>
  <condition>Discoid Lupus Erythematosus</condition>
  <intervention>
    <intervention_type>Drug</intervention_type>
    <intervention_name>Thalidomide</intervention_name>
  </intervention>
  <eligibility>
    <criteria>
      <textblock>
        Age, 18 or more.

        Must have lesions that fulfill clinical and histologic criteria for active CDLE.

        Lesions must be of at least 3 months duration and must not have been treated with topical
        steroids or retinoids for at least 3 weeks.

        Patient must have at least two similar lesions that can accommodate a 2X3 inch dressing.

        Patient must be willing to have two 4 mm biopsies prior to onset of therapy and four 4 mm
        biopsies at the end of the study period.

        In the absence of systemic involvement, the CDLE lesions must not have responded to at
        least 3 months of therapy with topical steroids, sunscreens with or without antimalarials
        such as hydroxychloroquine.

        If CDLE is present in association with systemic involvement, the lesions must not have
        responded to 3 months of stable conventional systemic therapy and/or topical steroids and
        sunscreens.

        If female, the patient must have a negative pregnancy test prior to study entry.

        If female, must be postmenopausal surgically sterile, sexually inactive, or practicing
        successful contraception with two methods of birth control simultaneously for at least one
        month prior to starting on thalidomide and continue use for another month after the last
        application of thalidomide.

        If male, the patient must be surgically sterilized, sexually inactive, or use a condom
        during the study and continue regular use until one month after the last application of
        thalidomide.

        Patients must have normal cognitive abilities to be able to understand the experimental
        nature of the therapy, to be able to follow instructions regarding application of
        medication and correct use of contraceptive measures.

        Patients must not be pregnant or lactating.

        Patients must not have renal disease (serum creatinine greater than 2 times the upper limit
        of normal.

        Patients must not have hepatic dysfunction (liver function tests greater than 2 times the
        upper limit of normal).

        Patients must not have unstable systemic lupus erythematosus such that systemic therapy
        cannot be maintained at steady doses for the duration of the study.

        Patients must not use topical steroids for the duration of the study.

        Patients must not be currently receiving systemic thalidomide.

        Patients must not be hypersensitive to thalidomide.

        Patients must not have presence of polyneuropathy (objective sensory loss or motor weakness
        or reflex loss) with the exception of focal nerve entrapment syndromes (such as carpal
        tunnel syndrome), or receiving drugs with known or suspected neuropathic side effects.

        Patients must not have any other condition or therapy which in the opinion of the
        investigators may pose a risk to the patient or confound the results of the study.
      </textblock>
    </criteria>
    <gender>All</gender>
    <minimum_age>N/A</minimum_age>
    <maximum_age>N/A</maximum_age>
    <healthy_volunteers>No</healthy_volunteers>
  </eligibility>
  <location>
    <facility>
      <name>National Cancer Institute (NCI)</name>
      <address>
        <city>Bethesda</city>
        <state>Maryland</state>
        <zip>20892</zip>
        <country>United States</country>
      </address>
    </facility>
  </location>
  <location_countries>
    <country>United States</country>
  </location_countries>
  <reference>
    <citation>Knop J, Bonsmann G, Happle R, Ludolph A, Matz DR, Mifsud EJ, Macher E. Thalidomide in the treatment of sixty cases of chronic discoid lupus erythematosus. Br J Dermatol. 1983 Apr;108(4):461-6.</citation>
    <PMID>6838771</PMID>
  </reference>
  <reference>
    <citation>Schuler U, Ehninger G. Thalidomide: rationale for renewed use in immunological disorders. Drug Saf. 1995 Jun;12(6):364-9. Review.</citation>
    <PMID>8527011</PMID>
  </reference>
  <reference>
    <citation>Gardner-Medwin JM, Smith NJ, Powell RJ. Clinical experience with thalidomide in the management of severe oral and genital ulceration in conditions such as Behçet's disease: use of neurophysiological studies to detect thalidomide neuropathy. Ann Rheum Dis. 1994 Dec;53(12):828-32.</citation>
    <PMID>7864692</PMID>
  </reference>
  <verification_date>September 2000</verification_date>
  <study_first_submitted>November 3, 1999</study_first_submitted>
  <study_first_submitted_qc>December 9, 2002</study_first_submitted_qc>
  <study_first_posted type="Estimate">December 10, 2002</study_first_posted>
  <last_update_submitted>March 3, 2008</last_update_submitted>
  <last_update_submitted_qc>March 3, 2008</last_update_submitted_qc>
  <last_update_posted type="Estimate">March 4, 2008</last_update_posted>
  <keyword>Double-masked</keyword>
  <keyword>Neuropathy</keyword>
  <keyword>Occlusive Dressing</keyword>
  <keyword>Pilot</keyword>
  <keyword>Placebo</keyword>
  <condition_browse>
    <!-- CAUTION:  The following MeSH terms are assigned with an imperfect algorithm            -->
    <mesh_term>Lupus Erythematosus, Systemic</mesh_term>
    <mesh_term>Lupus Erythematosus, Discoid</mesh_term>
  </condition_browse>
  <intervention_browse>
    <!-- CAUTION:  The following MeSH terms are assigned with an imperfect algorithm            -->
    <mesh_term>Thalidomide</mesh_term>
  </intervention_browse>
  <!-- Results have not yet been posted for this study                                          -->
</clinical_study>

