<clinical_study>
  <!-- This xml conforms to an XML Schema at:
    https://clinicaltrials.gov/ct2/html/images/info/public.xsd -->
  <required_header>
    <download_date>ClinicalTrials.gov processed this data on July 31, 2020</download_date>
    <link_text>Link to the current ClinicalTrials.gov record.</link_text>
    <url>https://clinicaltrials.gov/show/NCT00001836</url>
  </required_header>
  <id_info>
    <org_study_id>990001</org_study_id>
    <secondary_id>99-CC-0001</secondary_id>
    <nct_id>NCT00001836</nct_id>
  </id_info>
  <brief_title>Detection of Coronary Artery Calcification: Comparison of Volumetric and Electron Beam Computed Tomography</brief_title>
  <official_title>Detection of Coronary Artery Calcification: Comparison of Volumetric and Electron Beam Computed Tomography</official_title>
  <sponsors>
    <lead_sponsor>
      <agency>National Institutes of Health Clinical Center (CC)</agency>
      <agency_class>NIH</agency_class>
    </lead_sponsor>
  </sponsors>
  <source>National Institutes of Health Clinical Center (CC)</source>
  <brief_summary>
    <textblock>
      Electron beam computed tomography (EBCT) has been regarded as the state-of-the-art
      investigation for detecting and quantitating coronary artery calcification. However, EBCT is
      expensive, and the asymmetric gantry geometry makes it less useful for routine scanning;
      thus, EBCT is not readily available to the general population. Recent reports have shown that
      &quot;volumetric&quot; (also known as &quot;helical&quot; or &quot;spiral&quot;) scanners, which are much more commonly
      available than EBCT, can detect coronary artery calcifications. Updated software available to
      the NIH which will allow for EKG gating of volumetric scans should improve the quality of the
      images, and thus improve the ability to accurately quantitate coronary calcification by
      volumetric scanners. We would like to compare the results of volumetric scans with that of
      standard EBCT in order to characterize similarities and differences between the two scanning
      techniques. We propose to obtain EBCT and volumetric CT scans of the coronary arteries in a
      group of patients with known or suspected coronary artery disease and to calculate the
      calcium score by each method. Our primary analysis will be a comparison of the sensitivities
      of the two methods.
    </textblock>
  </brief_summary>
  <detailed_description>
    <textblock>
      Electron beam computed tomography (EBCT) has been regarded as the state-of-the-art
      investigation for detecting and quantitating coronary artery calcification. However, EBCT is
      expensive, and the asymmetric gantry geometry makes it less useful for routine scanning;
      thus, EBCT is not readily available to the general population. Recent reports have shown that
      &quot;volumetric&quot; (also known as &quot;helical&quot; or &quot;spiral&quot;) scanners, which are much more commonly
      available than EBCT, can detect coronary artery calcifications. Updated software available to
      the NIH which will allow for EKG gating of volumetric scans should improve the quality of the
      images, and thus improve the ability to accurately quantitate coronary calcification by
      volumetric scanners. We would like to compare the results of volumetric scans with that of
      standard EBCT in order to characterize similarities and differences between the two scanning
      techniques. We propose to obtain EBCT and volumetric CT scans of the coronary arteries in a
      group of patients with known or suspected coronary artery calcification, including subjects
      of sufficiently advanced age, and to calculate the calcium score by each method. Our primary
      analysis will be a comparison of the sensitivities of the two methods.
    </textblock>
  </detailed_description>
  <overall_status>Completed</overall_status>
  <start_date>October 1998</start_date>
  <completion_date>November 2001</completion_date>
  <study_type>Observational</study_type>
  <has_expanded_access>No</has_expanded_access>
  <enrollment>213</enrollment>
  <condition>Coronary Disease</condition>
  <eligibility>
    <criteria>
      <textblock>
        Must have known or suspected coronary artery calcification, including subjects of age equal
        to or greater than 55 years (men), or 65 years (women).

        Must be at increased risk for CAD. (Chronic hypertension greater than 140/90,
        cholesterolemia greater than 130 mg/dl, active cigarette smoker, or diabetes mellitus.)

        Must be 18 years of age or older.

        Females must not be pregnant or considering pregnancy and must not be lactating.

        Must not have any surgical devices which may interfere with imaging: heart valves,
        pacemakers, sternal wire sutures, epicardial pacer leads, metallic coronary stents.

        Must not have tachycardia greater than 90 bpm at time of scanning, or other fast or
        irregular rhythm.

        Must not be obese. Patients weighing more than 300 pounds will be excluded since this is
        the table weight limit for the EBCT scanner.

        Must be able to suspend respiration for 28 seconds at time of scanning.

        Must be able to give informed consent.
      </textblock>
    </criteria>
    <gender>All</gender>
    <minimum_age>N/A</minimum_age>
    <maximum_age>N/A</maximum_age>
    <healthy_volunteers>No</healthy_volunteers>
  </eligibility>
  <location>
    <facility>
      <name>Warren G. Magnuson Clinical Center (CC)</name>
      <address>
        <city>Bethesda</city>
        <state>Maryland</state>
        <zip>20892</zip>
        <country>United States</country>
      </address>
    </facility>
  </location>
  <location_countries>
    <country>United States</country>
  </location_countries>
  <reference>
    <citation>Breen JF, Sheedy PF 2nd, Schwartz RS, Stanson AW, Kaufmann RB, Moll PP, Rumberger JA. Coronary artery calcification detected with ultrafast CT as an indication of coronary artery disease. Radiology. 1992 Nov;185(2):435-9.</citation>
    <PMID>1410350</PMID>
  </reference>
  <reference>
    <citation>Kaufmann RB, Sheedy PF 2nd, Breen JF, Kelzenberg JR, Kruger BL, Schwartz RS, Moll PP. Detection of heart calcification with electron beam CT: interobserver and intraobserver reliability for scoring quantification. Radiology. 1994 Feb;190(2):347-52.</citation>
    <PMID>8284380</PMID>
  </reference>
  <reference>
    <citation>Shemesh J, Apter S, Rozenman J, Lusky A, Rath S, Itzchak Y, Motro M. Calcification of coronary arteries: detection and quantification with double-helix CT. Radiology. 1995 Dec;197(3):779-83.</citation>
    <PMID>7480756</PMID>
  </reference>
  <verification_date>November 2001</verification_date>
  <study_first_submitted>November 3, 1999</study_first_submitted>
  <study_first_submitted_qc>November 3, 1999</study_first_submitted_qc>
  <study_first_posted type="Estimate">November 4, 1999</study_first_posted>
  <last_update_submitted>March 3, 2008</last_update_submitted>
  <last_update_submitted_qc>March 3, 2008</last_update_submitted_qc>
  <last_update_posted type="Estimate">March 4, 2008</last_update_posted>
  <keyword>Coronary Artery Disease</keyword>
  <keyword>EBCT</keyword>
  <keyword>Volumetric Scan</keyword>
  <keyword>Coronary Artery Calcium</keyword>
  <keyword>Prospective Gating</keyword>
  <condition_browse>
    <!-- CAUTION:  The following MeSH terms are assigned with an imperfect algorithm            -->
    <mesh_term>Coronary Disease</mesh_term>
  </condition_browse>
  <!-- Results have not yet been posted for this study                                          -->
</clinical_study>

