<clinical_study>
  <!-- This xml conforms to an XML Schema at:
    https://clinicaltrials.gov/ct2/html/images/info/public.xsd -->
  <required_header>
    <download_date>ClinicalTrials.gov processed this data on July 31, 2020</download_date>
    <link_text>Link to the current ClinicalTrials.gov record.</link_text>
    <url>https://clinicaltrials.gov/show/NCT00000898</url>
  </required_header>
  <id_info>
    <org_study_id>ACTG 378</org_study_id>
    <secondary_id>11339</secondary_id>
    <nct_id>NCT00000898</nct_id>
  </id_info>
  <brief_title>The Effects of Staggered Dosing on Interactions Between Paired Combinations of Nelfinavir, Ritonavir, and Saquinavir</brief_title>
  <official_title>A Prototype Study to Test the Effect of Staggered Dosing on the Pharmacokinetic Interactions Between Paired Combinations of Nelfinavir (NFV), Ritonavir (RTV), and Soft Gelatin Capsule of Saquinavir (SQVsgc)</official_title>
  <sponsors>
    <lead_sponsor>
      <agency>National Institute of Allergy and Infectious Diseases (NIAID)</agency>
      <agency_class>NIH</agency_class>
    </lead_sponsor>
  </sponsors>
  <source>National Institute of Allergy and Infectious Diseases (NIAID)</source>
  <brief_summary>
    <textblock>
      The purpose of this study is to see if staggering doses of nelfinavir, ritonavir, and
      saquinavir has any effect on the interactions between these drugs.
    </textblock>
  </brief_summary>
  <overall_status>Completed</overall_status>
  <completion_date type="Actual">May 2000</completion_date>
  <phase>N/A</phase>
  <study_type>Interventional</study_type>
  <has_expanded_access>No</has_expanded_access>
  <study_design_info>
    <primary_purpose>Treatment</primary_purpose>
  </study_design_info>
  <enrollment>18</enrollment>
  <condition>HIV Infections</condition>
  <intervention>
    <intervention_type>Drug</intervention_type>
    <intervention_name>Ritonavir</intervention_name>
  </intervention>
  <intervention>
    <intervention_type>Drug</intervention_type>
    <intervention_name>Nelfinavir mesylate</intervention_name>
  </intervention>
  <intervention>
    <intervention_type>Drug</intervention_type>
    <intervention_name>Saquinavir</intervention_name>
  </intervention>
  <eligibility>
    <criteria>
      <textblock>
        Inclusion Criteria

        Patients must have:

          -  Absence of HIV-1 infection as documented by any licensed ELISA test kit within 14 days
             prior to study entry.

        Exclusion Criteria

        Co-existing Condition:

        Patients with the following symptoms and conditions are excluded:

          -  Any medical condition that, in the opinion of the investigator, would interfere with
             the patient's ability to participate in this protocol.

        Patients with the following prior conditions and symptoms are excluded:

          -  History of chronic illness such as hypertension, coronary artery disease, arthritis,
             diabetes, or any chronic gastrointestinal conditions that might interfere with drug
             absorption.
      </textblock>
    </criteria>
    <gender>All</gender>
    <minimum_age>18 Years</minimum_age>
    <maximum_age>N/A</maximum_age>
    <healthy_volunteers>Accepts Healthy Volunteers</healthy_volunteers>
  </eligibility>
  <overall_official>
    <last_name>Blaschke T</last_name>
    <role>Study Chair</role>
  </overall_official>
  <overall_official>
    <last_name>Flexner C</last_name>
    <role>Study Chair</role>
  </overall_official>
  <overall_official>
    <last_name>Sheiner L</last_name>
    <role>Study Chair</role>
  </overall_official>
  <location>
    <facility>
      <name>San Francisco Gen Hosp</name>
      <address>
        <city>San Francisco</city>
        <state>California</state>
        <zip>941102859</zip>
        <country>United States</country>
      </address>
    </facility>
  </location>
  <location>
    <facility>
      <name>Univ of California/ San Francisco / Dept of Medicine</name>
      <address>
        <city>San Francisco</city>
        <state>California</state>
        <zip>94110</zip>
        <country>United States</country>
      </address>
    </facility>
  </location>
  <location>
    <facility>
      <name>Stanford Univ Med Ctr</name>
      <address>
        <city>Stanford</city>
        <state>California</state>
        <zip>943055107</zip>
        <country>United States</country>
      </address>
    </facility>
  </location>
  <location>
    <facility>
      <name>Johns Hopkins Hosp</name>
      <address>
        <city>Baltimore</city>
        <state>Maryland</state>
        <zip>21287</zip>
        <country>United States</country>
      </address>
    </facility>
  </location>
  <location_countries>
    <country>United States</country>
  </location_countries>
  <reference>
    <citation>Washington CB, Flexner C, Sheiner LB, Rosenkranz SL, Segal Y, Aberg JA, Blaschke TF; AIDS Clinical Trials Group Protocol (ACTG 378) Study Team. Effect of simultaneous versus staggered dosing on pharmacokinetic interactions of protease inhibitors. Clin Pharmacol Ther. 2003 May;73(5):406-16.</citation>
    <PMID>12732841</PMID>
  </reference>
  <verification_date>February 2012</verification_date>
  <study_first_submitted>November 2, 1999</study_first_submitted>
  <study_first_submitted_qc>August 30, 2001</study_first_submitted_qc>
  <study_first_posted type="Estimate">August 31, 2001</study_first_posted>
  <last_update_submitted>February 16, 2012</last_update_submitted>
  <last_update_submitted_qc>February 16, 2012</last_update_submitted_qc>
  <last_update_posted type="Estimate">February 17, 2012</last_update_posted>
  <responsible_party>
    <responsible_party_type>Sponsor</responsible_party_type>
  </responsible_party>
  <keyword>Drug Interactions</keyword>
  <keyword>Drug Therapy, Combination</keyword>
  <keyword>Saquinavir</keyword>
  <keyword>HIV Protease Inhibitors</keyword>
  <keyword>Ritonavir</keyword>
  <keyword>Nelfinavir</keyword>
  <condition_browse>
    <!-- CAUTION:  The following MeSH terms are assigned with an imperfect algorithm            -->
    <mesh_term>HIV Infections</mesh_term>
  </condition_browse>
  <intervention_browse>
    <!-- CAUTION:  The following MeSH terms are assigned with an imperfect algorithm            -->
    <mesh_term>Ritonavir</mesh_term>
    <mesh_term>Nelfinavir</mesh_term>
    <mesh_term>Saquinavir</mesh_term>
  </intervention_browse>
  <!-- Results have not yet been posted for this study                                          -->
</clinical_study>

