<clinical_study>
  <!-- This xml conforms to an XML Schema at:
    https://clinicaltrials.gov/ct2/html/images/info/public.xsd -->
  <required_header>
    <download_date>ClinicalTrials.gov processed this data on July 31, 2020</download_date>
    <link_text>Link to the current ClinicalTrials.gov record.</link_text>
    <url>https://clinicaltrials.gov/show/NCT00000351</url>
  </required_header>
  <id_info>
    <org_study_id>NIDA-3-0010-16</org_study_id>
    <nct_id>NCT00000351</nct_id>
  </id_info>
  <brief_title>Cognitive Correlates of Substance Abuse, Part 2 - 16</brief_title>
  <official_title>Cognitive Correlates of Substance Abuse, Part 2</official_title>
  <sponsors>
    <lead_sponsor>
      <agency>National Institute on Drug Abuse (NIDA)</agency>
      <agency_class>NIH</agency_class>
    </lead_sponsor>
  </sponsors>
  <source>National Institute on Drug Abuse (NIDA)</source>
  <brief_summary>
    <textblock>
      Part II: Examine cognitive performance of stimulant abusers (methamphetamine and cocaine)
      during recovery by assessing their cognitive function at monthly intervals.
    </textblock>
  </brief_summary>
  <detailed_description>
    <textblock>
      Part II: Examine cognitive performance of stimulant abusers (methamphetamine and cocaine)
      during recovery by assessing their cognitive function at monthly intervals.
    </textblock>
  </detailed_description>
  <overall_status>Unknown status</overall_status>
  <last_known_status>Active, not recruiting</last_known_status>
  <study_type>Observational</study_type>
  <has_expanded_access>No</has_expanded_access>
  <enrollment>43</enrollment>
  <condition>Amphetamine-Related Disorders</condition>
  <eligibility>
    <criteria>
      <textblock>
        Please contact site for information

        Inclusion Criteria:

        M/F. Meet DSM-IV criteria for stimulant dependence. Agree to conditions of the study and
        sign informed consent.
      </textblock>
    </criteria>
    <gender>All</gender>
    <minimum_age>N/A</minimum_age>
    <maximum_age>N/A</maximum_age>
    <healthy_volunteers>No</healthy_volunteers>
  </eligibility>
  <overall_official>
    <last_name>Walter Ling, M.D.</last_name>
    <role>Principal Investigator</role>
    <affiliation>Friends Research Institute, Inc.</affiliation>
  </overall_official>
  <location>
    <facility>
      <name>Friends Research Institute</name>
      <address>
        <city>Los Angeles</city>
        <state>California</state>
        <zip>90025</zip>
        <country>United States</country>
      </address>
    </facility>
  </location>
  <location_countries>
    <country>United States</country>
  </location_countries>
  <verification_date>December 2002</verification_date>
  <study_first_submitted>September 20, 1999</study_first_submitted>
  <study_first_submitted_qc>September 20, 1999</study_first_submitted_qc>
  <study_first_posted type="Estimate">September 21, 1999</study_first_posted>
  <last_update_submitted>January 10, 2017</last_update_submitted>
  <last_update_submitted_qc>January 10, 2017</last_update_submitted_qc>
  <last_update_posted type="Estimate">January 11, 2017</last_update_posted>
  <condition_browse>
    <!-- CAUTION:  The following MeSH terms are assigned with an imperfect algorithm            -->
    <mesh_term>Substance-Related Disorders</mesh_term>
    <mesh_term>Amphetamine-Related Disorders</mesh_term>
  </condition_browse>
  <!-- Results have not yet been posted for this study                                          -->
</clinical_study>

