<clinical_study>
  <!-- This xml conforms to an XML Schema at:
    https://clinicaltrials.gov/ct2/html/images/info/public.xsd -->
  <required_header>
    <download_date>ClinicalTrials.gov processed this data on July 31, 2020</download_date>
    <link_text>Link to the current ClinicalTrials.gov record.</link_text>
    <url>https://clinicaltrials.gov/show/NCT00000344</url>
  </required_header>
  <id_info>
    <org_study_id>NIDA-3-0010-9</org_study_id>
    <secondary_id>Y01-3-0010-9</secondary_id>
    <nct_id>NCT00000344</nct_id>
  </id_info>
  <brief_title>Buprenorphine/Naloxone for Treatment of Opiate Dependence - 9</brief_title>
  <official_title>Trial of Buprenorphine/Naloxone for Treatment of Opiate Dependence</official_title>
  <sponsors>
    <lead_sponsor>
      <agency>National Institute on Drug Abuse (NIDA)</agency>
      <agency_class>NIH</agency_class>
    </lead_sponsor>
  </sponsors>
  <source>National Institute on Drug Abuse (NIDA)</source>
  <brief_summary>
    <textblock>
      The purpose of this study is to determine the efficacy and safety of a buprenorphine/naloxone
      sublingual tablet formulation as an office-based therapy for opiate-dependence treatment.
    </textblock>
  </brief_summary>
  <overall_status>Completed</overall_status>
  <completion_date type="Actual">August 2000</completion_date>
  <phase>Phase 2</phase>
  <study_type>Interventional</study_type>
  <has_expanded_access>No</has_expanded_access>
  <study_design_info>
    <allocation>Randomized</allocation>
    <primary_purpose>Treatment</primary_purpose>
    <masking>Double</masking>
  </study_design_info>
  <enrollment>40</enrollment>
  <condition>Opioid-Related Disorders</condition>
  <intervention>
    <intervention_type>Drug</intervention_type>
    <intervention_name>Buprenorphine/naloxone</intervention_name>
  </intervention>
  <eligibility>
    <criteria>
      <textblock>
        Inclusion Criteria:

        M/F ages 21-50. Meet DSM-IV criteria for opiate dependence. Agree to conditions of the
        study and sign informed consent.

        Exclusion Criteria:

        Psychiatric disorder that requires medication therapy. History of seizures. Pregnant and/or
        nuring women. Dependence on ETOH or benzodiazepines or other sedative/hypnotics. Acute
        hepatitis. Other medical condtions that deem participation to be unsafe.
      </textblock>
    </criteria>
    <gender>All</gender>
    <minimum_age>21 Years</minimum_age>
    <maximum_age>50 Years</maximum_age>
    <healthy_volunteers>No</healthy_volunteers>
  </eligibility>
  <overall_official>
    <last_name>Walter Ling, M.D.</last_name>
    <role>Principal Investigator</role>
    <affiliation>Friends Research Institute, Inc.</affiliation>
  </overall_official>
  <location>
    <facility>
      <name>Friends Research Institute</name>
      <address>
        <city>Los Angeles</city>
        <state>California</state>
        <zip>90025</zip>
        <country>United States</country>
      </address>
    </facility>
  </location>
  <location_countries>
    <country>United States</country>
  </location_countries>
  <verification_date>August 2008</verification_date>
  <study_first_submitted>September 20, 1999</study_first_submitted>
  <study_first_submitted_qc>September 20, 1999</study_first_submitted_qc>
  <study_first_posted type="Estimate">September 21, 1999</study_first_posted>
  <last_update_submitted>January 11, 2017</last_update_submitted>
  <last_update_submitted_qc>January 11, 2017</last_update_submitted_qc>
  <last_update_posted type="Estimate">January 12, 2017</last_update_posted>
  <keyword>opioid dependence</keyword>
  <condition_browse>
    <!-- CAUTION:  The following MeSH terms are assigned with an imperfect algorithm            -->
    <mesh_term>Opioid-Related Disorders</mesh_term>
  </condition_browse>
  <intervention_browse>
    <!-- CAUTION:  The following MeSH terms are assigned with an imperfect algorithm            -->
    <mesh_term>Buprenorphine</mesh_term>
    <mesh_term>Buprenorphine, Naloxone Drug Combination</mesh_term>
    <mesh_term>Naloxone</mesh_term>
  </intervention_browse>
  <!-- Results have not yet been posted for this study                                          -->
</clinical_study>

