<clinical_study>
  <!-- This xml conforms to an XML Schema at:
    https://clinicaltrials.gov/ct2/html/images/info/public.xsd -->
  <required_header>
    <download_date>ClinicalTrials.gov processed this data on July 31, 2020</download_date>
    <link_text>Link to the current ClinicalTrials.gov record.</link_text>
    <url>https://clinicaltrials.gov/show/NCT00000644</url>
  </required_header>
  <id_info>
    <org_study_id>ACTG 157</org_study_id>
    <nct_id>NCT00000644</nct_id>
  </id_info>
  <brief_title>A Phase II Safety and Efficacy Study of Clarithromycin in the Treatment of Disseminated M. Avium Complex (MAC) Infections in Patients With AIDS</brief_title>
  <official_title>A Phase II Safety and Efficacy Study of Clarithromycin in the Treatment of Disseminated M. Avium Complex (MAC) Infections in Patients With AIDS</official_title>
  <sponsors>
    <lead_sponsor>
      <agency>National Institute of Allergy and Infectious Diseases (NIAID)</agency>
      <agency_class>NIH</agency_class>
    </lead_sponsor>
    <collaborator>
      <agency>Abbott</agency>
      <agency_class>Industry</agency_class>
    </collaborator>
  </sponsors>
  <source>National Institute of Allergy and Infectious Diseases (NIAID)</source>
  <brief_summary>
    <textblock>
      This study is designed to evaluate the efficacy and safety of clarithromycin given orally at
      1 of 3 doses to treat disseminated Mycobacterium avium complex infections (MAC) in patients
      with AIDS.

      Mycobacterium avium complex (MAC) is thought to be the most common disseminated bacterial
      opportunistic infection in AIDS, with clinical prevalence estimates ranging from 15 to 50
      percent of all AIDS patients. Clarithromycin, a new macrolide antimicrobial agent, has
      demonstrated activity against MAC both in the laboratory and in animals. Clinical experience
      treating AIDS patients with clarithromycin for disseminated MAC is limited. However, early
      studies have indicated few adverse effects and some improvement in clinical symptoms scores
      and Karnofsky performance scores over placebo treated patients.
    </textblock>
  </brief_summary>
  <detailed_description>
    <textblock>
      Mycobacterium avium complex (MAC) is thought to be the most common disseminated bacterial
      opportunistic infection in AIDS, with clinical prevalence estimates ranging from 15 to 50
      percent of all AIDS patients. Clarithromycin, a new macrolide antimicrobial agent, has
      demonstrated activity against MAC both in the laboratory and in animals. Clinical experience
      treating AIDS patients with clarithromycin for disseminated MAC is limited. However, early
      studies have indicated few adverse effects and some improvement in clinical symptoms scores
      and Karnofsky performance scores over placebo treated patients.

      Treatment is randomly assigned so that twice as many patients receive clarithromycin at the
      lower dose as at an intermediate dose for 12 weeks. Once data becomes available to support
      dosing patients with clarithromycin at the highest dose, then treatment will be randomly
      assigned so that twice as many patients receive clarithromycin at the highest dose as at the
      intermediate dose. Sixteen patients per group (48 patients in all) will be enrolled. Patients
      exhibiting clinical improvement or clinical cure while on this trial will be allowed to
      continue on therapy for an additional 6 months. Patients will have clinical evaluations
      (including the Karnofsky Performance Scale), laboratory evaluations (hematology and
      chemistry), and blood cultures for MAC performed monthly.
    </textblock>
  </detailed_description>
  <overall_status>Completed</overall_status>
  <primary_completion_date type="Actual">November 1997</primary_completion_date>
  <phase>Phase 2</phase>
  <study_type>Interventional</study_type>
  <has_expanded_access>No</has_expanded_access>
  <study_design_info>
    <primary_purpose>Treatment</primary_purpose>
    <masking>Double</masking>
  </study_design_info>
  <enrollment>100</enrollment>
  <condition>Mycobacterium Avium-intracellulare Infection</condition>
  <condition>HIV Infections</condition>
  <intervention>
    <intervention_type>Drug</intervention_type>
    <intervention_name>Clarithromycin</intervention_name>
  </intervention>
  <eligibility>
    <criteria>
      <textblock>
        Inclusion Criteria

        Concurrent Medication:

        Allowed:

          -  Didanosine (ddI).

          -  Dideoxycytidine (ddC).

          -  Zidovudine (AZT).

          -  Acetaminophen.

          -  Acyclovir.

          -  Fluconazole.

          -  Erythropoietin (EPO).

          -  Systemic Pneumocystis carinii pneumonia (PCP) prophylaxis (aerosolized or oral
             pentamidine, trimethoprim / sulfamethoxazole, or dapsone).

          -  Maintenance ganciclovir therapy (permitted only if dose and clinical and laboratory
             parameters have been stable for at least 4 weeks prior to study entry).

          -  Maintenance treatment for other opportunistic infections if the dose and clinical and
             laboratory parameters have been stable for 4 weeks prior to study entry.

        Patients must have:

          -  Positive results for HIV by ELISA confirmed by another method.

          -  Positive blood culture for Mycobacterium avium complex within 2 months of study entry
             and clinical symptoms of MAC infection.

          -  Discontinued all mycobacterial drugs (approved and investigational) for at least 4
             weeks prior to the start of drug therapy (with the exception of isoniazid prophylaxis
             which should be discontinued at Study Day minus 14 to Study Day minus 7

          -  Given written informed consent to participate in the trial.

          -  Met the listed laboratory parameters in the pre-treatment visit.

        Prior Medication:

        Allowed:

          -  Didanosine (ddI).

          -  Deoxycytidine (ddC).

          -  Zidovudine (AZT).

          -  Acetaminophen.

          -  Acyclovir.

          -  Fluconazole.

          -  Erythropoietin (EPO).

          -  Systemic Pneumocystis carinii pneumonia (PCP) prophylaxis (aerosolized or oral
             pentamidine, dapsone, trimethoprim / sulfamethoxazole).

          -  Maintenance ganciclovir therapy (permitted only if dose and clinical and laboratory
             parameters have been stable for at least 4 weeks prior to study entry).

        Exclusion Criteria

        Co-existing Condition:

        Patients with the following conditions or symptoms are excluded:

          -  Active opportunistic infections. Maintenance treatment for other opportunistic
             infections will be permitted if the dose and clinical and laboratory parameters have
             been stable for 4 weeks prior to study entry.

        Concurrent Medication:

        Excluded:

          -  Aminoglycosides.

          -  Ansamycin (rifabutin).

          -  Quinolones.

          -  Other macrolides.

          -  Clofazimine.

          -  Cytotoxic chemotherapy.

          -  Rifampin.

          -  Ethambutol.

          -  Immunomodulators (except alpha interferon).

          -  Investigational drugs (except ddI, ddC, and erythropoietin).

        Patients with the following are excluded:

          -  History of allergy to macrolide antimicrobials.

          -  Currently on active therapy with any anti-mycobacterial drugs listed in Exclusion
             Prior Medications.

          -  Currently on active therapy with carbamazepine or theophylline, unless the
             investigator agrees to carefully monitor blood levels.

          -  Inability to comply with the protocol or judged to be near imminent death by the
             investigator.

          -  Active opportunistic infections.

          -  Requiring any of the excluded concomitant medications.

        Prior Medication:

        Excluded for at least 4 weeks prior to study entry:

          -  All anti-mycobacterial drugs (approved and investigational) with the exception of
             isoniazid prophylaxis, which should be discontinued at Study Day minus 14 to minus 7.
      </textblock>
    </criteria>
    <gender>All</gender>
    <minimum_age>13 Years</minimum_age>
    <maximum_age>N/A</maximum_age>
    <healthy_volunteers>No</healthy_volunteers>
  </eligibility>
  <overall_official>
    <last_name>Chaisson R</last_name>
    <role>Study Chair</role>
  </overall_official>
  <location>
    <facility>
      <name>Univ of Southern California / LA County USC Med Ctr</name>
      <address>
        <city>Los Angeles</city>
        <state>California</state>
        <zip>900331079</zip>
        <country>United States</country>
      </address>
    </facility>
  </location>
  <location>
    <facility>
      <name>Rush Presbyterian - Saint Luke's Med Ctr</name>
      <address>
        <city>Chicago</city>
        <state>Illinois</state>
        <zip>60612</zip>
        <country>United States</country>
      </address>
    </facility>
  </location>
  <location>
    <facility>
      <name>Johns Hopkins Hosp</name>
      <address>
        <city>Baltimore</city>
        <state>Maryland</state>
        <zip>21287</zip>
        <country>United States</country>
      </address>
    </facility>
  </location>
  <location_countries>
    <country>United States</country>
  </location_countries>
  <reference>
    <citation>Chaisson RE, Benson CA, Dube MP, Heifets LB, Korvick JA, Elkin S, Smith T, Craft JC, Sattler FR. Clarithromycin therapy for bacteremic Mycobacterium avium complex disease. A randomized, double-blind, dose-ranging study in patients with AIDS. AIDS Clinical Trials Group Protocol 157 Study Team. Ann Intern Med. 1994 Dec 15;121(12):905-11.</citation>
    <PMID>7978715</PMID>
  </reference>
  <reference>
    <citation>Wu AW, Lichter SL, Richardson W, Urbanski PA, Benson C, Sattler FR, Chaisson R. Quality of life in patients receiving clarithromycin for Mycobacterium avium complex infection and AIDS. Int Conf AIDS. 1992 Jul 19-24;8(2):B178 (abstract no PoB 3550)</citation>
  </reference>
  <reference>
    <citation>Chaisson RE, Benson CA, Dube M, Hafner R, Dellerson M, Lichter S, Smith T, Sattler FR. Clarithromycin for disseminated Mycobacterium avium-complex in AIDS patients. Int Conf AIDS. 1992 Jul 19-24;8(1):We54 (abstract no WeB 1052)</citation>
  </reference>
  <verification_date>February 2011</verification_date>
  <study_first_submitted>November 2, 1999</study_first_submitted>
  <study_first_submitted_qc>August 30, 2001</study_first_submitted_qc>
  <study_first_posted type="Estimate">August 31, 2001</study_first_posted>
  <last_update_submitted>February 24, 2011</last_update_submitted>
  <last_update_submitted_qc>February 24, 2011</last_update_submitted_qc>
  <last_update_posted type="Estimate">February 25, 2011</last_update_posted>
  <keyword>AIDS-Related Opportunistic Infections</keyword>
  <keyword>Mycobacterium avium-intracellulare Infection</keyword>
  <keyword>Acquired Immunodeficiency Syndrome</keyword>
  <keyword>Clarithromycin</keyword>
  <condition_browse>
    <!-- CAUTION:  The following MeSH terms are assigned with an imperfect algorithm            -->
    <mesh_term>Infection</mesh_term>
    <mesh_term>Communicable Diseases</mesh_term>
    <mesh_term>Mycobacterium Infections</mesh_term>
    <mesh_term>Mycobacterium avium-intracellulare Infection</mesh_term>
  </condition_browse>
  <intervention_browse>
    <!-- CAUTION:  The following MeSH terms are assigned with an imperfect algorithm            -->
    <mesh_term>Clarithromycin</mesh_term>
  </intervention_browse>
  <!-- Results have not yet been posted for this study                                          -->
</clinical_study>

