<clinical_study>
  <!-- This xml conforms to an XML Schema at:
    https://clinicaltrials.gov/ct2/html/images/info/public.xsd -->
  <required_header>
    <download_date>ClinicalTrials.gov processed this data on July 31, 2020</download_date>
    <link_text>Link to the current ClinicalTrials.gov record.</link_text>
    <url>https://clinicaltrials.gov/show/NCT00002255</url>
  </required_header>
  <id_info>
    <org_study_id>077A</org_study_id>
    <secondary_id>G-CSF 8808</secondary_id>
    <nct_id>NCT00002255</nct_id>
  </id_info>
  <brief_title>An Open-Label Phase I/II Study of Recombinant Granulocyte Colony Stimulating Factor (r-metHuG-CSF) and Recombinant Erythropoietin (rHuEPO) Given Subcutaneously Along With Zidovudine (AZT) to Patients With the Acquired Immune Deficiency Syndrome (AIDS) or Severe AIDS-Related Complex (ARC)</brief_title>
  <official_title>An Open-Label Phase I/II Study of Recombinant Granulocyte Colony Stimulating Factor (r-metHuG-CSF) and Recombinant Erythropoietin (rHuEPO) Given Subcutaneously Along With Zidovudine (AZT) to Patients With the Acquired Immune Deficiency Syndrome (AIDS) or Severe AIDS-Related Complex (ARC)</official_title>
  <sponsors>
    <lead_sponsor>
      <agency>Amgen</agency>
      <agency_class>Industry</agency_class>
    </lead_sponsor>
  </sponsors>
  <source>NIH AIDS Clinical Trials Information Service</source>
  <brief_summary>
    <textblock>
      To evaluate the safety, tolerance, and biological activity of filgrastim (recombinant
      granulocyte colony stimulating factor; G-CSF) given by daily subcutaneous injection prior to
      and concomitantly with erythropoietin (EPO) and zidovudine (AZT) in patients with AIDS or
      severe ARC. To evaluate the safety, tolerance, and biological activity of recombinant EPO
      given three times weekly by subcutaneous injection concomitantly with G-CSF and prior to and
      concomitantly with AZT in patients with AIDS or severe ARC. To study the safety and tolerance
      of three dose levels of AZT given concomitantly with G-CSF and EPO in patients with AIDS or
      severe ARC. To study the effects of G-CSF on neutrophil function and number in patients with
      AIDS or severe ARC. To study the effect of G-CSF alone and in combination with EPO on HIV
      replication in vivo as measured by circulating HIV p24 antigen, plasma HIV viremia, and
      semiquantitative HIV cocultures.
    </textblock>
  </brief_summary>
  <overall_status>Completed</overall_status>
  <phase>Phase 1</phase>
  <study_type>Interventional</study_type>
  <has_expanded_access>No</has_expanded_access>
  <study_design_info>
    <primary_purpose>Treatment</primary_purpose>
    <masking>None (Open Label)</masking>
  </study_design_info>
  <condition>HIV Infections</condition>
  <intervention>
    <intervention_type>Drug</intervention_type>
    <intervention_name>Filgrastim</intervention_name>
  </intervention>
  <intervention>
    <intervention_type>Drug</intervention_type>
    <intervention_name>Epoetin alfa</intervention_name>
  </intervention>
  <intervention>
    <intervention_type>Drug</intervention_type>
    <intervention_name>Zidovudine</intervention_name>
  </intervention>
  <eligibility>
    <criteria>
      <textblock>
        Inclusion Criteria

        Concurrent Medication:

        Allowed:

          -  Ganciclovir (DHPG) for treatment of CMV infections.

        Concurrent Treatment:

        Allowed:

          -  Radiotherapy or laser therapy for Kaposi's sarcoma lesions provided dose does not
             exceed 3000 rads to any one lesion group and/or greater than 10 cm total body surface
             area.

        Patients must have:

        AIDS or severe ARC.

        Exclusion Criteria

        Co-existing Condition:

        Patients with the following symptoms or conditions are excluded:

          -  Opportunistic infection requiring ongoing therapy with known bone marrow-suppressive
             agents. (Exception:

          -  patients may take ganciclovir for treatment of CMV infections.)

          -  Evidence of a primary hematologic or infectious disorder unrelated to infection with
             the HIV virus.

          -  HIV-related dementia or altered mental status that would prohibit informed consent.

          -  More than 50 cutaneous Kaposi's sarcoma lesions or progression of Kaposi's sarcoma
             during the previous 30 days.

          -  Uncontrolled hypertension (defined as diastolic greater than 100 mm Hg).

          -  Presence of iron deficiency anemia as defined by serum ferritin less than 30 ng or
             iron TIBC ration less than 15 percent.

        Concurrent Medication:

        Excluded:

          -  Known bone marrow-suppressive agents such as trimethoprim / sulfamethoxazole or
             Fansidar for PCP prophylaxis.

          -  Any other non-FDA approved agent that may have antiretroviral activity.

          -  Hyperimmunization with polio virus, ribavirin, isoprinosine, dextran sulfate, fu zheng
             herbs, AL 721 or its congeners, imuthiol, interferons, chronic (&gt; 10 days out of 30
             days) use of Zovirax (acyclovir), and/or &gt; 3 g/day oral vitamin C.

        Patients with the following prior conditions are excluded:

          -  History of malignancy other than Kaposi's sarcoma.

          -  History of cardiovascular disease or seizures.

        Prior Medication:

        Excluded:

          -  Systemic cytotoxic chemotherapy within the previous 4 weeks for Kaposi's sarcoma.

          -  Investigational drugs within the previous 4 weeks.

          -  Prior colony stimulating factor (CSF).

          -  Any non-FDA approved drug within the previous 2 weeks.

        Prior Treatment:

        Excluded:

          -  Radiotherapy within the previous 4 weeks for Kaposi's sarcoma. Regular excessive use,
             currently or within the previous 3 months, of alcohol or hallucinogens or other
             psychotropic agents that are possibly addictive.
      </textblock>
    </criteria>
    <gender>All</gender>
    <minimum_age>18 Years</minimum_age>
    <maximum_age>65 Years</maximum_age>
    <healthy_volunteers>No</healthy_volunteers>
  </eligibility>
  <overall_official>
    <last_name>Miles SA</last_name>
    <role>Study Chair</role>
  </overall_official>
  <overall_official>
    <last_name>Slamon D</last_name>
    <role>Study Chair</role>
  </overall_official>
  <location>
    <facility>
      <name>UCLA Med Ctr</name>
      <address>
        <city>Los Angeles</city>
        <state>California</state>
        <zip>90095</zip>
        <country>United States</country>
      </address>
    </facility>
  </location>
  <location_countries>
    <country>United States</country>
  </location_countries>
  <reference>
    <citation>Miles SA, Mitsuyasu RT, Moreno J, Baldwin G, Alton NK, Souza L, Glaspy JA. Combined therapy with recombinant granulocyte colony-stimulating factor and erythropoietin decreases hematologic toxicity from zidovudine. Blood. 1991 May 15;77(10):2109-17.</citation>
    <PMID>1709368</PMID>
  </reference>
  <verification_date>January 1991</verification_date>
  <study_first_submitted>November 2, 1999</study_first_submitted>
  <study_first_submitted_qc>August 30, 2001</study_first_submitted_qc>
  <study_first_posted type="Estimate">August 31, 2001</study_first_posted>
  <last_update_submitted>June 23, 2005</last_update_submitted>
  <last_update_submitted_qc>June 23, 2005</last_update_submitted_qc>
  <last_update_posted type="Estimate">June 24, 2005</last_update_posted>
  <keyword>Erythropoietin</keyword>
  <keyword>Granulocyte Colony-Stimulating Factor</keyword>
  <keyword>Acquired Immunodeficiency Syndrome</keyword>
  <keyword>AIDS-Related Complex</keyword>
  <keyword>Zidovudine</keyword>
  <condition_browse>
    <!-- CAUTION:  The following MeSH terms are assigned with an imperfect algorithm            -->
    <mesh_term>HIV Infections</mesh_term>
    <mesh_term>AIDS-Related Complex</mesh_term>
    <mesh_term>Acquired Immunodeficiency Syndrome</mesh_term>
    <mesh_term>Immunologic Deficiency Syndromes</mesh_term>
  </condition_browse>
  <intervention_browse>
    <!-- CAUTION:  The following MeSH terms are assigned with an imperfect algorithm            -->
    <mesh_term>Zidovudine</mesh_term>
    <mesh_term>Epoetin Alfa</mesh_term>
  </intervention_browse>
  <!-- Results have not yet been posted for this study                                          -->
</clinical_study>

