<clinical_study>
  <!-- This xml conforms to an XML Schema at:
    https://clinicaltrials.gov/ct2/html/images/info/public.xsd -->
  <required_header>
    <download_date>ClinicalTrials.gov processed this data on July 31, 2020</download_date>
    <link_text>Link to the current ClinicalTrials.gov record.</link_text>
    <url>https://clinicaltrials.gov/show/NCT00002997</url>
  </required_header>
  <id_info>
    <org_study_id>CDR0000065545</org_study_id>
    <secondary_id>ECOG-1296</secondary_id>
    <nct_id>NCT00002997</nct_id>
  </id_info>
  <brief_title>Cryosurgery in Treating Patients With Unresectable Liver Metastases From Colorectal Cancer</brief_title>
  <official_title>Phase II Trial of Cryoablation for Treatment of Unresectable Colorectal Hepatic Metastases</official_title>
  <sponsors>
    <lead_sponsor>
      <agency>Eastern Cooperative Oncology Group</agency>
      <agency_class>Other</agency_class>
    </lead_sponsor>
    <collaborator>
      <agency>National Cancer Institute (NCI)</agency>
      <agency_class>NIH</agency_class>
    </collaborator>
  </sponsors>
  <source>Eastern Cooperative Oncology Group</source>
  <brief_summary>
    <textblock>
      RATIONALE: Cryosurgery for liver metastases may have fewer side effects and improve recovery.

      PURPOSE: Phase II trial to study the effectiveness of cryosurgery for patients with
      unresectable liver metastases from colorectal cancer.
    </textblock>
  </brief_summary>
  <detailed_description>
    <textblock>
      OBJECTIVES: I. Evaluate the feasibility of conducting a multi-institutional clinical study of
      cryosurgery for liver metastases. II. Evaluate the morbidity and mortality of cryosurgery for
      liver metastases when applied in a multi-institutional setting. III. Evaluate the efficacy of
      cryosurgery for liver metastases as measured by total liver control, local lesion control,
      and overall survival.

      OUTLINE: This is a multi-institutional study. Patients are first confirmed by exploratory
      laparotomy to have no extrahepatic metastases. They then undergo biopsy of the portal lymph
      node, after which, full mobilization of liver is recommended. Cholecystectomy is optional but
      recommended for treatment of tumors adjacent to the gallbladder. After mapping out the
      location and size of the metastatic tumor by ultrasound, cryoablation of the metastases is
      carried out. Cryoablation involves the delivery of nitrogen through metallic probes placed
      surgically into the center of the liver metastases. There are two freeze and thaw cycles for
      each lesion with synchronous intraoperative ultrasound monitoring of the cryoablation. One
      centimeter margin of cryoablation is determined by this ultrasound image. Treatment of the
      liver with regional chemotherapy is not allowed until radiographic and pathologic
      confirmation of disease progression in the liver. Follow-up is at 3 weeks after surgery and
      then every 3 months.

      PROJECTED ACCRUAL: There will be a maximum of 45 patients accrued in approximately 3 years
      for this study. This is a two stage accrual design in which 17 patients are first accrued of
      which 15 should be eligible. If fewer than 11 of the initial 15 eligible patients show no
      evidence of disease at 3 months, the study stops and treatment is abandoned. If at least 11
      patients show no evidence of disease, then 28 additional patients are accrued.
    </textblock>
  </detailed_description>
  <overall_status>Completed</overall_status>
  <start_date type="Actual">August 1997</start_date>
  <completion_date type="Actual">March 2, 2004</completion_date>
  <primary_completion_date type="Actual">January 31, 2001</primary_completion_date>
  <phase>Phase 2</phase>
  <study_type>Interventional</study_type>
  <has_expanded_access>No</has_expanded_access>
  <study_design_info>
    <primary_purpose>Treatment</primary_purpose>
  </study_design_info>
  <condition>Colorectal Cancer</condition>
  <condition>Metastatic Cancer</condition>
  <intervention>
    <intervention_type>Procedure</intervention_type>
    <intervention_name>cryosurgery</intervention_name>
  </intervention>
  <eligibility>
    <criteria>
      <textblock>
        DISEASE CHARACTERISTICS: Histologically confirmed primary colorectal adenocarcinoma with
        synchronous and metachronous metastases to liver 1 to 5 liver metastases demonstrated by
        rapid sequence CT scan or Feridex-enhanced MRI within 2 weeks of registration CT
        portography not required No single metastasis greater than 6 cm Maximum liver involvement
        must not be more than 40% by volume No extrahepatic metastases

        PATIENT CHARACTERISTICS: Age: 18 and over Performance status: ECOG 0-2 Hematopoietic:
        Platelet count greater than 80,000/mm3 Prothrombin time less than 15.0 seconds Hepatic:
        Bilirubin less than 2.0 mg/dL Renal: Not specified Other: Must be disease free for at least
        5 years except for treated basal cell or squamous cell skin cancer

        PRIOR CONCURRENT THERAPY: Biologic therapy: Not specified Chemotherapy: Prior chemotherapy
        allowed No concurrent regional chemotherapy allowed Endocrine therapy: Not specified
        Radiotherapy: Not specified Surgery: Not specified
      </textblock>
    </criteria>
    <gender>All</gender>
    <minimum_age>18 Years</minimum_age>
    <maximum_age>120 Years</maximum_age>
    <healthy_volunteers>No</healthy_volunteers>
  </eligibility>
  <overall_official>
    <last_name>James L. Peacock, MD</last_name>
    <role>Study Chair</role>
    <affiliation>James P. Wilmot Cancer Center</affiliation>
  </overall_official>
  <location>
    <facility>
      <name>Hackensack University Medical Center</name>
      <address>
        <city>Hackensack</city>
        <state>New Jersey</state>
        <zip>07601</zip>
        <country>United States</country>
      </address>
    </facility>
  </location>
  <location>
    <facility>
      <name>University of Rochester Cancer Center</name>
      <address>
        <city>Rochester</city>
        <state>New York</state>
        <zip>14642</zip>
        <country>United States</country>
      </address>
    </facility>
  </location>
  <location>
    <facility>
      <name>Hahnemann University Hospital</name>
      <address>
        <city>Philadelphia</city>
        <state>Pennsylvania</state>
        <zip>19102-1192</zip>
        <country>United States</country>
      </address>
    </facility>
  </location>
  <location_countries>
    <country>United States</country>
  </location_countries>
  <verification_date>December 2018</verification_date>
  <study_first_submitted>November 1, 1999</study_first_submitted>
  <study_first_submitted_qc>April 6, 2004</study_first_submitted_qc>
  <study_first_posted type="Estimate">April 7, 2004</study_first_posted>
  <last_update_submitted>December 30, 2018</last_update_submitted>
  <last_update_submitted_qc>December 30, 2018</last_update_submitted_qc>
  <last_update_posted type="Actual">January 2, 2019</last_update_posted>
  <keyword>stage IV colon cancer</keyword>
  <keyword>stage IV rectal cancer</keyword>
  <keyword>recurrent colon cancer</keyword>
  <keyword>recurrent rectal cancer</keyword>
  <keyword>adenocarcinoma of the colon</keyword>
  <keyword>adenocarcinoma of the rectum</keyword>
  <keyword>liver metastases</keyword>
  <condition_browse>
    <!-- CAUTION:  The following MeSH terms are assigned with an imperfect algorithm            -->
    <mesh_term>Colorectal Neoplasms</mesh_term>
    <mesh_term>Neoplasm Metastasis</mesh_term>
  </condition_browse>
  <!-- Results have not yet been posted for this study                                          -->
</clinical_study>

