<clinical_study>
  <!-- This xml conforms to an XML Schema at:
    https://clinicaltrials.gov/ct2/html/images/info/public.xsd -->
  <required_header>
    <download_date>ClinicalTrials.gov processed this data on July 31, 2020</download_date>
    <link_text>Link to the current ClinicalTrials.gov record.</link_text>
    <url>https://clinicaltrials.gov/show/NCT00003338</url>
  </required_header>
  <id_info>
    <org_study_id>CDR0000066309</org_study_id>
    <secondary_id>IM-D-LL2-06</secondary_id>
    <secondary_id>NCI-V98-1418</secondary_id>
    <nct_id>NCT00003338</nct_id>
  </id_info>
  <brief_title>Monoclonal Antibodies in Detecting Residual Disease in Patients Who Have Been Treated for Non-Hodgkin's Lymphoma</brief_title>
  <official_title>The Utility of LymphoScan Imaging in the Dectection of Residual Tumor After Chemotherapy and/or Radiotherapy in Patients With Non-Hodgkin's Lymphoma</official_title>
  <sponsors>
    <lead_sponsor>
      <agency>Immunomedics, Inc.</agency>
      <agency_class>Industry</agency_class>
    </lead_sponsor>
  </sponsors>
  <source>National Cancer Institute (NCI)</source>
  <brief_summary>
    <textblock>
      RATIONALE: Diagnostic imaging procedures, such as radiolabeled monoclonal antibodies, may
      improve the ability to detect the residual disease in patients who have been treated for
      non-Hodgkin's lymphoma.

      PURPOSE: Phase II/III trial to study the effectiveness of monoclonal antibodies in detecting
      residual disease in patients who have been treated for non-Hodgkin's lymphoma.
    </textblock>
  </brief_summary>
  <detailed_description>
    <textblock>
      OBJECTIVES: I. Evaluate the safety of multiple (2-3) administrations of technetium Tc 99m LL2
      monoclonal antibody (LymphoScan) in patients with B-cell non-Hodgkin's lymphoma after
      chemotherapy and/or radiotherapy. II. Describe human antimouse antibody production in these
      patients. III. Demonstrate that addition of a single LymphoScan study to conventional
      diagnostic modalities (CDMs) can differentiate between tumor and residual scarring. IV.
      Determine the diagnostic operating characteristics of LymphoScan to detect residual tumor in
      patients with radiologically detectable masses. V. Compare patient management plans based on
      CDMs alone and both CDMs and LymphoScan.

      OUTLINE: This is an open label, multicenter study. Patients receive an infusion of technetium
      Tc 99m LL2 monoclonal antibody (LymphoScan) by IV injection or infused over 20-30 minutes
      after completion of therapy as part of the response evaluation procedures. Planar images are
      acquired between 4-8 hours and 18-24 hours following antibody injection, and single photon
      emission computerized tomography (SPECT) imaging is performed between 4-8 hours following
      antibody injection. Patients may receive a repeat injection of LymphoScan. Patients are
      followed for 3 to 6 months.

      PROJECTED ACCRUAL: There will be 60 patients accrued into this study.
    </textblock>
  </detailed_description>
  <overall_status>Unknown status</overall_status>
  <last_known_status>Active, not recruiting</last_known_status>
  <start_date>March 1997</start_date>
  <phase>Phase 2/Phase 3</phase>
  <study_type>Interventional</study_type>
  <has_expanded_access>No</has_expanded_access>
  <study_design_info>
    <primary_purpose>Diagnostic</primary_purpose>
  </study_design_info>
  <enrollment type="Anticipated">60</enrollment>
  <condition>Lymphoma</condition>
  <intervention>
    <intervention_type>Procedure</intervention_type>
    <intervention_name>immunoscintigraphy</intervention_name>
  </intervention>
  <intervention>
    <intervention_type>Radiation</intervention_type>
    <intervention_name>technetium Tc 99m epratuzumab</intervention_name>
  </intervention>
  <eligibility>
    <criteria>
      <textblock>
        DISEASE CHARACTERISTICS: Histologically confirmed B-cell non-Hodgkin's lymphoma (low,
        intermediate, or high grade categories) Must have been treated with chemotherapy and/or
        radiotherapy with evidence of minimal residual disease by conventional diagnostic
        modalities A new classification scheme for adult non-Hodgkin's lymphoma has been adopted by
        PDQ. The terminology of &quot;indolent&quot; or &quot;aggressive&quot; lymphoma will replace the former
        terminology of &quot;low&quot;, &quot;intermediate&quot;, or &quot;high&quot; grade lymphoma. However, this protocol uses
        the former terminology.

        PATIENT CHARACTERISTICS: Age: 16 and over Performance status: ECOG 0-2 Life expectancy: Not
        specified Hematopoietic: Not specified Hepatic: Not specified Renal: BUN no greater than
        1.5 times upper limit of normal (ULN) Creatinine no greater than 1.5 times ULN Other: No
        known allergies to mouse proteins No second primary malignancy within past 5 years other
        than adequately treated in situ carcinoma of the cervix or uterus, or basal or squamous
        cell carcinoma of the skin Not pregnant or nursing Effective contraception required of all
        fertile patients

        PRIOR CONCURRENT THERAPY: Biologic therapy: No prior exposure to mouse antibodies other
        than LymphoScan Chemotherapy: See Disease Characteristics Endocrine therapy: Not specified
        Radiotherapy: See Disease Characteristics Surgery: Not specified Other: At least 1 month
        since any other prior investigational therapy No concurrent participation in another
        protocol involving medical devices or investigational agents
      </textblock>
    </criteria>
    <gender>All</gender>
    <minimum_age>16 Years</minimum_age>
    <maximum_age>N/A</maximum_age>
    <healthy_volunteers>No</healthy_volunteers>
  </eligibility>
  <overall_official>
    <last_name>William A. Wegener, MD, PhD</last_name>
    <role>Study Chair</role>
    <affiliation>Immunomedics, Inc.</affiliation>
  </overall_official>
  <location>
    <facility>
      <name>Cedars-Sinai Medical Center</name>
      <address>
        <city>Los Angeles</city>
        <state>California</state>
        <zip>90048</zip>
        <country>United States</country>
      </address>
    </facility>
  </location>
  <location>
    <facility>
      <name>Marlene &amp; Stewart Greenebaum Cancer Center, University of Maryland</name>
      <address>
        <city>Baltimore</city>
        <state>Maryland</state>
        <zip>21201</zip>
        <country>United States</country>
      </address>
    </facility>
  </location>
  <location>
    <facility>
      <name>Nuclear Physicians Ltd.</name>
      <address>
        <city>Cuyahoga Falls</city>
        <state>Ohio</state>
        <zip>44223</zip>
        <country>United States</country>
      </address>
    </facility>
  </location>
  <location>
    <facility>
      <name>University of Texas- Houston Medical School</name>
      <address>
        <city>Houston</city>
        <state>Texas</state>
        <zip>77030</zip>
        <country>United States</country>
      </address>
    </facility>
  </location>
  <location>
    <facility>
      <name>Innsbruck Universitaetsklinik</name>
      <address>
        <city>Innsbruck</city>
        <zip>A-6020</zip>
        <country>Austria</country>
      </address>
    </facility>
  </location>
  <location>
    <facility>
      <name>Istituto Europeo Di Oncologia</name>
      <address>
        <city>Milano</city>
        <zip>20141</zip>
        <country>Italy</country>
      </address>
    </facility>
  </location>
  <location>
    <facility>
      <name>Lund University Hospital</name>
      <address>
        <city>Lund</city>
        <zip>S-22185</zip>
        <country>Sweden</country>
      </address>
    </facility>
  </location>
  <location>
    <facility>
      <name>Centre Hospitalier Universitaire Vaudois</name>
      <address>
        <city>Lausanne</city>
        <zip>CH-1011</zip>
        <country>Switzerland</country>
      </address>
    </facility>
  </location>
  <location_countries>
    <country>Austria</country>
    <country>Italy</country>
    <country>Sweden</country>
    <country>Switzerland</country>
    <country>United States</country>
  </location_countries>
  <verification_date>December 2001</verification_date>
  <study_first_submitted>November 1, 1999</study_first_submitted>
  <study_first_submitted_qc>March 11, 2004</study_first_submitted_qc>
  <study_first_posted type="Estimate">March 12, 2004</study_first_posted>
  <last_update_submitted>February 6, 2009</last_update_submitted>
  <last_update_submitted_qc>February 6, 2009</last_update_submitted_qc>
  <last_update_posted type="Estimate">February 9, 2009</last_update_posted>
  <keyword>stage I grade 1 follicular lymphoma</keyword>
  <keyword>stage I grade 2 follicular lymphoma</keyword>
  <keyword>stage I grade 3 follicular lymphoma</keyword>
  <keyword>stage I adult diffuse small cleaved cell lymphoma</keyword>
  <keyword>stage I adult diffuse mixed cell lymphoma</keyword>
  <keyword>stage I adult diffuse large cell lymphoma</keyword>
  <keyword>stage I adult immunoblastic large cell lymphoma</keyword>
  <keyword>stage I adult lymphoblastic lymphoma</keyword>
  <keyword>stage I adult Burkitt lymphoma</keyword>
  <keyword>stage III grade 1 follicular lymphoma</keyword>
  <keyword>stage III grade 2 follicular lymphoma</keyword>
  <keyword>stage III grade 3 follicular lymphoma</keyword>
  <keyword>stage III adult diffuse small cleaved cell lymphoma</keyword>
  <keyword>stage III adult diffuse mixed cell lymphoma</keyword>
  <keyword>stage III adult diffuse large cell lymphoma</keyword>
  <keyword>stage III adult immunoblastic large cell lymphoma</keyword>
  <keyword>stage III adult lymphoblastic lymphoma</keyword>
  <keyword>stage III adult Burkitt lymphoma</keyword>
  <keyword>stage IV grade 1 follicular lymphoma</keyword>
  <keyword>stage IV grade 2 follicular lymphoma</keyword>
  <keyword>stage IV grade 3 follicular lymphoma</keyword>
  <keyword>stage IV adult diffuse small cleaved cell lymphoma</keyword>
  <keyword>stage IV adult diffuse mixed cell lymphoma</keyword>
  <keyword>stage IV adult diffuse large cell lymphoma</keyword>
  <keyword>stage IV adult immunoblastic large cell lymphoma</keyword>
  <keyword>stage IV adult lymphoblastic lymphoma</keyword>
  <keyword>stage IV adult Burkitt lymphoma</keyword>
  <keyword>recurrent grade 1 follicular lymphoma</keyword>
  <keyword>recurrent grade 2 follicular lymphoma</keyword>
  <keyword>recurrent grade 3 follicular lymphoma</keyword>
  <keyword>recurrent adult diffuse small cleaved cell lymphoma</keyword>
  <keyword>recurrent adult diffuse mixed cell lymphoma</keyword>
  <keyword>recurrent adult diffuse large cell lymphoma</keyword>
  <keyword>recurrent adult immunoblastic large cell lymphoma</keyword>
  <keyword>recurrent adult lymphoblastic lymphoma</keyword>
  <keyword>recurrent adult Burkitt lymphoma</keyword>
  <keyword>stage I mantle cell lymphoma</keyword>
  <keyword>contiguous stage II grade 1 follicular lymphoma</keyword>
  <keyword>contiguous stage II grade 2 follicular lymphoma</keyword>
  <keyword>contiguous stage II grade 3 follicular lymphoma</keyword>
  <keyword>contiguous stage II adult diffuse small cleaved cell lymphoma</keyword>
  <keyword>contiguous stage II mantle cell lymphoma</keyword>
  <keyword>contiguous stage II adult diffuse mixed cell lymphoma</keyword>
  <keyword>contiguous stage II adult immunoblastic large cell lymphoma</keyword>
  <keyword>contiguous stage II adult diffuse large cell lymphoma</keyword>
  <keyword>contiguous stage II adult Burkitt lymphoma</keyword>
  <keyword>contiguous stage II adult lymphoblastic lymphoma</keyword>
  <keyword>noncontiguous stage II grade 1 follicular lymphoma</keyword>
  <keyword>noncontiguous stage II grade 2 follicular lymphoma</keyword>
  <keyword>noncontiguous stage II grade 3 follicular lymphoma</keyword>
  <keyword>noncontiguous stage II adult diffuse small cleaved cell lymphoma</keyword>
  <keyword>noncontiguous stage II mantle cell lymphoma</keyword>
  <keyword>noncontiguous stage II adult diffuse mixed cell lymphoma</keyword>
  <keyword>noncontiguous stage II adult immunoblastic large cell lymphoma</keyword>
  <keyword>noncontiguous stage II adult diffuse large cell lymphoma</keyword>
  <keyword>noncontiguous stage II adult Burkitt lymphoma</keyword>
  <keyword>noncontiguous stage II adult lymphoblastic lymphoma</keyword>
  <keyword>stage III mantle cell lymphoma</keyword>
  <keyword>stage IV mantle cell lymphoma</keyword>
  <keyword>recurrent mantle cell lymphoma</keyword>
  <keyword>noncontiguous stage II small lymphocytic lymphoma</keyword>
  <keyword>noncontiguous stage II marginal zone lymphoma</keyword>
  <keyword>recurrent marginal zone lymphoma</keyword>
  <keyword>recurrent small lymphocytic lymphoma</keyword>
  <keyword>stage I marginal zone lymphoma</keyword>
  <keyword>stage I small lymphocytic lymphoma</keyword>
  <keyword>stage III small lymphocytic lymphoma</keyword>
  <keyword>stage III marginal zone lymphoma</keyword>
  <keyword>stage IV small lymphocytic lymphoma</keyword>
  <keyword>stage IV marginal zone lymphoma</keyword>
  <keyword>contiguous stage II marginal zone lymphoma</keyword>
  <keyword>contiguous stage II small lymphocytic lymphoma</keyword>
  <keyword>extranodal marginal zone B-cell lymphoma of mucosa-associated lymphoid tissue</keyword>
  <keyword>nodal marginal zone B-cell lymphoma</keyword>
  <keyword>splenic marginal zone lymphoma</keyword>
  <condition_browse>
    <!-- CAUTION:  The following MeSH terms are assigned with an imperfect algorithm            -->
    <mesh_term>Lymphoma</mesh_term>
    <mesh_term>Lymphoma, Non-Hodgkin</mesh_term>
  </condition_browse>
  <intervention_browse>
    <!-- CAUTION:  The following MeSH terms are assigned with an imperfect algorithm            -->
    <mesh_term>Epratuzumab</mesh_term>
  </intervention_browse>
  <!-- Results have not yet been posted for this study                                          -->
</clinical_study>

