<clinical_study>
  <!-- This xml conforms to an XML Schema at:
    https://clinicaltrials.gov/ct2/html/images/info/public.xsd -->
  <required_header>
    <download_date>ClinicalTrials.gov processed this data on July 31, 2020</download_date>
    <link_text>Link to the current ClinicalTrials.gov record.</link_text>
    <url>https://clinicaltrials.gov/show/NCT00003092</url>
  </required_header>
  <id_info>
    <org_study_id>CALGB-9762</org_study_id>
    <secondary_id>U10CA031946</secondary_id>
    <secondary_id>CLB-9762</secondary_id>
    <secondary_id>CDR0000065800</secondary_id>
    <nct_id>NCT00003092</nct_id>
  </id_info>
  <brief_title>Paclitaxel in Treating Older Patients With Solid Tumors</brief_title>
  <official_title>Clinical Pharmacology of Paclitaxel in Relation to Patient Age</official_title>
  <sponsors>
    <lead_sponsor>
      <agency>Alliance for Clinical Trials in Oncology</agency>
      <agency_class>Other</agency_class>
    </lead_sponsor>
    <collaborator>
      <agency>National Cancer Institute (NCI)</agency>
      <agency_class>NIH</agency_class>
    </collaborator>
  </sponsors>
  <source>Alliance for Clinical Trials in Oncology</source>
  <oversight_info>
    <has_dmc>No</has_dmc>
  </oversight_info>
  <brief_summary>
    <textblock>
      RATIONALE: Drugs used in chemotherapy use different ways to stop tumor cells from dividing so
      they stop growing or die.

      PURPOSE: Phase III trial to study the effectiveness of paclitaxel in treating older patients
      who have solid tumors.
    </textblock>
  </brief_summary>
  <detailed_description>
    <textblock>
      OBJECTIVES:

        -  Determine whether there is a relationship between pharmacokinetic measurements of
           paclitaxel and aging.

        -  Determine whether there is a relationship between the toxic effects of paclitaxel and
           aging.

      OUTLINE: Patients are stratified according to age (cohort 1: patients 55 to 64 vs cohort 2:
      patients 65 to 75 vs cohort 3: patients 75 and over).
    </textblock>
  </detailed_description>
  <overall_status>Completed</overall_status>
  <start_date>September 1997</start_date>
  <completion_date type="Actual">June 2006</completion_date>
  <primary_completion_date type="Actual">March 2006</primary_completion_date>
  <phase>Phase 3</phase>
  <study_type>Interventional</study_type>
  <has_expanded_access>No</has_expanded_access>
  <study_design_info>
    <allocation>N/A</allocation>
    <intervention_model>Single Group Assignment</intervention_model>
    <primary_purpose>Treatment</primary_purpose>
    <masking>None (Open Label)</masking>
  </study_design_info>
  <primary_outcome>
    <measure>Overall survival</measure>
    <time_frame>Up to 5 years</time_frame>
  </primary_outcome>
  <primary_outcome>
    <measure>Disease-free progression</measure>
    <time_frame>Up to 5 years</time_frame>
  </primary_outcome>
  <number_of_arms>1</number_of_arms>
  <enrollment type="Actual">120</enrollment>
  <condition>Unspecified Adult Solid Tumor, Protocol Specific</condition>
  <arm_group>
    <arm_group_label>Paclitaxel</arm_group_label>
    <arm_group_type>Experimental</arm_group_type>
    <description>Patients receive a single dose of IV paclitaxel over 3 hours. Additional cycles of paclitaxel will be given at the discretion of the physician.
Patients are followed for second malignancies, disease progression, and survival.</description>
  </arm_group>
  <intervention>
    <intervention_type>Drug</intervention_type>
    <intervention_name>paclitaxel</intervention_name>
    <arm_group_label>Paclitaxel</arm_group_label>
  </intervention>
  <eligibility>
    <criteria>
      <textblock>
        DISEASE CHARACTERISTICS:

          -  Histologically proven nonhematologic malignancy

        PATIENT CHARACTERISTICS:

        Age:

          -  55 and over

        Performance status:

          -  Zubrod 0-2

        Life expectancy:

          -  Not specified

        Hematopoietic:

          -  Granulocyte count at least 1,500/mm3

          -  Platelet count at least 100,000/mm3

        Hepatic:

          -  Bilirubin less than 1.5 mg/dL

          -  SGOT less than 2.0 times upper limit of normal (ULN)

        Renal:

          -  Creatinine no greater than 1.5 times ULN

        Cardiovascular:

          -  No uncontrolled or severe cardiovascular disease

        Other:

          -  No serious intercurrent medical illnesses that in the judgement of the investigator
             compromise patient care

          -  No psychiatric conditions that would preclude study

          -  No requirement for antibiotics for active acute infection

        PRIOR CONCURRENT THERAPY:

        Biologic therapy:

          -  Not specified

        Chemotherapy:

          -  At least 4 weeks since prior chemotherapy (6 weeks for nitrosoureas or mitomycin)

          -  No more than one prior chemotherapy regimen allowed

          -  No prior paclitaxel allowed

        Endocrine therapy:

          -  Not specified

        Radiotherapy:

          -  At least 4 weeks since prior radiation therapy

        Surgery:

          -  Not specified
      </textblock>
    </criteria>
    <gender>All</gender>
    <minimum_age>55 Years</minimum_age>
    <maximum_age>N/A</maximum_age>
    <healthy_volunteers>No</healthy_volunteers>
  </eligibility>
  <overall_official>
    <last_name>Stuart M. Lichtman, MD</last_name>
    <role>Study Chair</role>
    <affiliation>Don Monti Comprehensive Cancer Center at North Shore University Hospital</affiliation>
  </overall_official>
  <location>
    <facility>
      <name>Rebecca and John Moores UCSD Cancer Center</name>
      <address>
        <city>La Jolla</city>
        <state>California</state>
        <zip>92093-0658</zip>
        <country>United States</country>
      </address>
    </facility>
  </location>
  <location>
    <facility>
      <name>UCSF Cancer Center and Cancer Research Institute</name>
      <address>
        <city>San Francisco</city>
        <state>California</state>
        <zip>94143-0128</zip>
        <country>United States</country>
      </address>
    </facility>
  </location>
  <location>
    <facility>
      <name>CCOP - Christiana Care Health Services</name>
      <address>
        <city>Wilmington</city>
        <state>Delaware</state>
        <zip>19899</zip>
        <country>United States</country>
      </address>
    </facility>
  </location>
  <location>
    <facility>
      <name>Walter Reed Army Medical Center</name>
      <address>
        <city>Washington</city>
        <state>District of Columbia</state>
        <zip>20307-5000</zip>
        <country>United States</country>
      </address>
    </facility>
  </location>
  <location>
    <facility>
      <name>CCOP - Mount Sinai Medical Center</name>
      <address>
        <city>Miami Beach</city>
        <state>Florida</state>
        <zip>33140</zip>
        <country>United States</country>
      </address>
    </facility>
  </location>
  <location>
    <facility>
      <name>University of Chicago Cancer Research Center</name>
      <address>
        <city>Chicago</city>
        <state>Illinois</state>
        <zip>60637-1470</zip>
        <country>United States</country>
      </address>
    </facility>
  </location>
  <location>
    <facility>
      <name>Holden Comprehensive Cancer Center</name>
      <address>
        <city>Iowa City</city>
        <state>Iowa</state>
        <zip>52242-1009</zip>
        <country>United States</country>
      </address>
    </facility>
  </location>
  <location>
    <facility>
      <name>Marlene and Stewart Greenebaum Cancer Center, University of Maryland</name>
      <address>
        <city>Baltimore</city>
        <state>Maryland</state>
        <zip>21201</zip>
        <country>United States</country>
      </address>
    </facility>
  </location>
  <location>
    <facility>
      <name>Dana-Farber Cancer Institute</name>
      <address>
        <city>Boston</city>
        <state>Massachusetts</state>
        <zip>02115</zip>
        <country>United States</country>
      </address>
    </facility>
  </location>
  <location>
    <facility>
      <name>University of Massachusetts Memorial Medical Center - University Campus</name>
      <address>
        <city>Worcester</city>
        <state>Massachusetts</state>
        <zip>01655</zip>
        <country>United States</country>
      </address>
    </facility>
  </location>
  <location>
    <facility>
      <name>University of Minnesota Cancer Center</name>
      <address>
        <city>Minneapolis</city>
        <state>Minnesota</state>
        <zip>55455</zip>
        <country>United States</country>
      </address>
    </facility>
  </location>
  <location>
    <facility>
      <name>Ellis Fischel Cancer Center - Columbia</name>
      <address>
        <city>Columbia</city>
        <state>Missouri</state>
        <zip>65203</zip>
        <country>United States</country>
      </address>
    </facility>
  </location>
  <location>
    <facility>
      <name>Barnes-Jewish Hospital</name>
      <address>
        <city>Saint Louis</city>
        <state>Missouri</state>
        <zip>63110</zip>
        <country>United States</country>
      </address>
    </facility>
  </location>
  <location>
    <facility>
      <name>University of Nebraska Medical Center</name>
      <address>
        <city>Omaha</city>
        <state>Nebraska</state>
        <zip>68198-7680</zip>
        <country>United States</country>
      </address>
    </facility>
  </location>
  <location>
    <facility>
      <name>CCOP - Southern Nevada Cancer Research Foundation</name>
      <address>
        <city>Las Vegas</city>
        <state>Nevada</state>
        <zip>89106</zip>
        <country>United States</country>
      </address>
    </facility>
  </location>
  <location>
    <facility>
      <name>Norris Cotton Cancer Center</name>
      <address>
        <city>Lebanon</city>
        <state>New Hampshire</state>
        <zip>03756-0002</zip>
        <country>United States</country>
      </address>
    </facility>
  </location>
  <location>
    <facility>
      <name>Roswell Park Cancer Institute</name>
      <address>
        <city>Buffalo</city>
        <state>New York</state>
        <zip>14263-0001</zip>
        <country>United States</country>
      </address>
    </facility>
  </location>
  <location>
    <facility>
      <name>CCOP - North Shore University Hospital</name>
      <address>
        <city>Manhasset</city>
        <state>New York</state>
        <zip>11030</zip>
        <country>United States</country>
      </address>
    </facility>
  </location>
  <location>
    <facility>
      <name>North Shore University Hospital</name>
      <address>
        <city>Manhasset</city>
        <state>New York</state>
        <zip>11030</zip>
        <country>United States</country>
      </address>
    </facility>
  </location>
  <location>
    <facility>
      <name>Memorial Sloan-Kettering Cancer Center</name>
      <address>
        <city>New York</city>
        <state>New York</state>
        <zip>10021</zip>
        <country>United States</country>
      </address>
    </facility>
  </location>
  <location>
    <facility>
      <name>New York Presbyterian Hospital - Cornell Campus</name>
      <address>
        <city>New York</city>
        <state>New York</state>
        <zip>10021</zip>
        <country>United States</country>
      </address>
    </facility>
  </location>
  <location>
    <facility>
      <name>Mount Sinai Medical Center, NY</name>
      <address>
        <city>New York</city>
        <state>New York</state>
        <zip>10029</zip>
        <country>United States</country>
      </address>
    </facility>
  </location>
  <location>
    <facility>
      <name>State University of New York - Upstate Medical University</name>
      <address>
        <city>Syracuse</city>
        <state>New York</state>
        <zip>13210</zip>
        <country>United States</country>
      </address>
    </facility>
  </location>
  <location>
    <facility>
      <name>CCOP - Syracuse Hematology-Oncology Associates of Central New York, P.C.</name>
      <address>
        <city>Syracuse</city>
        <state>New York</state>
        <zip>13217</zip>
        <country>United States</country>
      </address>
    </facility>
  </location>
  <location>
    <facility>
      <name>Lineberger Comprehensive Cancer Center, UNC</name>
      <address>
        <city>Chapel Hill</city>
        <state>North Carolina</state>
        <zip>27599-7295</zip>
        <country>United States</country>
      </address>
    </facility>
  </location>
  <location>
    <facility>
      <name>Duke Comprehensive Cancer Center</name>
      <address>
        <city>Durham</city>
        <state>North Carolina</state>
        <zip>27710</zip>
        <country>United States</country>
      </address>
    </facility>
  </location>
  <location>
    <facility>
      <name>CCOP - Southeast Cancer Control Consortium</name>
      <address>
        <city>Winston-Salem</city>
        <state>North Carolina</state>
        <zip>27104-4241</zip>
        <country>United States</country>
      </address>
    </facility>
  </location>
  <location>
    <facility>
      <name>Comprehensive Cancer Center at Wake Forest University</name>
      <address>
        <city>Winston-Salem</city>
        <state>North Carolina</state>
        <zip>27157-1082</zip>
        <country>United States</country>
      </address>
    </facility>
  </location>
  <location>
    <facility>
      <name>Rhode Island Hospital</name>
      <address>
        <city>Providence</city>
        <state>Rhode Island</state>
        <zip>02903</zip>
        <country>United States</country>
      </address>
    </facility>
  </location>
  <location>
    <facility>
      <name>University of Tennessee Cancer Institute</name>
      <address>
        <city>Memphis</city>
        <state>Tennessee</state>
        <zip>38103</zip>
        <country>United States</country>
      </address>
    </facility>
  </location>
  <location>
    <facility>
      <name>Vermont Cancer Center</name>
      <address>
        <city>Burlington</city>
        <state>Vermont</state>
        <zip>05401-3498</zip>
        <country>United States</country>
      </address>
    </facility>
  </location>
  <location>
    <facility>
      <name>MBCCOP - Massey Cancer Center</name>
      <address>
        <city>Richmond</city>
        <state>Virginia</state>
        <zip>23298-0037</zip>
        <country>United States</country>
      </address>
    </facility>
  </location>
  <location_countries>
    <country>United States</country>
  </location_countries>
  <results_reference>
    <citation>Lichtman SM, Hollis D, Miller AA, Rosner GL, Rhoades CA, Lester EP, Millard F, Byrd J, Cullinan SA, Rosen DM, Parise RA, Ratain MJ, Egorin MJ; Cancer and Leukemia Group B (CALGB 9762). Prospective evaluation of the relationship of patient age and paclitaxel clinical pharmacology: Cancer and Leukemia Group B (CALGB 9762). J Clin Oncol. 2006 Apr 20;24(12):1846-51. Epub 2006 Mar 27.</citation>
    <PMID>16567769</PMID>
  </results_reference>
  <results_reference>
    <citation>Lichtman SM, Egorin M, Rosner G, et al.: Clinical pharmacology of paclitaxel in relation to patient age: CALGB 9762. [Abstract] Proceedings of the American Society of Clinical Oncology 18: A732, 1999.</citation>
  </results_reference>
  <verification_date>July 2016</verification_date>
  <study_first_submitted>November 1, 1999</study_first_submitted>
  <study_first_submitted_qc>January 26, 2003</study_first_submitted_qc>
  <study_first_posted type="Estimate">January 27, 2003</study_first_posted>
  <last_update_submitted>July 12, 2016</last_update_submitted>
  <last_update_submitted_qc>July 12, 2016</last_update_submitted_qc>
  <last_update_posted type="Estimate">July 14, 2016</last_update_posted>
  <responsible_party>
    <responsible_party_type>Sponsor</responsible_party_type>
  </responsible_party>
  <keyword>unspecified adult solid tumor, protocol specific</keyword>
  <intervention_browse>
    <!-- CAUTION:  The following MeSH terms are assigned with an imperfect algorithm            -->
    <mesh_term>Paclitaxel</mesh_term>
  </intervention_browse>
  <!-- Results have not yet been posted for this study                                          -->
</clinical_study>

