<clinical_study>
  <!-- This xml conforms to an XML Schema at:
    https://clinicaltrials.gov/ct2/html/images/info/public.xsd -->
  <required_header>
    <download_date>ClinicalTrials.gov processed this data on July 31, 2020</download_date>
    <link_text>Link to the current ClinicalTrials.gov record.</link_text>
    <url>https://clinicaltrials.gov/show/NCT00001224</url>
  </required_header>
  <id_info>
    <org_study_id>870104</org_study_id>
    <secondary_id>87-EI-0104</secondary_id>
    <nct_id>NCT00001224</nct_id>
  </id_info>
  <brief_title>Analysis of Eye Tissue</brief_title>
  <official_title>Immunologic Analysis of Intra-Ocular Tissue</official_title>
  <sponsors>
    <lead_sponsor>
      <agency>National Eye Institute (NEI)</agency>
      <agency_class>NIH</agency_class>
    </lead_sponsor>
  </sponsors>
  <source>National Institutes of Health Clinical Center (CC)</source>
  <brief_summary>
    <textblock>
      The purpose of this investigation is to better understand the inflammatory process that
      occurs in uveitis (eye inflammation) through study of eye tissues.

      Patients with uveitis sometimes develop cataracts (clouding of the lens of the eye) or
      clouding of the vitreous-the gel-like material behind the lens-that can impair eyesight.
      Those who require cataract surgery or vitrectomy are eligible for this study. Samples of eye
      tissue and fluid normally removed during standard surgical procedures for these conditions
      will be given to researchers instead of discarded, as is usually done.

      Before surgery, patients will undergo routine preoperative tests, including chest X-ray,
      electrocardiogram, blood tests and urinalysis. They will also have an eye examination and
      photographs taken of the retina. Other tests that may be performed include fluorescein
      angiography to evaluate the blood vessels of the retina; ultrasound to examine the back of
      the eye; and a gallium scan to evaluate inflammation.

      Immune cells in the blood and eye tissue will be compared and categorized by disease. The eye
      fluid will be examined for substances involved in the inflammatory process. These studies may
      provide information that will lead to improved methods of diagnosis and treatment.
    </textblock>
  </brief_summary>
  <detailed_description>
    <textblock>
      The purpose of this project is to evaluate intra-ocular tissue such as iris or vitreous from
      uveitis patients in order to analyze the type and character of the inflammatory response.
      Patients with a history of uveitis who require cataract surgery or vitreous surgery because
      of the clinical complications of inflammation, will be entered in this study. The lymphocyte
      subsets in the peripheral blood and ocular tissue will be compared and categorized by
      disease. The presence of soluble lymphokines in the intra-ocular fluid will be analyzed. Long
      term cell cultures of vitreal cells will be attempted to define the T-cell receptors. In
      addition, a portion of iris tissue or vitreous cells will be frozen to establish a tissue
      library of uveitis.
    </textblock>
  </detailed_description>
  <overall_status>Completed</overall_status>
  <start_date>July 1987</start_date>
  <completion_date>September 2002</completion_date>
  <study_type>Observational</study_type>
  <has_expanded_access>No</has_expanded_access>
  <enrollment>150</enrollment>
  <condition>Eye Disease</condition>
  <condition>Inflammation</condition>
  <condition>Uveitis</condition>
  <eligibility>
    <criteria>
      <textblock>
        Patients of either sex will be admitted to this study.

        All patients should have a previous history of uveitis.

        The patient must have lenticular or vitreal opacities which are significantly impairing
        their vision and for which surgical removal of the opacity has a reasonable chance of
        improving the vision.

        Patients should have vision of 20/80 or worse.

        Patients may have any of the following syndromes: anterior uveitis, including
        HLA-B27-associated iritis and juvenile rheumatoid arthritis, ocular sarcoid, intermediate
        uveitis and pars planitis, birdshot retinochoroidopathy, Behcet's disease,
        Vogt-Koyanagi-Harada's syndrome, sympathic ophthalmia and idiopathic posterior uveitis.
      </textblock>
    </criteria>
    <gender>All</gender>
    <minimum_age>N/A</minimum_age>
    <maximum_age>N/A</maximum_age>
    <healthy_volunteers>No</healthy_volunteers>
  </eligibility>
  <location>
    <facility>
      <name>National Eye Institute (NEI)</name>
      <address>
        <city>Bethesda</city>
        <state>Maryland</state>
        <zip>20892</zip>
        <country>United States</country>
      </address>
    </facility>
  </location>
  <location_countries>
    <country>United States</country>
  </location_countries>
  <reference>
    <citation>Chan CC, Nussenblatt RB, Fujikawa LS, Palestine AG, Stevens G Jr, Parver LM, Luckenbach MW, Kuwabara T. Sympathetic ophthalmia. Immunopathological findings. Ophthalmology. 1986 May;93(5):690-5.</citation>
    <PMID>3523359</PMID>
  </reference>
  <reference>
    <citation>Whitcup SM, Stark-Vancs V, Wittes RE, Solomon D, Podgor MJ, Nussenblatt RB, Chan CC. Association of interleukin 10 in the vitreous and cerebrospinal fluid and primary central nervous system lymphoma. Arch Ophthalmol. 1997 Sep;115(9):1157-60.</citation>
    <PMID>9298057</PMID>
  </reference>
  <reference>
    <citation>George RK, Chan CC, Whitcup SM, Nussenblatt RB. Ocular immunopathology of Behçet's disease. Surv Ophthalmol. 1997 Sep-Oct;42(2):157-62. Review.</citation>
    <PMID>9381369</PMID>
  </reference>
  <verification_date>September 2002</verification_date>
  <study_first_submitted>November 3, 1999</study_first_submitted>
  <study_first_submitted_qc>November 3, 1999</study_first_submitted_qc>
  <study_first_posted type="Estimate">November 4, 1999</study_first_posted>
  <last_update_submitted>March 3, 2008</last_update_submitted>
  <last_update_submitted_qc>March 3, 2008</last_update_submitted_qc>
  <last_update_posted type="Estimate">March 4, 2008</last_update_posted>
  <keyword>Ocular Inflammatory Disease</keyword>
  <keyword>Cataracts</keyword>
  <keyword>Vitrectomy</keyword>
  <keyword>Extracapsular</keyword>
  <keyword>Cataract Surgery</keyword>
  <keyword>Uveitis</keyword>
  <keyword>Lenticular Opacity</keyword>
  <keyword>Vitreal Opacity</keyword>
  <condition_browse>
    <!-- CAUTION:  The following MeSH terms are assigned with an imperfect algorithm            -->
    <mesh_term>Uveitis</mesh_term>
    <mesh_term>Inflammation</mesh_term>
    <mesh_term>Eye Diseases</mesh_term>
  </condition_browse>
  <!-- Results have not yet been posted for this study                                          -->
</clinical_study>

