<clinical_study>
  <!-- This xml conforms to an XML Schema at:
    https://clinicaltrials.gov/ct2/html/images/info/public.xsd -->
  <required_header>
    <download_date>ClinicalTrials.gov processed this data on July 31, 2020</download_date>
    <link_text>Link to the current ClinicalTrials.gov record.</link_text>
    <url>https://clinicaltrials.gov/show/NCT00001129</url>
  </required_header>
  <id_info>
    <org_study_id>CPCRA 062</org_study_id>
    <secondary_id>11617</secondary_id>
    <nct_id>NCT00001129</nct_id>
  </id_info>
  <brief_title>A Study of Two Adherence Plans to Help HIV-Positive Patients Take Their Medications Correctly</brief_title>
  <official_title>Adherence Strategies Using a Medication Manager and an Electronic Medication Reminder System for HIV-Infected Patients Receiving HAART</official_title>
  <sponsors>
    <lead_sponsor>
      <agency>National Institute of Allergy and Infectious Diseases (NIAID)</agency>
      <agency_class>NIH</agency_class>
    </lead_sponsor>
  </sponsors>
  <source>National Institute of Allergy and Infectious Diseases (NIAID)</source>
  <brief_summary>
    <textblock>
      The purpose of this study is to look at different ways to help patients follow their anti-HIV
      medication schedules.

      It is very important that HIV-positive patients take their anti-HIV medications correctly so
      they get the best possible benefit from them. Taking the drugs correctly, called &quot;adherence,&quot;
      may keep HIV virus levels in the blood (viral load) low for a longer time. However, anti-HIV
      medication schedules are often complicated, and many patients have difficulty remembering to
      take their drugs at the correct time. This study will look at 2 different ways to teach
      patients about the importance of taking their medications correctly and to remind them when
      to take their medications.
    </textblock>
  </brief_summary>
  <detailed_description>
    <textblock>
      Adherence to antiretroviral (AR) therapy has become increasingly important in the management
      of HIV infection. Adherence to AR regimens is thought to be a critical factor in maintaining
      therapeutic drug levels, thus helping ensure viral suppression and minimizing the risk of
      drug resistance. However, AR regimens are often complex with demanding dosing schedules.
      Patients often miss doses because they simply forget; other factors such as substance abuse,
      depression, and low literacy levels also contribute to nonadherence. Adherence is influenced
      not only by individual behavior but also by the services, the quality of the patient-provider
      relationship, and the amount of social support offered the patient. There is no currently
      agreed upon, widely used, and generalizable intervention for improving adherence over the
      long course of HIV therapy. This study provides a long-term comparative evaluation of two
      interventions.

      Clinical sites, rather than individual patients, are randomized to one of four groups: a
      medication manager, an electronic medication reminder system, a medication manager plus an
      electronic medication reminder system, or usual care. Special training sessions are held for
      the staff of participating units assigned to medication manager and/or electronic medication
      reminder system interventions. The medication manager is a research staff member who works
      individually with study patients, addressing the knowledge, motivation, and skills necessary
      for adherence. The electronic medication reminder system is ALR (A Little Reminder). This is
      a small, portable alarm that is programmed to sound and flash at the times of the patient's
      scheduled AR medication doses. Patients enrolling into either the FIRST or MDR-HIV study at
      clinical sites authorized to carry out this study are offered the option of participating in
      the adherence intervention to which the clinical site has been randomly assigned. Data
      collected through the FIRST and the MDR-HIV protocols are used to address the Adherence study
      objectives. Patients on the FIRST protocol are assessed for time to first plasma HIV-RNA
      level above 2,000 copies/ml. Also, patients on the FIRST and MDR-HIV studies are assessed for
      changes in viral load, resistance, CD4 cell counts, adherence, and other factors.
    </textblock>
  </detailed_description>
  <overall_status>Completed</overall_status>
  <completion_date type="Actual">June 2003</completion_date>
  <phase>N/A</phase>
  <study_type>Interventional</study_type>
  <has_expanded_access>No</has_expanded_access>
  <study_design_info>
    <intervention_model>Factorial Assignment</intervention_model>
    <primary_purpose>Treatment</primary_purpose>
  </study_design_info>
  <enrollment>1248</enrollment>
  <condition>HIV Infections</condition>
  <intervention>
    <intervention_type>Device</intervention_type>
    <intervention_name>Electronic Medication Reminder System</intervention_name>
  </intervention>
  <intervention>
    <intervention_type>Behavioral</intervention_type>
    <intervention_name>Medication Manager</intervention_name>
  </intervention>
  <eligibility>
    <criteria>
      <textblock>
        Inclusion Criteria

        Patients may be eligible for this study if they:

          -  Are enrolling in a qualifying CPCRA AR therapeutic study. Currently, the FIRST and
             MDR-HIV studies are the only qualifying protocols.

        Exclusion Criteria

        Patients will not be eligible for this study if they:

          -  Are enrolling at a clinic site that is unable to participate in this study for some
             reason.
      </textblock>
    </criteria>
    <gender>All</gender>
    <minimum_age>N/A</minimum_age>
    <maximum_age>N/A</maximum_age>
    <healthy_volunteers>No</healthy_volunteers>
  </eligibility>
  <overall_official>
    <last_name>Sharon Mannheimer</last_name>
    <role>Study Chair</role>
  </overall_official>
  <overall_official>
    <last_name>Edward Morse</last_name>
    <role>Study Chair</role>
  </overall_official>
  <location>
    <facility>
      <name>Community Consortium / UCSF</name>
      <address>
        <city>San Francisco</city>
        <state>California</state>
        <zip>94110</zip>
        <country>United States</country>
      </address>
    </facility>
  </location>
  <location>
    <facility>
      <name>Virginia Cafaro M.D.</name>
      <address>
        <city>San Francisco</city>
        <state>California</state>
        <zip>94110</zip>
        <country>United States</country>
      </address>
    </facility>
  </location>
  <location>
    <facility>
      <name>Denver CPCRA / Denver Public Hlth</name>
      <address>
        <city>Denver</city>
        <state>Colorado</state>
        <zip>80204</zip>
        <country>United States</country>
      </address>
    </facility>
  </location>
  <location>
    <facility>
      <name>Univ Hosp Infectious Diseases Clinic</name>
      <address>
        <city>Denver</city>
        <state>Colorado</state>
        <zip>80204</zip>
        <country>United States</country>
      </address>
    </facility>
  </location>
  <location>
    <facility>
      <name>Yale Univ School of Medicine / AIDS Program</name>
      <address>
        <city>New Haven</city>
        <state>Connecticut</state>
        <zip>06510</zip>
        <country>United States</country>
      </address>
    </facility>
  </location>
  <location>
    <facility>
      <name>Washington Reg AIDS Prog / Dept of Infect Dis</name>
      <address>
        <city>Washington</city>
        <state>District of Columbia</state>
        <zip>20422</zip>
        <country>United States</country>
      </address>
    </facility>
  </location>
  <location>
    <facility>
      <name>AIDS Research Consortium of Atlanta</name>
      <address>
        <city>Atlanta</city>
        <state>Georgia</state>
        <zip>30308</zip>
        <country>United States</country>
      </address>
    </facility>
  </location>
  <location>
    <facility>
      <name>AIDS Research Alliance - Chicago</name>
      <address>
        <city>Chicago</city>
        <state>Illinois</state>
        <zip>60657</zip>
        <country>United States</country>
      </address>
    </facility>
  </location>
  <location>
    <facility>
      <name>Louisiana Comm AIDS Rsch Prog / Tulane Univ Med</name>
      <address>
        <city>New Orleans</city>
        <state>Louisiana</state>
        <zip>70112</zip>
        <country>United States</country>
      </address>
    </facility>
  </location>
  <location>
    <facility>
      <name>Wayne State Univ - WSU/DMC / Univ Hlth Ctr</name>
      <address>
        <city>Detroit</city>
        <state>Michigan</state>
        <zip>48201</zip>
        <country>United States</country>
      </address>
    </facility>
  </location>
  <location>
    <facility>
      <name>Henry Ford Hosp</name>
      <address>
        <city>Detroit</city>
        <state>Michigan</state>
        <zip>48202</zip>
        <country>United States</country>
      </address>
    </facility>
  </location>
  <location>
    <facility>
      <name>Southern New Jersey AIDS Clinical Trials</name>
      <address>
        <city>Camden</city>
        <state>New Jersey</state>
        <zip>08103</zip>
        <country>United States</country>
      </address>
    </facility>
  </location>
  <location>
    <facility>
      <name>North Jersey Community Research Initiative</name>
      <address>
        <city>Newark</city>
        <state>New Jersey</state>
        <zip>07103</zip>
        <country>United States</country>
      </address>
    </facility>
  </location>
  <location>
    <facility>
      <name>Partners in Research / New Mexico</name>
      <address>
        <city>Albuquerque</city>
        <state>New Mexico</state>
        <zip>87131</zip>
        <country>United States</country>
      </address>
    </facility>
  </location>
  <location>
    <facility>
      <name>Bronx-Lebanon Hosp Ctr</name>
      <address>
        <city>Bronx</city>
        <state>New York</state>
        <zip>10453</zip>
        <country>United States</country>
      </address>
    </facility>
  </location>
  <location>
    <facility>
      <name>Harlem AIDS Treatment Grp / Harlem Hosp Ctr</name>
      <address>
        <city>New York</city>
        <state>New York</state>
        <zip>10037</zip>
        <country>United States</country>
      </address>
    </facility>
  </location>
  <location>
    <facility>
      <name>The Research and Education Group</name>
      <address>
        <city>Portland</city>
        <state>Oregon</state>
        <zip>97210</zip>
        <country>United States</country>
      </address>
    </facility>
  </location>
  <location>
    <facility>
      <name>Philadelphia FIGHT</name>
      <address>
        <city>Philadelphia</city>
        <state>Pennsylvania</state>
        <zip>19107</zip>
        <country>United States</country>
      </address>
    </facility>
  </location>
  <location>
    <facility>
      <name>Univ TX Health Science Ctr</name>
      <address>
        <city>Houston</city>
        <state>Texas</state>
        <zip>77030</zip>
        <country>United States</country>
      </address>
    </facility>
  </location>
  <location>
    <facility>
      <name>Richmond AIDS Consortium / Div of Infect Diseases</name>
      <address>
        <city>Richmond</city>
        <state>Virginia</state>
        <zip>23298</zip>
        <country>United States</country>
      </address>
    </facility>
  </location>
  <location_countries>
    <country>United States</country>
  </location_countries>
  <verification_date>September 2013</verification_date>
  <study_first_submitted>January 17, 2000</study_first_submitted>
  <study_first_submitted_qc>August 30, 2001</study_first_submitted_qc>
  <study_first_posted type="Estimate">August 31, 2001</study_first_posted>
  <last_update_submitted>September 28, 2013</last_update_submitted>
  <last_update_submitted_qc>September 28, 2013</last_update_submitted_qc>
  <last_update_posted type="Estimate">October 1, 2013</last_update_posted>
  <responsible_party>
    <responsible_party_type>Sponsor</responsible_party_type>
  </responsible_party>
  <keyword>Drug Therapy, Combination</keyword>
  <keyword>RNA, Viral</keyword>
  <keyword>Patient Compliance</keyword>
  <keyword>Anti-HIV Agents</keyword>
  <keyword>Viral Load</keyword>
  <keyword>Reminder Systems</keyword>
  <keyword>Treatment Experienced</keyword>
  <keyword>Treatment Naive</keyword>
  <condition_browse>
    <!-- CAUTION:  The following MeSH terms are assigned with an imperfect algorithm            -->
    <mesh_term>HIV Infections</mesh_term>
  </condition_browse>
  <!-- Results have not yet been posted for this study                                          -->
</clinical_study>

