<clinical_study>
  <!-- This xml conforms to an XML Schema at:
    https://clinicaltrials.gov/ct2/html/images/info/public.xsd -->
  <required_header>
    <download_date>ClinicalTrials.gov processed this data on July 31, 2020</download_date>
    <link_text>Link to the current ClinicalTrials.gov record.</link_text>
    <url>https://clinicaltrials.gov/show/NCT00001001</url>
  </required_header>
  <id_info>
    <org_study_id>ACTG 062</org_study_id>
    <secondary_id>11036</secondary_id>
    <nct_id>NCT00001001</nct_id>
  </id_info>
  <brief_title>A Study of Zidovudine in HIV-Infected Patients With Liver Disease</brief_title>
  <official_title>A Clinical Study Examining the Pharmacokinetics and Bioavailability of Azidothymidine (AZT, Zidovudine) in Patients With Human Immunodeficiency Virus (HIV) Infection and Hepatic Disease</official_title>
  <sponsors>
    <lead_sponsor>
      <agency>National Institute of Allergy and Infectious Diseases (NIAID)</agency>
      <agency_class>NIH</agency_class>
    </lead_sponsor>
  </sponsors>
  <source>National Institute of Allergy and Infectious Diseases (NIAID)</source>
  <brief_summary>
    <textblock>
      To examine the pharmacokinetics (blood levels) and bioavailability of zidovudine (AZT) given
      to patients with HIV infection and chronic liver disease. The specific aim of the study is to
      provide data permitting the development of guidelines for use of AZT in patients with mild,
      moderate, or severe liver disease.

      AZT is the only antiviral agent that has been shown to be effective in patients with severe
      HIV infection. However, AZT is largely eliminated from the body through a biochemical
      reaction that takes place in the liver, and it is possible that patients with underlying
      liver disease may have altered AZT pharmacokinetics and may metabolize AZT differently, with
      the result that they are susceptible to an increased risk of serious drug toxicity. This
      study will examine the pharmacokinetics, elimination, and metabolism of AZT in patients with
      liver disease. Guidelines developed from the data will be helpful in managing AZT treatment
      of these HIV-infected persons and will indicate whether the dose of AZT administered should
      be adjusted to compensate for any changes in its bioavailability and/or pharmacokinetics.
    </textblock>
  </brief_summary>
  <detailed_description>
    <textblock>
      AZT is the only antiviral agent that has been shown to be effective in patients with severe
      HIV infection. However, AZT is largely eliminated from the body through a biochemical
      reaction that takes place in the liver, and it is possible that patients with underlying
      liver disease may have altered AZT pharmacokinetics and may metabolize AZT differently, with
      the result that they are susceptible to an increased risk of serious drug toxicity. This
      study will examine the pharmacokinetics, elimination, and metabolism of AZT in patients with
      liver disease. Guidelines developed from the data will be helpful in managing AZT treatment
      of these HIV-infected persons and will indicate whether the dose of AZT administered should
      be adjusted to compensate for any changes in its bioavailability and/or pharmacokinetics.

      Patients are assessed and stratified according to liver function and severity of liver
      disease. Patients receive an intravenous (IV) dose of AZT on the first day of the study,
      followed by an oral dose 24 hours later on the second day of the study. Patients fast for 8
      hours prior to each dose and for 2 hours after each dose. Liver function tests are repeated
      on the first day of the study. In each patient, serial measurements of serum and urine AZT
      and its metabolite, 3'-azido-3'-deoxy-5'-glucuronylthymidine (GAZT), are monitored after both
      doses.
    </textblock>
  </detailed_description>
  <overall_status>Completed</overall_status>
  <completion_date type="Actual">May 1990</completion_date>
  <phase>N/A</phase>
  <study_type>Interventional</study_type>
  <has_expanded_access>No</has_expanded_access>
  <study_design_info>
    <primary_purpose>Treatment</primary_purpose>
    <masking>None (Open Label)</masking>
  </study_design_info>
  <enrollment>39</enrollment>
  <condition>HIV Infections</condition>
  <condition>Liver Diseases</condition>
  <intervention>
    <intervention_type>Drug</intervention_type>
    <intervention_name>Zidovudine</intervention_name>
  </intervention>
  <eligibility>
    <criteria>
      <textblock>
        Inclusion Criteria

        Concurrent Medication:

        Allowed after completion of day 2 of study:

          -  Prior medications may be resumed.

        Concurrent Treatment:

        Allowed after completion of day 2 of study:

          -  Cytotoxic chemotherapy or radiation therapy for Kaposi's sarcoma.

        The study will be divided into three groups of cooperative patients according to mild,
        moderate, or severe liver disease. Severity of disease will be assessed within 7 days of
        entry into the study according to laboratory values. Patients must have normal kidney
        function. No medications should be taken for 48 hours prior to entering the study.
        Hemophiliacs are included.

        Prior Medication:

        Allowed:

          -  Zidovudine (AZT) if discontinued at least 48 hours prior to study entry.

        Exclusion Criteria

        Co-existing Condition:

        Patients will be excluded from the study if unacceptable toxicity develops or if an illness
        requiring concurrent treatment develops.

        Concurrent Medication:

        Excluded within 48 hours of study entry:

          -  All medications. Medication may be resumed after completion of day 2 of the study.

        Concurrent Treatment:

        Excluded within 48 hours of study entry:

          -  All treatments. Treatment may be resumed after completion of day 2 of the study.

        Patients will be excluded for the following reasons:

          -  Presence of active opportunistic infections, with the exception of active or chronic
             hepatitis B virus or hepatitis D virus infection, or ongoing therapy for an
             opportunistic infection.

          -  Thrombocytopenia, with platelets less than 50000 platelets/mm3.

          -  Neutropenia, with polymorphonuclear leukocytes less than 1000 cells/mm3.

          -  Renal insufficiency, with creatinine greater than 1.5 mg/dl.

          -  Acute viral hepatitis within 30 days of the study.

          -  Patients who are expected to be noncompliant or who are unwilling to sign an informed
             consent statement.

        Prior Medication:

        Excluded within 48 hours of study entry:

          -  All medications. Medication may be resumed after completion of day 2 of the study.

        Prior Treatment:

        Excluded within 30 days of study entry:

          -  Cytotoxic chemotherapy or radiation therapy for Kaposi's sarcoma. Treatment may be
             resumed after completion of day 2 of the study.

        Active drug or alcohol abuse.
      </textblock>
    </criteria>
    <gender>All</gender>
    <minimum_age>18 Years</minimum_age>
    <maximum_age>N/A</maximum_age>
    <healthy_volunteers>No</healthy_volunteers>
  </eligibility>
  <overall_official>
    <last_name>Lemon SM</last_name>
    <role>Study Chair</role>
  </overall_official>
  <location>
    <facility>
      <name>Boston Med Ctr</name>
      <address>
        <city>Boston</city>
        <state>Massachusetts</state>
        <zip>02118</zip>
        <country>United States</country>
      </address>
    </facility>
  </location>
  <location>
    <facility>
      <name>Univ of Massachusetts Med Ctr</name>
      <address>
        <city>Worcester</city>
        <state>Massachusetts</state>
        <zip>01655</zip>
        <country>United States</country>
      </address>
    </facility>
  </location>
  <location>
    <facility>
      <name>Univ of North Carolina</name>
      <address>
        <city>Chapel Hill</city>
        <state>North Carolina</state>
        <zip>275997215</zip>
        <country>United States</country>
      </address>
    </facility>
  </location>
  <location>
    <facility>
      <name>Milton S Hershey Med Ctr</name>
      <address>
        <city>Hershey</city>
        <state>Pennsylvania</state>
        <zip>170330850</zip>
        <country>United States</country>
      </address>
    </facility>
  </location>
  <location>
    <facility>
      <name>Univ of Washington</name>
      <address>
        <city>Seattle</city>
        <state>Washington</state>
        <zip>98105</zip>
        <country>United States</country>
      </address>
    </facility>
  </location>
  <location_countries>
    <country>United States</country>
  </location_countries>
  <reference>
    <citation>Moore KH, Raasch RH, Brouwer KL, Opheim K, Cheeseman SH, Eyster E, Lemon SM, van der Horst CM. Pharmacokinetics and bioavailability of zidovudine and its glucuronidated metabolite in patients with human immunodeficiency virus infection and hepatic disease (AIDS Clinical Trials Group protocol 062). Antimicrob Agents Chemother. 1995 Dec;39(12):2732-7.</citation>
    <PMID>8593010</PMID>
  </reference>
  <verification_date>March 2012</verification_date>
  <study_first_submitted>November 2, 1999</study_first_submitted>
  <study_first_submitted_qc>August 30, 2001</study_first_submitted_qc>
  <study_first_posted type="Estimate">August 31, 2001</study_first_posted>
  <last_update_submitted>March 15, 2012</last_update_submitted>
  <last_update_submitted_qc>March 15, 2012</last_update_submitted_qc>
  <last_update_posted type="Estimate">March 16, 2012</last_update_posted>
  <responsible_party>
    <responsible_party_type>Sponsor</responsible_party_type>
  </responsible_party>
  <keyword>Liver</keyword>
  <keyword>Liver Diseases</keyword>
  <keyword>Liver Function Tests</keyword>
  <keyword>HIV Seropositivity</keyword>
  <keyword>Acquired Immunodeficiency Syndrome</keyword>
  <keyword>Zidovudine</keyword>
  <keyword>Biological Availability</keyword>
  <condition_browse>
    <!-- CAUTION:  The following MeSH terms are assigned with an imperfect algorithm            -->
    <mesh_term>Infection</mesh_term>
    <mesh_term>Liver Diseases</mesh_term>
  </condition_browse>
  <intervention_browse>
    <!-- CAUTION:  The following MeSH terms are assigned with an imperfect algorithm            -->
    <mesh_term>Zidovudine</mesh_term>
  </intervention_browse>
  <!-- Results have not yet been posted for this study                                          -->
</clinical_study>

