<clinical_study>
  <!-- This xml conforms to an XML Schema at:
    https://clinicaltrials.gov/ct2/html/images/info/public.xsd -->
  <required_header>
    <download_date>ClinicalTrials.gov processed this data on July 31, 2020</download_date>
    <link_text>Link to the current ClinicalTrials.gov record.</link_text>
    <url>https://clinicaltrials.gov/show/NCT00001841</url>
  </required_header>
  <id_info>
    <org_study_id>990061</org_study_id>
    <secondary_id>99-CC-0061</secondary_id>
    <nct_id>NCT00001841</nct_id>
  </id_info>
  <brief_title>Magnetic Resonance Angiography (MRA) for the Diagnosis of Atherosclerosis</brief_title>
  <official_title>Contrast Enhanced Resonance Angiography (MRA) in the Diagnosis of Atherosclerotic Disease: A Pilot Technical Development Study</official_title>
  <sponsors>
    <lead_sponsor>
      <agency>National Institutes of Health Clinical Center (CC)</agency>
      <agency_class>NIH</agency_class>
    </lead_sponsor>
  </sponsors>
  <source>National Institutes of Health Clinical Center (CC)</source>
  <brief_summary>
    <textblock>
      Magnetic Resonance Angiography (MRA) is a method used to evaluate arteries and veins without
      the use of invasive catheters or x-rays (radiation). MRA technique has been continuously
      improving and has become more accurate at diagnosing problems of narrowing in blood vessels.
      However, MRA has a difficult time detecting narrowing in small blood vessels, limiting its
      use to large arteries.

      The purpose of this study is to recruit patients diagnosed with or suspected of having,
      atherosclerosis (hardening of the arteries) to participate in a series of new
      state-of-the-art diagnostic tests using MRA.

      This study is a combined effort between the National Institutes of Health (NIH), Uniformed
      Services University of the Health Sciences (USUHS), and General Electric Medical Services and
      is supported a Cooperative Research Agreement is to (CRADA).

      The goal of this study is to improve MRA to the point that it can reliably replace diagnostic
      x-ray catheter angiography in the evaluation of patients with atherosclerosis.
    </textblock>
  </brief_summary>
  <detailed_description>
    <textblock>
      Contrast Enhanced Magnetic Resonance Angiography (MRA) is a developing technology that
      permits the non-invasive evaluation of arterial and venous structures without the need for
      x-ray based catheter angiography. While dramatic progress has been made in the last few
      years, there are still substantial limitations in the accuracy of MRA in judging stenoses and
      detecting small accessory vessels. The purpose of this study is to recruit patients with
      suspected or documented atherosclerotic disease for evaluation with state-of-the-art MRA
      using new surface coils, new pulse sequence designs, novel contrast administration
      strategies, and advanced image processing algorithms. This work represents a collaboration
      between NIH, USUHS and General Electric Medical Systems and is supported by a Cooperative
      Research Agreement (CRADA). The goal of this pilot study is to improve MRA to the point that
      it can reliably replace diagnostic x-ray catheter angiography in the evaluation of patients
      with atherosclerotic disease.
    </textblock>
  </detailed_description>
  <overall_status>Completed</overall_status>
  <start_date>March 1999</start_date>
  <completion_date>December 2004</completion_date>
  <study_type>Observational</study_type>
  <has_expanded_access>No</has_expanded_access>
  <enrollment>100</enrollment>
  <condition>Atherosclerosis</condition>
  <eligibility>
    <criteria>
      <textblock>
        INCLUSION CRITERIA:

        Patients must live in the Metropolitan Washington Area.

        Patients must have suspected atherosclerotic disease based on clinical findings or
        documented by angiography or doppler ultrasound performed within 3 months of the MRA.

        Patients must be willing to participate in the protocol.

        Patients must be referred by a physician who is caring for the patient and to whom the
        results will be provided.

        Patients must be clinically stable and be judged by their physician able to come to the
        Clinical Center to participate in the study.

        Patients must have serum Creatinine value less than 3.0 mg/dl.

        EXCLUSION CRITERIA:

        Any contraindication for MRI including:

        (a) pacemaker or other implanted electronic device; (b) cochlear implants; (c) metal in the
        eye; (d) embedded shrapnel fragments; (e) cerebral aneurysm clips; or (f) medical infusion
        pumps.

        Allergy to Gadolinium based contrast media.

        Unsatisfactory performance status as judged by the referring physician such that the
        patient could not tolerate an MRI scan. Examples of medical conditions that would not be
        accepted would include angina, dyspnea at rest, congestive heart failure, severe
        claudication (less than 1 flight of steps).

        Intercurrent illness that requires treatment that would be jeopardized by the MRA scan.

        Subjects requiring sedation for MRI studies.

        Pregnant female.

        Patients with severe back-pain who will be unable to tolerate supine positioning within the
        MRI scanner for the duration of the examination.
      </textblock>
    </criteria>
    <gender>All</gender>
    <minimum_age>N/A</minimum_age>
    <maximum_age>N/A</maximum_age>
    <healthy_volunteers>No</healthy_volunteers>
  </eligibility>
  <location>
    <facility>
      <name>Warren G. Magnuson Clinical Center (CC)</name>
      <address>
        <city>Bethesda</city>
        <state>Maryland</state>
        <zip>20892</zip>
        <country>United States</country>
      </address>
    </facility>
  </location>
  <location_countries>
    <country>United States</country>
  </location_countries>
  <reference>
    <citation>Prince MR, Yucel EK, Kaufman JA, Harrison DC, Geller SC. Dynamic gadolinium-enhanced three-dimensional abdominal MR arteriography. J Magn Reson Imaging. 1993 Nov-Dec;3(6):877-81.</citation>
    <PMID>8280977</PMID>
  </reference>
  <reference>
    <citation>Prince MR. Peripheral vascular MR angiography: the time has come. Radiology. 1998 Mar;206(3):592-3.</citation>
    <PMID>9494471</PMID>
  </reference>
  <reference>
    <citation>Prince MR. Contrast-enhanced MR angiography: theory and optimization. Magn Reson Imaging Clin N Am. 1998 May;6(2):257-67.</citation>
    <PMID>9560485</PMID>
  </reference>
  <verification_date>December 2004</verification_date>
  <study_first_submitted>November 3, 1999</study_first_submitted>
  <study_first_submitted_qc>November 3, 1999</study_first_submitted_qc>
  <study_first_posted type="Estimate">November 4, 1999</study_first_posted>
  <last_update_submitted>March 3, 2008</last_update_submitted>
  <last_update_submitted_qc>March 3, 2008</last_update_submitted_qc>
  <last_update_posted type="Estimate">March 4, 2008</last_update_posted>
  <keyword>Arteriosclerosis</keyword>
  <keyword>Imaging</keyword>
  <keyword>MRA</keyword>
  <keyword>Narrowing of Vessels</keyword>
  <keyword>Hardening of Arteries</keyword>
  <condition_browse>
    <!-- CAUTION:  The following MeSH terms are assigned with an imperfect algorithm            -->
    <mesh_term>Atherosclerosis</mesh_term>
  </condition_browse>
  <!-- Results have not yet been posted for this study                                          -->
</clinical_study>

