<clinical_study>
  <!-- This xml conforms to an XML Schema at:
    https://clinicaltrials.gov/ct2/html/images/info/public.xsd -->
  <required_header>
    <download_date>ClinicalTrials.gov processed this data on July 31, 2020</download_date>
    <link_text>Link to the current ClinicalTrials.gov record.</link_text>
    <url>https://clinicaltrials.gov/show/NCT00001643</url>
  </required_header>
  <id_info>
    <org_study_id>970173</org_study_id>
    <secondary_id>97-HG-0173</secondary_id>
    <nct_id>NCT00001643</nct_id>
  </id_info>
  <brief_title>Gene Analysis of Parkinson's Disease</brief_title>
  <official_title>Gene Analysis in Parkinson's Disease</official_title>
  <sponsors>
    <lead_sponsor>
      <agency>National Human Genome Research Institute (NHGRI)</agency>
      <agency_class>NIH</agency_class>
    </lead_sponsor>
  </sponsors>
  <source>National Institutes of Health Clinical Center (CC)</source>
  <brief_summary>
    <textblock>
      The purposes of this study are to identify the gene or genes responsible for an inherited
      form of Parkinson's disease and learn more about how the disease develops.

      In Parkinson's disease, a deficiency of a brain chemical called dopamine impairs the function
      of the part of the brain that controls movement. As a result, patients may have difficulty
      moving or they may have uncontrolled movements of their hands and fingers. Parkinson's
      disease usually occurs sporadically, with no known cause. In a few families, however, the
      disease seems to be inherited through a gene mutation (change). There is a 50-50 chance that
      a parent with the mutated gene will pass it on to a child. Children who do inherit the
      abnormal gene may or may not go on to actually develop Parkinson's disease-the relative
      chance of this happening is not known.

      Individuals 18 years of age and older from families in which Parkinson's disease appears to
      be inherited may be eligible for this study. Participants will have their medical records
      reviewed, provide a personal and family medical history (by telephone or in person), and have
      a small blood sample (2 tablespoons) taken for genetic studies. The total time required for
      the study is about 1 to 2 hours.

      Participants are encouraged to meet with a NIH investigator or with a genetics specialist in
      their local area before testing to talk about the possible implications for themselves and
      their families of the test results....
    </textblock>
  </brief_summary>
  <detailed_description>
    <textblock>
      Mutational analysis in patients with Parkinson's disease and a positive family history will
      be undertaken in an effort to identify and better understand the function of defective genes
      that cause Parkinson's disease in these individuals. DNA from these individuals is an
      important resource for screening candidate genes for mutations, for confirming that genes
      identified by other approaches are altered in patients, and for defining the mutational
      spectrum in these genes (genotype/phenotype correlation).

      Unrelated, anonymous normal individuals will serve as controls for sequence comparisons.
      Information about genotypes will not be communicated back to the individuals as part of this
      study. While mutational analysis will continue, no further participants will be recruited to
      this study.
    </textblock>
  </detailed_description>
  <overall_status>Completed</overall_status>
  <start_date>August 29, 1997</start_date>
  <primary_completion_date type="Actual">August 31, 2009</primary_completion_date>
  <study_type>Observational</study_type>
  <has_expanded_access>No</has_expanded_access>
  <enrollment>320</enrollment>
  <condition>Parkinson's Disease</condition>
  <eligibility>
    <criteria>
      <textblock>
        -  INCLUSION CRITERIA:

        Individuals over the age of 18 from families in which there are three or more individuals
        affected with Parkinson's disease (within three generations) and the proband was the only
        affected person available or willing to participate in the study

        The diagnosis must be supported by accepted clinical criteria: tremor, bradykinesia, and
        responsiveness to L-DOPA.

        PD may be associated with dementia. The study will lose power if individuals with mental
        impairment and PD are excluded. For this reason, decisionally-impaired individuals will be
        enrolled.

        EXCLUSION CRITERIA:

        No one under 18 will be enrolled because, with the exception of the rare autosomal
        recessive PD due to parkin mutations, PD does not affect minors. Study design does not
        involve testing fetuses.
      </textblock>
    </criteria>
    <gender>All</gender>
    <minimum_age>18 Years</minimum_age>
    <maximum_age>N/A</maximum_age>
    <healthy_volunteers>No</healthy_volunteers>
  </eligibility>
  <location>
    <facility>
      <name>National Institutes of Health Clinical Center, 9000 Rockville Pike</name>
      <address>
        <city>Bethesda</city>
        <state>Maryland</state>
        <zip>20892</zip>
        <country>United States</country>
      </address>
    </facility>
  </location>
  <location_countries>
    <country>United States</country>
  </location_countries>
  <reference>
    <citation>Polymeropoulos MH, Lavedan C, Leroy E, Ide SE, Dehejia A, Dutra A, Pike B, Root H, Rubenstein J, Boyer R, Stenroos ES, Chandrasekharappa S, Athanassiadou A, Papapetropoulos T, Johnson WG, Lazzarini AM, Duvoisin RC, Di Iorio G, Golbe LI, Nussbaum RL. Mutation in the alpha-synuclein gene identified in families with Parkinson's disease. Science. 1997 Jun 27;276(5321):2045-7.</citation>
    <PMID>9197268</PMID>
  </reference>
  <reference>
    <citation>Polymeropoulos MH, Higgins JJ, Golbe LI, Johnson WG, Ide SE, Di Iorio G, Sanges G, Stenroos ES, Pho LT, Schaffer AA, Lazzarini AM, Nussbaum RL, Duvoisin RC. Mapping of a gene for Parkinson's disease to chromosome 4q21-q23. Science. 1996 Nov 15;274(5290):1197-9.</citation>
    <PMID>8895469</PMID>
  </reference>
  <reference>
    <citation>Eldridge R, Ince SE. The low concordance rate for Parkinson's disease in twins: a possible explanation. Neurology. 1984 Oct;34(10):1354-6.</citation>
    <PMID>6541307</PMID>
  </reference>
  <verification_date>August 31, 2009</verification_date>
  <study_first_submitted>November 3, 1999</study_first_submitted>
  <study_first_submitted_qc>November 3, 1999</study_first_submitted_qc>
  <study_first_posted type="Estimate">November 4, 1999</study_first_posted>
  <last_update_submitted>June 30, 2017</last_update_submitted>
  <last_update_submitted_qc>June 30, 2017</last_update_submitted_qc>
  <last_update_posted type="Actual">July 2, 2017</last_update_posted>
  <keyword>Lewy Body</keyword>
  <keyword>Mutation</keyword>
  <keyword>Hereditary</keyword>
  <keyword>Dominant</keyword>
  <keyword>Sporadic</keyword>
  <keyword>Parkinson's Disease</keyword>
  <condition_browse>
    <!-- CAUTION:  The following MeSH terms are assigned with an imperfect algorithm            -->
    <mesh_term>Parkinson Disease</mesh_term>
  </condition_browse>
  <!-- Results have not yet been posted for this study                                          -->
</clinical_study>

