<clinical_study>
  <!-- This xml conforms to an XML Schema at:
    https://clinicaltrials.gov/ct2/html/images/info/public.xsd -->
  <required_header>
    <download_date>ClinicalTrials.gov processed this data on July 31, 2020</download_date>
    <link_text>Link to the current ClinicalTrials.gov record.</link_text>
    <url>https://clinicaltrials.gov/show/NCT00001151</url>
  </required_header>
  <id_info>
    <org_study_id>760081</org_study_id>
    <secondary_id>76-DK-0081</secondary_id>
    <nct_id>NCT00001151</nct_id>
  </id_info>
  <brief_title>Studies With 1,25-Dihydroxycholecalciferol</brief_title>
  <official_title>Studies With 1,25-Dihydroxycholecalciferol</official_title>
  <sponsors>
    <lead_sponsor>
      <agency>National Institute of Diabetes and Digestive and Kidney Diseases (NIDDK)</agency>
      <agency_class>NIH</agency_class>
    </lead_sponsor>
  </sponsors>
  <source>National Institutes of Health Clinical Center (CC)</source>
  <oversight_info>
    <has_dmc>No</has_dmc>
  </oversight_info>
  <brief_summary>
    <textblock>
      Vitamin D in the diet undergoes changes in the liver and kidneys to several forms. Patients
      suffering from disorders with Vitamin D resistance are unable to absorb calcium from food.
      Patients diagnosed with these disorders will be evaluated and treated with high doses of
      another form of Vitamin D (1,25-dihydroxyvitamin D3). Patients will be monitored and observed
      throughout the study to avoid experiencing side effects from the medication.
    </textblock>
  </brief_summary>
  <detailed_description>
    <textblock>
      Patients with extreme resistance to 1,25-dihydroxyvitamin D will be evaluated and treated
      with high doses of 1,25-dihydroxyvitamin D3.

      Plan: In previously untreated patients the study will be divided into a control and one or
      more treatment periods. During the control period, parathyroid status will be assessed by
      parameters nos. 1&amp; 2 (below). In previously treated patients maintenance vitamin D will be
      gradually replaced with 1,25(OH)2D3. This will be accomplished by withdrawal of vitamin D and
      institution of 1,25(OH)2D3 when the serum calcium shows a downward trend.

      1,25(OH)2D3 as 0.25 or 0.5 ug capsules (though IND 20,889) or as a solution of I microgram
      per ml will be administered orally. In most cases, because of consideration of time and
      expense, the cooperation of the patient's local physician will be enlisted. The following
      will be monitored:

        1. Serum calcium, phosphorus,alkaline phosphatase,creatinine at twice weekly intervals.
           After a maintenance dose has been established, this will be decreased to a monthly, and
           subsequently 3-6 monthly interval.

        2. Urine calcium, phosphorus,creatinine and cAMP before therapy and, when appropriate,
           during therapy.

      The dose of 1,25(OH)2D3 will be 0.125 to 50.0 ug/day. Serum calcium will not be allowed to
      rise above the normal range (2.0 -2.4 mM at NIH). Should hypercalcemia occur, appropriate
      treatment will be initiated and the drug dosage will be decreased.
    </textblock>
  </detailed_description>
  <overall_status>Terminated</overall_status>
  <why_stopped>
    Terminated because of lack of drug supply
  </why_stopped>
  <start_date>March 1976</start_date>
  <completion_date type="Actual">October 2009</completion_date>
  <primary_completion_date type="Actual">October 2009</primary_completion_date>
  <phase>Phase 2</phase>
  <study_type>Interventional</study_type>
  <has_expanded_access>No</has_expanded_access>
  <study_design_info>
    <allocation>N/A</allocation>
    <intervention_model>Single Group Assignment</intervention_model>
    <primary_purpose>Treatment</primary_purpose>
    <masking>None (Open Label)</masking>
  </study_design_info>
  <primary_outcome>
    <measure>Number of Participants With Normal Serum Calcium Concentrations</measure>
    <time_frame>1 year average</time_frame>
    <description>Normal calcium concentration 8.2-10.6 mg/dL</description>
  </primary_outcome>
  <number_of_arms>1</number_of_arms>
  <enrollment type="Actual">6</enrollment>
  <condition>Hypocalcemia</condition>
  <condition>Rickets</condition>
  <arm_group>
    <arm_group_label>Drug treatment</arm_group_label>
    <arm_group_type>Experimental</arm_group_type>
    <description>1,25-Dihydroxycholecalciferol 5 ug orally per day for 2 years</description>
  </arm_group>
  <intervention>
    <intervention_type>Drug</intervention_type>
    <intervention_name>1,25-Dihydroxycholecalciferol</intervention_name>
    <description>Usual doses of 1,25-dihydroycholecalciferol are 0.25-1 ug per day. All patients in this study received very high doses or 5-20 ug per day.</description>
    <arm_group_label>Drug treatment</arm_group_label>
  </intervention>
  <eligibility>
    <criteria>
      <textblock>
        -  INCLUSION CRITERIA:

        Patients with hereditary resistance to calcitrol.
      </textblock>
    </criteria>
    <gender>All</gender>
    <minimum_age>N/A</minimum_age>
    <maximum_age>N/A</maximum_age>
    <healthy_volunteers>No</healthy_volunteers>
  </eligibility>
  <overall_official>
    <last_name>Stephen J Marx, MD</last_name>
    <role>Principal Investigator</role>
    <affiliation>NIDDK/NIH</affiliation>
  </overall_official>
  <location>
    <facility>
      <name>National Institutes of Health Clinical Center, 9000 Rockville Pike</name>
      <address>
        <city>Bethesda</city>
        <state>Maryland</state>
        <zip>20892</zip>
        <country>United States</country>
      </address>
    </facility>
  </location>
  <location_countries>
    <country>United States</country>
  </location_countries>
  <reference>
    <citation>Marx SJ, Swart EG Jr, Hamstra AJ, DeLuca HF. Normal intrauterine development of the fetus of a woman receiving extraordinarily high doses of 1,25-dihydroxyvitamin D3. J Clin Endocrinol Metab. 1980 Nov;51(5):1138-42.</citation>
    <PMID>6893458</PMID>
  </reference>
  <reference>
    <citation>Fraser D, Kooh SW, Kind HP, Holick MF, Tanaka Y, DeLuca HF. Pathogenesis of hereditary vitamin-D-dependent rickets. An inborn error of vitamin D metabolism involving defective conversion of 25-hydroxyvitamin D to 1 alpha,25-dihydroxyvitamin D. N Engl J Med. 1973 Oct 18;289(16):817-22.</citation>
    <PMID>4357855</PMID>
  </reference>
  <reference>
    <citation>Marx SJ, Spiegel AM, Brown EM, Gardner DG, Downs RW Jr, Attie M, Hamstra AJ, DeLuca HF. A familial syndrome of decrease in sensitivity to 1,25-dihydroxyvitamin D. J Clin Endocrinol Metab. 1978 Dec;47(6):1303-10.</citation>
    <PMID>233695</PMID>
  </reference>
  <verification_date>June 2013</verification_date>
  <study_first_submitted>November 3, 1999</study_first_submitted>
  <study_first_submitted_qc>November 3, 1999</study_first_submitted_qc>
  <study_first_posted type="Estimate">November 4, 1999</study_first_posted>
  <results_first_submitted>November 12, 2010</results_first_submitted>
  <results_first_submitted_qc>November 21, 2013</results_first_submitted_qc>
  <results_first_posted type="Estimate">November 25, 2013</results_first_posted>
  <last_update_submitted>November 21, 2013</last_update_submitted>
  <last_update_submitted_qc>November 21, 2013</last_update_submitted_qc>
  <last_update_posted type="Estimate">November 25, 2013</last_update_posted>
  <responsible_party>
    <responsible_party_type>Principal Investigator</responsible_party_type>
    <investigator_affiliation>National Institutes of Health Clinical Center (CC)</investigator_affiliation>
    <investigator_full_name>Stephen Marx, M.D.</investigator_full_name>
    <investigator_title>Chief of the Metabolic Diseases Branch of NIDDK/NIH</investigator_title>
  </responsible_party>
  <keyword>Calciferol</keyword>
  <keyword>Hypocalcemia</keyword>
  <keyword>Rickets</keyword>
  <condition_browse>
    <!-- CAUTION:  The following MeSH terms are assigned with an imperfect algorithm            -->
    <mesh_term>Rickets</mesh_term>
    <mesh_term>Hypocalcemia</mesh_term>
  </condition_browse>
  <intervention_browse>
    <!-- CAUTION:  The following MeSH terms are assigned with an imperfect algorithm            -->
    <mesh_term>Dihydroxycholecalciferols</mesh_term>
    <mesh_term>Calcitriol</mesh_term>
  </intervention_browse>

  <clinical_results>

    <participant_flow>
      <group_list>
        <group group_id="P1">
          <title>Group 1</title>
          <description>Patient has rickets (child) or osteomalacia (adult) of bone</description>
        </group>
      </group_list>
      <period_list>
        <period>
          <title>Overall Study</title>
          <milestone_list>
            <milestone>
              <title>STARTED</title>
              <participants_list>
                <participants group_id="P1" count="6"/>
              </participants_list>
            </milestone>
            <milestone>
              <title>COMPLETED</title>
              <participants_list>
                <participants group_id="P1" count="1"/>
              </participants_list>
            </milestone>
            <milestone>
              <title>NOT COMPLETED</title>
              <participants_list>
                <participants group_id="P1" count="5"/>
              </participants_list>
            </milestone>
          </milestone_list>
        </period>
      </period_list>
    </participant_flow>

    <baseline>
      <group_list>
        <group group_id="B1">
          <title>Group 1</title>
          <description>Patient has rickets (cild) or osteomalacia (adult) of bone</description>
        </group>
      </group_list>
      <analyzed_list>
        <analyzed>
          <units>Participants</units>
          <scope>Overall</scope>
          <count_list>
            <count group_id="B1" value="6"/>
          </count_list>
        </analyzed>
      </analyzed_list>
      <measure_list>
        <measure>
          <title>Age</title>
          <units>years</units>
          <param>Mean</param>
          <dispersion>Full Range</dispersion>
          <class_list>
            <class>
              <category_list>
                <category>
                  <measurement_list>
                    <measurement group_id="B1" value="15" lower_limit="5" upper_limit="50"/>
                  </measurement_list>
                </category>
              </category_list>
            </class>
          </class_list>
        </measure>
        <measure>
          <title>Sex: Female, Male</title>
          <units>Participants</units>
          <param>Count of Participants</param>
          <class_list>
            <class>
              <category_list>
                <category>
                  <title>Female</title>
                  <measurement_list>
                    <measurement group_id="B1" value="3"/>
                  </measurement_list>
                </category>
                <category>
                  <title>Male</title>
                  <measurement_list>
                    <measurement group_id="B1" value="3"/>
                  </measurement_list>
                </category>
              </category_list>
            </class>
          </class_list>
        </measure>
        <measure>
          <title>Region of Enrollment</title>
          <units>participants</units>
          <param>Number</param>
          <class_list>
            <class>
              <title>United States</title>
              <category_list>
                <category>
                  <measurement_list>
                    <measurement group_id="B1" value="6"/>
                  </measurement_list>
                </category>
              </category_list>
            </class>
          </class_list>
        </measure>
      </measure_list>
    </baseline>

    <outcome_list>
      <outcome>
        <type>Primary</type>
        <title>Number of Participants With Normal Serum Calcium Concentrations</title>
        <description>Normal calcium concentration 8.2-10.6 mg/dL</description>
        <time_frame>1 year average</time_frame>
        <group_list>
          <group group_id="O1">
            <title>Group 1</title>
            <description>Patient has rickets (cild) or osteomalacia (adult) of bone</description>
          </group>
        </group_list>
        <measure>
          <title>Number of Participants With Normal Serum Calcium Concentrations</title>
          <description>Normal calcium concentration 8.2-10.6 mg/dL</description>
          <units>participants</units>
          <param>Number</param>
          <analyzed_list>
            <analyzed>
              <units>Participants</units>
              <scope>Measure</scope>
              <count_list>
                <count group_id="O1" value="6"/>
              </count_list>
            </analyzed>
          </analyzed_list>
          <class_list>
            <class>
              <category_list>
                <category>
                  <measurement_list>
                    <measurement group_id="O1" value="6" lower_limit="8" upper_limit="11"/>
                  </measurement_list>
                </category>
              </category_list>
            </class>
          </class_list>
        </measure>
      </outcome>
    </outcome_list>

    <reported_events>
      <group_list>
        <group group_id="E1">
          <title>Group 1</title>
          <description>Patient has rickets (cild) or osteomalacia (adult) of bone</description>
        </group>
      </group_list>
      <serious_events>
        <category_list>
          <category>
            <title>Total</title>
            <event_list>
              <event>
                <sub_title>Total, serious adverse events</sub_title>
                <counts group_id="E1" subjects_affected="0" subjects_at_risk="6"/>
              </event>
            </event_list>
          </category>
        </category_list>
      </serious_events>
      <other_events>
        <frequency_threshold>5</frequency_threshold>
        <category_list>
          <category>
            <title>Total</title>
            <event_list>
              <event>
                <sub_title>Total, other adverse events</sub_title>
                <counts group_id="E1" subjects_affected="0" subjects_at_risk="6"/>
              </event>
            </event_list>
          </category>
        </category_list>
      </other_events>
    </reported_events>

    <certain_agreements>
      <pi_employee>All Principal Investigators ARE employed by the organization sponsoring the study.</pi_employee>
      <restrictive_agreement>There is NOT an agreement between Principal Investigators and the Sponsor (or its agents) that restricts the PI's rights to discuss or publish trial results after the trial is completed. </restrictive_agreement>
    </certain_agreements>
    <point_of_contact>
      <name_or_title>Stephen J. Marx, M.D./National Institute of Diabetes and Digestive and Kidney Diseases</name_or_title>
      <organization>NIH</organization>
      <phone>3014965051</phone>
      <email>marxs@mail.nih.gov</email>
    </point_of_contact>
  </clinical_results>
</clinical_study>

