<clinical_study>
  <!-- This xml conforms to an XML Schema at:
    https://clinicaltrials.gov/ct2/html/images/info/public.xsd -->
  <required_header>
    <download_date>ClinicalTrials.gov processed this data on July 31, 2020</download_date>
    <link_text>Link to the current ClinicalTrials.gov record.</link_text>
    <url>https://clinicaltrials.gov/show/NCT00003330</url>
  </required_header>
  <id_info>
    <org_study_id>CDR0000066286</org_study_id>
    <secondary_id>BIH-97-1083</secondary_id>
    <secondary_id>NCI-T97-0053</secondary_id>
    <nct_id>NCT00003330</nct_id>
  </id_info>
  <brief_title>Interleukin-12 in Treating Patients With Advanced Cancer</brief_title>
  <official_title>Phase I Clinical Trials of IV rhIL-12 With or Without a Test-Dose in Patients With Advanced Malignancies (rhIL-12 NSC# 672423)</official_title>
  <sponsors>
    <lead_sponsor>
      <agency>National Cancer Institute (NCI)</agency>
      <agency_class>NIH</agency_class>
    </lead_sponsor>
  </sponsors>
  <source>National Cancer Institute (NCI)</source>
  <brief_summary>
    <textblock>
      Phase I trial to study the effectiveness of interleukin-12 in treating patients who have
      advanced cancer. Interleukin-12 may kill tumor cells by stopping blood flow to the tumor and
      by stimulating a person's white blood cells to kill cancer cells.
    </textblock>
  </brief_summary>
  <detailed_description>
    <textblock>
      OBJECTIVES:

      I. Determine the toxicity profile and maximum tolerated dose (MTD) of intravenous
      interleukin-12 (IL-12) administered biweekly for 6-18 weeks in the presence and absence of a
      test dose in patients with metastatic or unresectable malignancies.

      II. Determine the optimal timing for administration of an IL-12 test dose, based on its
      impact on secondary biologic parameters in these patients.

      III. Determine the antitumor effects of IL-12 administered according to this schedule, with
      and without a test dose, in these patients.

      IV. Determine the effect of a test dose on toxicity profile, MTD, tumor response and various
      biologic phenomena in serum, and, where possible, tumor and liver in these patients.

      OUTLINE: This is a 3-part dose escalation study.

      In Part A, patients receive intravenous interleukin-12 (IL-12) twice a week for 6 weeks.
      Courses are repeated until patients achieve a complete response or there is disease
      progression. Dose escalation of IL-12 continues in cohorts of 3-6 patients until the maximum
      tolerated dose (MTD) is determined. The MTD is defined as the dose below that at which 2 of 6
      patients experience dose limiting toxicity (DLT).

      In Part B, patients receive a single test dose of IL-12 administered intravenously at a 1, 2,
      or 3 week interval prior to starting the multidose twice a week regimen as in Part A. Cohorts
      of 4 patients will receive IL-12 at the MTD obtained in Part A.

      In Part C, patients receive IL-12 at one dose level above the MTD obtained in Part A using
      the optimal schedule for the test dose determined in Part B. Dose escalation continues in
      cohorts of 3-6 patients until the MTD is determined. The MTD is defined as the dose below
      that at which 2 of 6 patients experience DLT. Patients may continue to receive IL-12 until
      they have no measurable disease or until disease progression.
    </textblock>
  </detailed_description>
  <overall_status>Completed</overall_status>
  <start_date>July 1998</start_date>
  <primary_completion_date type="Actual">April 2002</primary_completion_date>
  <phase>Phase 1</phase>
  <study_type>Interventional</study_type>
  <has_expanded_access>No</has_expanded_access>
  <study_design_info>
    <allocation>N/A</allocation>
    <intervention_model>Single Group Assignment</intervention_model>
    <primary_purpose>Treatment</primary_purpose>
    <masking>None (Open Label)</masking>
  </study_design_info>
  <number_of_arms>1</number_of_arms>
  <enrollment type="Actual">54</enrollment>
  <condition>Unspecified Adult Solid Tumor, Protocol Specific</condition>
  <arm_group>
    <arm_group_label>Arm I</arm_group_label>
    <arm_group_type>Experimental</arm_group_type>
    <description>See detailed description.</description>
  </arm_group>
  <intervention>
    <intervention_type>Biological</intervention_type>
    <intervention_name>recombinant interleukin-12</intervention_name>
    <arm_group_label>Arm I</arm_group_label>
  </intervention>
  <eligibility>
    <criteria>
      <textblock>
        DISEASE CHARACTERISTICS:

          -  Histologically confirmed malignancy that is metastatic or unresectable and for which
             standard curative or palliative measures do not exist or are no longer effective

          -  Advanced measurable or evaluable disease that is clearly progressive

          -  No brain metastases

        PATIENT CHARACTERISTICS:

          -  Age: 18 and over

          -  Performance status: ECOG 0-1 Karnofsky 80-100%

          -  Life expectancy: At least 3 months

          -  WBC greater than 4,000/mm3

          -  Platelet count greater than 100,000/mm3

          -  Bilirubin less than 1.5 mg/dL

          -  SGOT/SGPT less than 2 times normal

          -  Creatinine less than 1.5 mg/dL

          -  Creatinine clearance at least 60 mL/min

          -  No congestive heart failure

          -  No coronary artery disease

          -  No serious cardiac arrhythmias

          -  No evidence of prior myocardial infarction on EKG

          -  Not pregnant or nursing

          -  Fertile patients must use effective contraception

          -  Not HIV positive

          -  No seizure disorders

          -  No active infection that requires antibiotic therapy

          -  No significant medical disease other than the malignancy

        PRIOR CONCURRENT THERAPY:

          -  No more than 2 prior biological response modifier treatment regimen

          -  No immunotherapy within the past 4 weeks

          -  No prior interleukin-12

          -  No more than 2 prior chemotherapy regimens

          -  At least 4 weeks since chemotherapy and recovered

          -  At least 6 weeks since nitrosoureas or mitomycin and recovered

          -  No concurrent chemotherapy

          -  At least 4 weeks since hormone therapy and recovered

          -  No concurrent hormone therapy

          -  No concurrent corticosteroids

          -  At least 4 weeks since radiotherapy and recovered

          -  No concurrent radiotherapy

          -  No organ allografts

          -  At least 2 weeks since intravenous antibiotics
      </textblock>
    </criteria>
    <gender>All</gender>
    <minimum_age>18 Years</minimum_age>
    <maximum_age>N/A</maximum_age>
    <healthy_volunteers>No</healthy_volunteers>
  </eligibility>
  <overall_official>
    <last_name>Michael B. Atkins, MD</last_name>
    <role>Study Chair</role>
    <affiliation>Beth Israel Deaconess Medical Center</affiliation>
  </overall_official>
  <location>
    <facility>
      <name>Beth Israel Deaconess Medical Center</name>
      <address>
        <city>Boston</city>
        <state>Massachusetts</state>
        <zip>02215</zip>
        <country>United States</country>
      </address>
    </facility>
  </location>
  <location_countries>
    <country>United States</country>
  </location_countries>
  <results_reference>
    <citation>Gollob JA, Mier JW, Veenstra K, McDermott DF, Clancy D, Clancy M, Atkins MB. Phase I trial of twice-weekly intravenous interleukin 12 in patients with metastatic renal cell cancer or malignant melanoma: ability to maintain IFN-gamma induction is associated with clinical response. Clin Cancer Res. 2000 May;6(5):1678-92.</citation>
    <PMID>10815886</PMID>
  </results_reference>
  <results_reference>
    <citation>Gollob JA, Veenstra KG, Mier JW, Atkins MB. Agranulocytosis and hemolytic anemia in patients with renal cell cancer treated with interleukin-12. J Immunother. 2001 Jan-Feb;24(1):91-8.</citation>
    <PMID>11211153</PMID>
  </results_reference>
  <verification_date>May 2001</verification_date>
  <study_first_submitted>November 1, 1999</study_first_submitted>
  <study_first_submitted_qc>May 19, 2004</study_first_submitted_qc>
  <study_first_posted type="Estimate">May 20, 2004</study_first_posted>
  <last_update_submitted>February 8, 2013</last_update_submitted>
  <last_update_submitted_qc>February 8, 2013</last_update_submitted_qc>
  <last_update_posted type="Estimate">February 11, 2013</last_update_posted>
  <responsible_party>
    <responsible_party_type>Sponsor</responsible_party_type>
  </responsible_party>
  <keyword>unspecified adult solid tumor, protocol specific</keyword>
  <intervention_browse>
    <!-- CAUTION:  The following MeSH terms are assigned with an imperfect algorithm            -->
    <mesh_term>Interleukin-12</mesh_term>
  </intervention_browse>
  <!-- Results have not yet been posted for this study                                          -->
</clinical_study>

