<clinical_study>
  <!-- This xml conforms to an XML Schema at:
    https://clinicaltrials.gov/ct2/html/images/info/public.xsd -->
  <required_header>
    <download_date>ClinicalTrials.gov processed this data on July 31, 2020</download_date>
    <link_text>Link to the current ClinicalTrials.gov record.</link_text>
    <url>https://clinicaltrials.gov/show/NCT00001119</url>
  </required_header>
  <id_info>
    <org_study_id>AIEDRP AI-02-001</org_study_id>
    <nct_id>NCT00001119</nct_id>
  </id_info>
  <brief_title>Effects on the Immune System of Anti-HIV Drugs in Patients Recently Infected With HIV</brief_title>
  <official_title>A Study of the Effects of Combination Antiretroviral Therapy in Acute HIV-1 Infection With an Emphasis on Immunological Responses</official_title>
  <sponsors>
    <lead_sponsor>
      <agency>National Institute of Allergy and Infectious Diseases (NIAID)</agency>
      <agency_class>NIH</agency_class>
    </lead_sponsor>
  </sponsors>
  <source>National Institute of Allergy and Infectious Diseases (NIAID)</source>
  <brief_summary>
    <textblock>
      The purpose of this study is to find out whether these powerful combinations of anti-HIV
      drugs are safe and effective for use in patients in the early stages of HIV infection and to
      find out how patients' immune systems react to HIV and anti-HIV drugs.

      Doctors generally treat patients in the early stages of HIV infection with the same anti-HIV
      drugs taken by patients who have had HIV for a long time. These drugs lower the level of HIV
      in the blood. However, doctors do not know whether patients who take anti-HIV drugs in the
      early stages of HIV infection actually live longer or have fewer AIDS-related diseases. This
      study will help doctors answer these questions. In the main study, doctors will look at how 2
      different anti-HIV drug combinations affect the immune system. In the 2 substudies, doctors
      will look at how the body reacts to the hepatitis B vaccine and the tetanus vaccine. These
      substudies may help doctors learn how HIV-infected patients respond to new infections.
    </textblock>
  </brief_summary>
  <detailed_description>
    <textblock>
      Current treatment guidelines recommend combination ART for acute primary HIV-1 infection.
      However, it is not known whether ART given during acute infection delays progression to AIDS
      or improves survival rates. Preliminary studies suggest ART given early in HIV infection not
      only reduces viral load but also restricts CD4+ cell loss, delays the development of
      opportunistic infections, and preserves T-helper cells and naive T cells. The immunologic
      basis of these protective effects has not been characterized thoroughly. This protocol
      assesses ART's effects on immune responses in early HIV infection through a variety of
      cellular, humoral, and virologic assays, including 2 substudies. The substudies focus on
      antibody responses to neoantigen immunization (hepatitis B and tetanus). Primary endpoint
      analysis occurs at Week 72, but patients may be followed for long-term outcomes.

      In the main study, patients with HIV-1 infection of less than 120 days are given the option
      of taking a potent ART combination of abacavir (ABC), efavirenz (EFV), indinavir (IDV), and
      lamivudine (3TC) for 96 weeks. [AS PER AMENDMENT 9/15/00: Patients choose either Regimen 1:
      ABC, 3TC, IDV, and ritonavir (RTV) or Regimen 2: ABC, 3TC, and EFV.] Patients who decline
      treatment provide a concurrent, non-randomized comparison group. These patients may choose to
      be considered for study treatment at any time or to start antiretrovirals provided through
      another source. [AS PER AMENDMENT 9/15/00: If a patient who initially does not start therapy
      subsequently starts antiretroviral therapy provided by the study (within the 120-day limit),
      the visit schedule is re-set.] During the treatment period, all patients undergo regular
      physical exams and blood tests to characterize T cells, viral resistance, antibody responses,
      and other markers. Patients presenting within 30 days of HIV-1 infection undergo
      leukapheresis (where available) prior to starting ART. At Month 12, these patients and all
      untreated patients undergo leukapheresis to assess the proportion of latently infected CD4+ T
      cells. In addition, all patients in the main study and patients in 2 comparison groups
      (Cohorts A and B) participate in 1 of 2 substudies of antibody responses to neoantigen.
      Volunteers are recruited to 2 cohorts to serve as controls. Cohort A volunteers have
      established HIV-1 infection. Cohort B volunteers are HIV-1 seronegative but at high risk for
      HIV. In the first substudy, hepatitis B-seronegative patients from the main study and from
      Cohorts A and B receive hepatitis B vaccine at Weeks 40, 44, and 64 and undergo humoral and
      cellular response assessments at Week 68. In the second substudy, patients from the main
      study and from Cohorts A and B who did not qualify for the hepatitis B vaccination undergo
      intramuscular vaccination with tetanus toxoid at Week 64 and immune responses are assessed at
      Week 68. Volunteers in Cohorts A and B receive no anti-HIV medication as part of these
      substudies.
    </textblock>
  </detailed_description>
  <overall_status>Completed</overall_status>
  <start_date>October 1999</start_date>
  <primary_completion_date type="Actual">June 2004</primary_completion_date>
  <phase>N/A</phase>
  <study_type>Interventional</study_type>
  <has_expanded_access>No</has_expanded_access>
  <study_design_info>
    <primary_purpose>Treatment</primary_purpose>
  </study_design_info>
  <enrollment>288</enrollment>
  <condition>HIV Infections</condition>
  <intervention>
    <intervention_type>Biological</intervention_type>
    <intervention_name>Tetanus Toxoid Vaccine</intervention_name>
  </intervention>
  <intervention>
    <intervention_type>Drug</intervention_type>
    <intervention_name>Indinavir sulfate</intervention_name>
  </intervention>
  <intervention>
    <intervention_type>Drug</intervention_type>
    <intervention_name>Lamivudine/Zidovudine</intervention_name>
  </intervention>
  <intervention>
    <intervention_type>Drug</intervention_type>
    <intervention_name>Ritonavir</intervention_name>
  </intervention>
  <intervention>
    <intervention_type>Drug</intervention_type>
    <intervention_name>Abacavir sulfate</intervention_name>
  </intervention>
  <intervention>
    <intervention_type>Drug</intervention_type>
    <intervention_name>Amprenavir</intervention_name>
  </intervention>
  <intervention>
    <intervention_type>Drug</intervention_type>
    <intervention_name>Efavirenz</intervention_name>
  </intervention>
  <intervention>
    <intervention_type>Biological</intervention_type>
    <intervention_name>Hepatitis B Vaccine (Recombinant)</intervention_name>
  </intervention>
  <intervention>
    <intervention_type>Drug</intervention_type>
    <intervention_name>Lamivudine</intervention_name>
  </intervention>
  <intervention>
    <intervention_type>Drug</intervention_type>
    <intervention_name>Zidovudine</intervention_name>
  </intervention>
  <eligibility>
    <criteria>
      <textblock>
        Inclusion Criteria

        Patients may be eligible for the main study if they:

          -  Became infected with HIV within the last 120 days.

          -  Are at least age 16 and have written consent of a parent or guardian if under 18.

          -  Are willing to practice abstinence or use barrier methods of birth control, such as
             condoms.

          -  Are available for at least 72 weeks.

          -  Patients may be eligible for 1 of the 2 substudies if they:

          -  Are at least age 16 and have written consent of a parent or guardian if under 18.

          -  Have had HIV infection for more than 1 year and have a CD4 cell count greater than 500
             cells/mm3, or do not have HIV infection but are at risk of getting HIV because of
             their lifestyle, such as sexual activity or injection drug use.

          -  Have never had hepatitis B infection or a hepatitis B vaccine and they are available
             for 28 weeks (hepatitis B vaccine substudy only).

          -  Have not received a tetanus shot in the past 5 years, have never had an allergic
             reaction to a tetanus shot, and are available for 8 weeks (tetanus shot substudy
             only).

        Exclusion Criteria

        Patients will not be eligible for the main study if they:

          -  Have taken anti-HIV drugs for more than 7 days for the treatment of HIV. However,
             anti-HIV drugs taken to help prevent HIV are acceptable.

          -  Have certain types of cancer.

          -  Are receiving an experimental treatment.

          -  Are pregnant or breast-feeding.

          -  Are allergic to study drugs.

          -  Have taken certain medications that may interfere with the study.

          -  Patients will not be eligible for 1 of the 2 substudies if they:

          -  Are receiving an experimental treatment.

          -  Are pregnant or breast-feeding.
      </textblock>
    </criteria>
    <gender>All</gender>
    <minimum_age>16 Years</minimum_age>
    <maximum_age>N/A</maximum_age>
    <healthy_volunteers>Accepts Healthy Volunteers</healthy_volunteers>
  </eligibility>
  <overall_official>
    <last_name>Lawrence Corey</last_name>
    <role>Study Chair</role>
  </overall_official>
  <location>
    <facility>
      <name>San Francisco Dept of Hlth / AIDS Office</name>
      <address>
        <city>San Francisco</city>
        <state>California</state>
        <zip>94102</zip>
        <country>United States</country>
      </address>
    </facility>
  </location>
  <location>
    <facility>
      <name>Univ of Illinois Chicago / Howard Brown Hlth Ctr</name>
      <address>
        <city>Chicago</city>
        <state>Illinois</state>
        <zip>60612</zip>
        <country>United States</country>
      </address>
    </facility>
  </location>
  <location>
    <facility>
      <name>Fenway Community Health Ctr / HIVNET</name>
      <address>
        <city>Boston</city>
        <state>Massachusetts</state>
        <zip>02115</zip>
        <country>United States</country>
      </address>
    </facility>
  </location>
  <location>
    <facility>
      <name>Univ of Minnesota</name>
      <address>
        <city>Minneapolis</city>
        <state>Minnesota</state>
        <zip>55455</zip>
        <country>United States</country>
      </address>
    </facility>
  </location>
  <location>
    <facility>
      <name>Bronx-Lebanon Hosp Ctr</name>
      <address>
        <city>Bronx</city>
        <state>New York</state>
        <zip>10453</zip>
        <country>United States</country>
      </address>
    </facility>
  </location>
  <location>
    <facility>
      <name>New York Univ Med Ctr</name>
      <address>
        <city>New York</city>
        <state>New York</state>
        <zip>10016</zip>
        <country>United States</country>
      </address>
    </facility>
  </location>
  <location>
    <facility>
      <name>Univ of Cincinnati</name>
      <address>
        <city>Cincinnati</city>
        <state>Ohio</state>
        <zip>452670405</zip>
        <country>United States</country>
      </address>
    </facility>
  </location>
  <location>
    <facility>
      <name>Mem Hosp of Rhode Island</name>
      <address>
        <city>Pawtucket</city>
        <state>Rhode Island</state>
        <zip>02860</zip>
        <country>United States</country>
      </address>
    </facility>
  </location>
  <location>
    <facility>
      <name>Seattle HIVNET</name>
      <address>
        <city>Seattle</city>
        <state>Washington</state>
        <zip>98104</zip>
        <country>United States</country>
      </address>
    </facility>
  </location>
  <location>
    <facility>
      <name>Univ of Washington</name>
      <address>
        <city>Seattle</city>
        <state>Washington</state>
        <zip>98104</zip>
        <country>United States</country>
      </address>
    </facility>
  </location>
  <location>
    <facility>
      <name>Fred Hutchinson Cancer Research Ctr</name>
      <address>
        <city>Seattle</city>
        <state>Washington</state>
        <zip>98109</zip>
        <country>United States</country>
      </address>
    </facility>
  </location>
  <location>
    <facility>
      <name>Saint Vincent's Hosp Med Centre</name>
      <address>
        <city>Darlinghurst</city>
        <country>Australia</country>
      </address>
    </facility>
  </location>
  <location_countries>
    <country>Australia</country>
    <country>United States</country>
  </location_countries>
  <results_reference>
    <citation>Stekler J, Maenza J, Stevens C, Holte S, Malhotra U, McElrath MJ, Corey L, Collier AC. Abacavir hypersensitivity reaction in primary HIV infection. AIDS. 2006 Jun 12;20(9):1269-74.</citation>
    <PMID>16816555</PMID>
  </results_reference>
  <verification_date>January 2005</verification_date>
  <study_first_submitted>November 2, 1999</study_first_submitted>
  <study_first_submitted_qc>August 30, 2001</study_first_submitted_qc>
  <study_first_posted type="Estimate">August 31, 2001</study_first_posted>
  <last_update_submitted>March 1, 2011</last_update_submitted>
  <last_update_submitted_qc>March 1, 2011</last_update_submitted_qc>
  <last_update_posted type="Estimate">March 2, 2011</last_update_posted>
  <keyword>Immunity, Cellular</keyword>
  <keyword>Drug Therapy, Combination</keyword>
  <keyword>HIV Protease Inhibitors</keyword>
  <keyword>Antibody Formation</keyword>
  <keyword>Reverse Transcriptase Inhibitors</keyword>
  <keyword>Anti-HIV Agents</keyword>
  <keyword>Viral Load</keyword>
  <keyword>Tetanus Toxoid</keyword>
  <keyword>Case-Control Studies</keyword>
  <keyword>Hepatitis B Surface Antigens</keyword>
  <keyword>Acute Infection</keyword>
  <condition_browse>
    <!-- CAUTION:  The following MeSH terms are assigned with an imperfect algorithm            -->
    <mesh_term>Infection</mesh_term>
  </condition_browse>
  <intervention_browse>
    <!-- CAUTION:  The following MeSH terms are assigned with an imperfect algorithm            -->
    <mesh_term>Ritonavir</mesh_term>
    <mesh_term>Indinavir</mesh_term>
    <mesh_term>Amprenavir</mesh_term>
    <mesh_term>Lamivudine</mesh_term>
    <mesh_term>Zidovudine</mesh_term>
    <mesh_term>Abacavir</mesh_term>
    <mesh_term>Lamivudine, zidovudine drug combination</mesh_term>
    <mesh_term>Efavirenz</mesh_term>
    <mesh_term>Vaccines</mesh_term>
  </intervention_browse>
  <!-- Results have not yet been posted for this study                                          -->
</clinical_study>

