<clinical_study>
  <!-- This xml conforms to an XML Schema at:
    https://clinicaltrials.gov/ct2/html/images/info/public.xsd -->
  <required_header>
    <download_date>ClinicalTrials.gov processed this data on July 31, 2020</download_date>
    <link_text>Link to the current ClinicalTrials.gov record.</link_text>
    <url>https://clinicaltrials.gov/show/NCT00000827</url>
  </required_header>
  <id_info>
    <org_study_id>ACTG 273</org_study_id>
    <secondary_id>11249</secondary_id>
    <nct_id>NCT00000827</nct_id>
  </id_info>
  <brief_title>A Phase I/II Study of Hyperimmune IVIG in Slowing Progression of Disease in HIV-Infected Children</brief_title>
  <official_title>A Phase I/II Study of Hyperimmune IVIG in Slowing Progression of Disease in HIV-Infected Children</official_title>
  <sponsors>
    <lead_sponsor>
      <agency>National Institute of Allergy and Infectious Diseases (NIAID)</agency>
      <agency_class>NIH</agency_class>
    </lead_sponsor>
    <collaborator>
      <agency>North American Biologicals Inc</agency>
      <agency_class>Industry</agency_class>
    </collaborator>
  </sponsors>
  <source>National Institute of Allergy and Infectious Diseases (NIAID)</source>
  <brief_summary>
    <textblock>
      To evaluate the safety, tolerance, pharmacokinetics, and antiviral activity of human anti-HIV
      immune serum globulin ( HIVIG ) at three dosage levels in HIV-infected children.

      Passive antibody therapy has been used with limited success in treating advanced HIV disease
      in adults. HIVIG is manufactured from HIV antibody-rich plasma taken from asymptomatic
      donors. It is hypothesized that HIVIG will decrease the viral burden of moderately advanced
      HIV-positive children.
    </textblock>
  </brief_summary>
  <detailed_description>
    <textblock>
      Passive antibody therapy has been used with limited success in treating advanced HIV disease
      in adults. HIVIG is manufactured from HIV antibody-rich plasma taken from asymptomatic
      donors. It is hypothesized that HIVIG will decrease the viral burden of moderately advanced
      HIV-positive children.

      Children are randomized to receive HIVIG every 4 weeks for 6 months at one of three dose
      levels, then are followed for 3 months after the final infusion.
    </textblock>
  </detailed_description>
  <overall_status>Completed</overall_status>
  <completion_date type="Actual">April 1998</completion_date>
  <phase>Phase 1</phase>
  <study_type>Interventional</study_type>
  <has_expanded_access>No</has_expanded_access>
  <study_design_info>
    <primary_purpose>Treatment</primary_purpose>
  </study_design_info>
  <enrollment>45</enrollment>
  <condition>HIV Infections</condition>
  <intervention>
    <intervention_type>Drug</intervention_type>
    <intervention_name>Anti-HIV Immune Serum Globulin (Human)</intervention_name>
  </intervention>
  <eligibility>
    <criteria>
      <textblock>
        Inclusion Criteria

        Concurrent Medication:

        Required:

          -  PCP prophylaxis according to CDC guidelines.

        Allowed:

          -  Varicella-zoster immunoglobulin.

          -  Hepatitis B immunoglobulin.

          -  Prophylactic therapies not involving immunoglobulin.

        Patients must have:

          -  HIV infection.

          -  CD4 count &gt; 200 cells/mm3 (ages 2-5 years) or &gt; 100 cells/mm3 (age &gt; 5 years).

          -  Antiretroviral therapy for at least 6 months, with no change in regimen for at least 3
             months prior to study entry.

          -  Plasma ICD p24 &gt;= 70 pg/ml that is stable or increasing prior to study entry.

          -  Life expectancy of at least 6 months.

        Prior Medication: Required:

          -  Antiretroviral therapy for at least 6 months, with stable dose for at least 3 months.

        Exclusion Criteria

        Co-existing Condition:

        Patients with the following symptoms or conditions are excluded:

          -  Severe diarrhea, nephrotic syndrome, or other protein-losing state that requires large
             doses of IVIG.

          -  Any other condition requiring dosing with IVIG (e.g., ITP, hypogammaglobulinemia).

          -  Acute illness with temperature &gt;= 100 F and/or with IV antibiotics.

          -  Grade 3 or worse clinical toxicities.

          -  Unable to tolerate IV infusions at a minimum rate of 0.02 ml/kg/min.

          -  Concomitant participation in an experimental antiretroviral or HIV vaccine trial.

        Concurrent Medication:

        Excluded:

          -  IVIG.

          -  Chemotherapy for an active malignancy.

          -  MMR or rubella vaccinations.

          -  Intramuscular immunoglobulin.

        Patients with the following prior condition are excluded:

          -  History of severe reaction to IVIG.

        Prior Medication:

        Excluded:

          -  IVIG within the past 60 days.

          -  Chemotherapy for an active malignancy within the past year.

          -  MMR or rubella vaccinations within the past 6 months.

          -  Intramuscular immunoglobulin within the past 60 days.

        Ongoing drug or alcohol abuse.
      </textblock>
    </criteria>
    <gender>All</gender>
    <minimum_age>2 Years</minimum_age>
    <maximum_age>12 Years</maximum_age>
    <healthy_volunteers>No</healthy_volunteers>
  </eligibility>
  <overall_official>
    <last_name>Stiehm ER</last_name>
    <role>Study Chair</role>
  </overall_official>
  <overall_official>
    <last_name>Wara DW</last_name>
    <role>Study Chair</role>
  </overall_official>
  <location>
    <facility>
      <name>UAB, Dept. of Ped., Div. of Infectious Diseases</name>
      <address>
        <city>Birmingham</city>
        <state>Alabama</state>
        <zip>35294</zip>
        <country>United States</country>
      </address>
    </facility>
  </location>
  <location>
    <facility>
      <name>Long Beach Memorial Med. Ctr., Miller Children's Hosp.</name>
      <address>
        <city>Long Beach</city>
        <state>California</state>
        <zip>90801</zip>
        <country>United States</country>
      </address>
    </facility>
  </location>
  <location>
    <facility>
      <name>Usc La Nichd Crs</name>
      <address>
        <city>Los Angeles</city>
        <state>California</state>
        <zip>90033</zip>
        <country>United States</country>
      </address>
    </facility>
  </location>
  <location>
    <facility>
      <name>Childrens Hosp. LA - Dept. of Ped., Div. of Clinical Immunology &amp; Allergy</name>
      <address>
        <city>Los Angeles</city>
        <state>California</state>
        <country>United States</country>
      </address>
    </facility>
  </location>
  <location>
    <facility>
      <name>UCLA-Los Angeles/Brazil AIDS Consortium (LABAC) CRS</name>
      <address>
        <city>Los Angeles</city>
        <state>California</state>
        <country>United States</country>
      </address>
    </facility>
  </location>
  <location>
    <facility>
      <name>Children's Hosp. &amp; Research Ctr. Oakland, Ped. Clinical Research Ctr. &amp; Research Lab.</name>
      <address>
        <city>Oakland</city>
        <state>California</state>
        <country>United States</country>
      </address>
    </facility>
  </location>
  <location>
    <facility>
      <name>UCSF Pediatric AIDS CRS</name>
      <address>
        <city>San Francisco</city>
        <state>California</state>
        <country>United States</country>
      </address>
    </facility>
  </location>
  <location>
    <facility>
      <name>Univ. of Colorado Denver NICHD CRS</name>
      <address>
        <city>Aurora</city>
        <state>Colorado</state>
        <country>United States</country>
      </address>
    </facility>
  </location>
  <location>
    <facility>
      <name>Univ. of Connecticut Health Ctr., Dept. of Ped.</name>
      <address>
        <city>Farmington</city>
        <state>Connecticut</state>
        <zip>06030</zip>
        <country>United States</country>
      </address>
    </facility>
  </location>
  <location>
    <facility>
      <name>Howard Univ. Washington DC NICHD CRS</name>
      <address>
        <city>Washington</city>
        <state>District of Columbia</state>
        <zip>20060</zip>
        <country>United States</country>
      </address>
    </facility>
  </location>
  <location>
    <facility>
      <name>Children's National Med. Ctr., ACTU</name>
      <address>
        <city>Washington</city>
        <state>District of Columbia</state>
        <country>United States</country>
      </address>
    </facility>
  </location>
  <location>
    <facility>
      <name>Univ. of Florida Jacksonville NICHD CRS</name>
      <address>
        <city>Jacksonville</city>
        <state>Florida</state>
        <zip>32209</zip>
        <country>United States</country>
      </address>
    </facility>
  </location>
  <location>
    <facility>
      <name>Univ. of Miami Ped. Perinatal HIV/AIDS CRS</name>
      <address>
        <city>Miami</city>
        <state>Florida</state>
        <zip>33161</zip>
        <country>United States</country>
      </address>
    </facility>
  </location>
  <location>
    <facility>
      <name>Emory Univ. School of Medicine, Dept. of Peds., Div. of Infectious Diseases</name>
      <address>
        <city>Atlanta</city>
        <state>Georgia</state>
        <zip>30306</zip>
        <country>United States</country>
      </address>
    </facility>
  </location>
  <location>
    <facility>
      <name>Univ. of Maryland Med. Ctr., Div. of Ped. Immunology &amp; Rheumatology</name>
      <address>
        <city>Baltimore</city>
        <state>Maryland</state>
        <zip>21201</zip>
        <country>United States</country>
      </address>
    </facility>
  </location>
  <location>
    <facility>
      <name>Johns Hopkins Hosp. &amp; Health System - Dept. of Peds., Div. of Infectious Diseases</name>
      <address>
        <city>Baltimore</city>
        <state>Maryland</state>
        <country>United States</country>
      </address>
    </facility>
  </location>
  <location>
    <facility>
      <name>BMC, Div. of Ped Infectious Diseases</name>
      <address>
        <city>Boston</city>
        <state>Massachusetts</state>
        <country>United States</country>
      </address>
    </facility>
  </location>
  <location>
    <facility>
      <name>HMS - Children's Hosp. Boston, Div. of Infectious Diseases</name>
      <address>
        <city>Boston</city>
        <state>Massachusetts</state>
        <country>United States</country>
      </address>
    </facility>
  </location>
  <location>
    <facility>
      <name>Baystate Health, Baystate Med. Ctr.</name>
      <address>
        <city>Springfield</city>
        <state>Massachusetts</state>
        <zip>01199</zip>
        <country>United States</country>
      </address>
    </facility>
  </location>
  <location>
    <facility>
      <name>WNE Maternal Pediatric Adolescent AIDS CRS</name>
      <address>
        <city>Worcester</city>
        <state>Massachusetts</state>
        <country>United States</country>
      </address>
    </facility>
  </location>
  <location>
    <facility>
      <name>Children's Hospital of Michigan NICHD CRS</name>
      <address>
        <city>Detroit</city>
        <state>Michigan</state>
        <zip>48201</zip>
        <country>United States</country>
      </address>
    </facility>
  </location>
  <location>
    <facility>
      <name>St. Joseph's Hosp. &amp; Med. Ctr. of New Jersey</name>
      <address>
        <city>Paterson</city>
        <state>New Jersey</state>
        <country>United States</country>
      </address>
    </facility>
  </location>
  <location>
    <facility>
      <name>Children's Hospital at Albany Medical Center, Dept. of Peds.</name>
      <address>
        <city>Albany</city>
        <state>New York</state>
        <zip>12208</zip>
        <country>United States</country>
      </address>
    </facility>
  </location>
  <location>
    <facility>
      <name>SUNY Downstate Med. Ctr., Children's Hosp. at Downstate NICHD CRS</name>
      <address>
        <city>Brooklyn</city>
        <state>New York</state>
        <country>United States</country>
      </address>
    </facility>
  </location>
  <location>
    <facility>
      <name>North Shore-Long Island Jewish Health System, Dept. of Peds.</name>
      <address>
        <city>Great Neck</city>
        <state>New York</state>
        <zip>11021</zip>
        <country>United States</country>
      </address>
    </facility>
  </location>
  <location>
    <facility>
      <name>Columbia IMPAACT CRS</name>
      <address>
        <city>New York</city>
        <state>New York</state>
        <zip>10032</zip>
        <country>United States</country>
      </address>
    </facility>
  </location>
  <location>
    <facility>
      <name>Incarnation Children's Ctr.</name>
      <address>
        <city>New York</city>
        <state>New York</state>
        <zip>10032</zip>
        <country>United States</country>
      </address>
    </facility>
  </location>
  <location>
    <facility>
      <name>Harlem Hosp. Ctr. NY NICHD CRS</name>
      <address>
        <city>New York</city>
        <state>New York</state>
        <zip>10037</zip>
        <country>United States</country>
      </address>
    </facility>
  </location>
  <location>
    <facility>
      <name>NYU Med. Ctr., Dept. of Medicine</name>
      <address>
        <city>New York</city>
        <state>New York</state>
        <country>United States</country>
      </address>
    </facility>
  </location>
  <location>
    <facility>
      <name>Strong Memorial Hospital Rochester NY NICHD CRS</name>
      <address>
        <city>Rochester</city>
        <state>New York</state>
        <country>United States</country>
      </address>
    </facility>
  </location>
  <location>
    <facility>
      <name>SUNY Stony Brook NICHD CRS</name>
      <address>
        <city>Stony Brook</city>
        <state>New York</state>
        <country>United States</country>
      </address>
    </facility>
  </location>
  <location>
    <facility>
      <name>The Children's Hosp. of Philadelphia IMPAACT CRS</name>
      <address>
        <city>Philadelphia</city>
        <state>Pennsylvania</state>
        <zip>19104</zip>
        <country>United States</country>
      </address>
    </facility>
  </location>
  <location>
    <facility>
      <name>Med. Univ. of South Carolina, Div. of Ped. Infectious Diseases</name>
      <address>
        <city>Charleston</city>
        <state>South Carolina</state>
        <zip>29425</zip>
        <country>United States</country>
      </address>
    </facility>
  </location>
  <location>
    <facility>
      <name>St. Jude/UTHSC CRS</name>
      <address>
        <city>Memphis</city>
        <state>Tennessee</state>
        <country>United States</country>
      </address>
    </facility>
  </location>
  <location>
    <facility>
      <name>Children's Med. Ctr. Dallas</name>
      <address>
        <city>Dallas</city>
        <state>Texas</state>
        <zip>75235</zip>
        <country>United States</country>
      </address>
    </facility>
  </location>
  <location>
    <facility>
      <name>Texas Children's Hosp. CRS</name>
      <address>
        <city>Houston</city>
        <state>Texas</state>
        <zip>77030</zip>
        <country>United States</country>
      </address>
    </facility>
  </location>
  <location>
    <facility>
      <name>UW School of Medicine - CHRMC</name>
      <address>
        <city>Seattle</city>
        <state>Washington</state>
        <country>United States</country>
      </address>
    </facility>
  </location>
  <location>
    <facility>
      <name>San Juan City Hosp. PR NICHD CRS</name>
      <address>
        <city>San Juan</city>
        <country>Puerto Rico</country>
      </address>
    </facility>
  </location>
  <location>
    <facility>
      <name>Univ. of Puerto Rico Ped. HIV/AIDS Research Program CRS</name>
      <address>
        <city>San Juan</city>
        <country>Puerto Rico</country>
      </address>
    </facility>
  </location>
  <location_countries>
    <country>Puerto Rico</country>
    <country>United States</country>
  </location_countries>
  <reference>
    <citation>Stiehm ER, Fletcher CV, Mofenson LM, Palumbo PE, Kang M, Fenton T, Sapan CV, Meyer WA, Shearer WT, Hawkins E, Fowler MG, Bouquin P, Purdue L, Sloand EM, Nemo GJ, Wara D, Bryson YJ, Starr SE, Petru A, Burchett S. Use of human immunodeficiency virus (HIV) human hyperimmune immunoglobulin in HIV type 1-infected children (Pediatric AIDS clinical trials group protocol 273). J Infect Dis. 2000 Feb;181(2):548-54.</citation>
    <PMID>10669338</PMID>
  </reference>
  <verification_date>May 2012</verification_date>
  <study_first_submitted>November 2, 1999</study_first_submitted>
  <study_first_submitted_qc>August 30, 2001</study_first_submitted_qc>
  <study_first_posted type="Estimate">August 31, 2001</study_first_posted>
  <last_update_submitted>May 16, 2012</last_update_submitted>
  <last_update_submitted_qc>May 16, 2012</last_update_submitted_qc>
  <last_update_posted type="Estimate">May 18, 2012</last_update_posted>
  <responsible_party>
    <responsible_party_type>Sponsor</responsible_party_type>
  </responsible_party>
  <keyword>Acquired Immunodeficiency Syndrome</keyword>
  <keyword>AIDS-Related Complex</keyword>
  <keyword>Immunoglobulins, Intravenous</keyword>
  <keyword>Immunization, Passive</keyword>
  <condition_browse>
    <!-- CAUTION:  The following MeSH terms are assigned with an imperfect algorithm            -->
    <mesh_term>Disease Progression</mesh_term>
  </condition_browse>
  <intervention_browse>
    <!-- CAUTION:  The following MeSH terms are assigned with an imperfect algorithm            -->
    <mesh_term>Immune Sera</mesh_term>
  </intervention_browse>
  <!-- Results have not yet been posted for this study                                          -->
</clinical_study>

