<clinical_study>
  <!-- This xml conforms to an XML Schema at:
    https://clinicaltrials.gov/ct2/html/images/info/public.xsd -->
  <required_header>
    <download_date>ClinicalTrials.gov processed this data on July 31, 2020</download_date>
    <link_text>Link to the current ClinicalTrials.gov record.</link_text>
    <url>https://clinicaltrials.gov/show/NCT00001367</url>
  </required_header>
  <id_info>
    <org_study_id>930202</org_study_id>
    <secondary_id>93-N-0202</secondary_id>
    <nct_id>NCT00001367</nct_id>
  </id_info>
  <brief_title>Diagnosis and History Study of Patients With Different Neurological Conditions</brief_title>
  <official_title>Diagnosis and Natural History Protocol for Patients With Different Neurological Conditions</official_title>
  <sponsors>
    <lead_sponsor>
      <agency>National Institute of Neurological Disorders and Stroke (NINDS)</agency>
      <agency_class>NIH</agency_class>
    </lead_sponsor>
  </sponsors>
  <source>National Institutes of Health Clinical Center (CC)</source>
  <brief_summary>
    <textblock>
      This protocol is a screening and natural history protocol, which allows for evaluation of

      patients and families where neurological conditions are present for enrollment into other

      studies and will also be used to screen healthy volunteers to create a pool of potential
      future HV matches for HMCS protocols. Through diagnostic evaluations, data will be collected
      for research use in this study.
    </textblock>
  </brief_summary>
  <detailed_description>
    <textblock>
      This protocol is a screening and natural history protocol, which allows for evaluation of

      patients and families where neurological conditions are present for enrollment into other

      studies and will also be used to screen healthy volunteers to create a pool of potential
      future HV matches for HMCS protocols. Through diagnostic evaluations, data will be collected
      for research use in this study.
    </textblock>
  </detailed_description>
  <overall_status>Recruiting</overall_status>
  <start_date type="Actual">August 30, 1993</start_date>
  <study_type>Observational</study_type>
  <has_expanded_access>No</has_expanded_access>
  <study_design_info>
    <observational_model>Other</observational_model>
    <time_perspective>Prospective</time_perspective>
  </study_design_info>
  <primary_outcome>
    <measure>to screen patients with neurological conditions and family members of patients with neurological conditions for enrollment in additional research protocols</measure>
    <time_frame>ongoing</time_frame>
    <description>The goal is to screen patients with neurological conditions and family members of patients with neurological conditions for enrollment in additional research protocols. No investigational treatments will be administered on this protocol and the NIH physicians will be playing a consultative role to the patient's primary physician.</description>
  </primary_outcome>
  <number_of_groups>3</number_of_groups>
  <enrollment type="Anticipated">4100</enrollment>
  <condition>Nervous System Disease</condition>
  <condition>Healthy Volunteer</condition>
  <arm_group>
    <arm_group_label>family members</arm_group_label>
    <description>Family Members who are 2 years old or older of people with a neurological disorder</description>
  </arm_group>
  <arm_group>
    <arm_group_label>healthy volunteers</arm_group_label>
    <description>healthy volunteers age 18 and older</description>
  </arm_group>
  <arm_group>
    <arm_group_label>patients</arm_group_label>
    <description>subjects with neurological disorders who are 2 years old or older</description>
  </arm_group>
  <eligibility>
    <study_pop>
      <textblock>
        The following population groups may participate:-Subjects with neurological disorders who
        are 2 years old or older,-Family members who are 2 years old or older of people with a
        neurological disorder,-Healthy volunteers who are 18 years old or older.
      </textblock>
    </study_pop>
    <sampling_method>Non-Probability Sample</sampling_method>
    <criteria>
      <textblock>
        -  INCLUSION CRITERIA:

          -  Patients with neurological disorders and subjects with a family history of
             neurological conditions OR

          -  Healthy volunteers: People age 18 or older who are generally in good health.

        EXCLUSION CRITERIA:

          -  Patients &lt;2 years old.

          -  Employees of HMCS in NINDS.
      </textblock>
    </criteria>
    <gender>All</gender>
    <minimum_age>2 Years</minimum_age>
    <maximum_age>N/A</maximum_age>
    <healthy_volunteers>Accepts Healthy Volunteers</healthy_volunteers>
  </eligibility>
  <overall_official>
    <last_name>Mark Hallett, M.D.</last_name>
    <role>Principal Investigator</role>
    <affiliation>National Institute of Neurological Disorders and Stroke (NINDS)</affiliation>
  </overall_official>
  <overall_contact>
    <last_name>Elaine P Considine, R.N.</last_name>
    <phone>(301) 435-8518</phone>
    <email>considinee@ninds.nih.gov</email>
  </overall_contact>
  <overall_contact_backup>
    <last_name>Mark Hallett, M.D.</last_name>
    <phone>(301) 496-9526</phone>
    <email>hallettm@ninds.nih.gov</email>
  </overall_contact_backup>
  <location>
    <facility>
      <name>National Institutes of Health Clinical Center, 9000 Rockville Pike</name>
      <address>
        <city>Bethesda</city>
        <state>Maryland</state>
        <zip>20892</zip>
        <country>United States</country>
      </address>
    </facility>
    <status>Recruiting</status>
    <contact>
      <last_name>For more information at the NIH Clinical Center contact Office of Patient Recruitment (OPR)</last_name>
      <phone>800-411-1222</phone>
      <phone_ext>TTY8664111010</phone_ext>
      <email>prpl@cc.nih.gov</email>
    </contact>
  </location>
  <location_countries>
    <country>United States</country>
  </location_countries>
  <link>
    <url>https://clinicalstudies.info.nih.gov/cgi/detail.cgi?A_1993-N-0202.html</url>
    <description>NIH Clinical Center Detailed Web Page</description>
  </link>
  <verification_date>March 19, 2020</verification_date>
  <study_first_submitted>November 3, 1999</study_first_submitted>
  <study_first_submitted_qc>November 3, 1999</study_first_submitted_qc>
  <study_first_posted type="Estimate">November 4, 1999</study_first_posted>
  <last_update_submitted>July 29, 2020</last_update_submitted>
  <last_update_submitted_qc>July 29, 2020</last_update_submitted_qc>
  <last_update_posted type="Actual">July 30, 2020</last_update_posted>
  <responsible_party>
    <responsible_party_type>Sponsor</responsible_party_type>
  </responsible_party>
  <keyword>Healthy Volunteer</keyword>
  <keyword>Nervous System Disease</keyword>
  <condition_browse>
    <!-- CAUTION:  The following MeSH terms are assigned with an imperfect algorithm            -->
    <mesh_term>Nervous System Diseases</mesh_term>
  </condition_browse>
  <!-- Results have not yet been posted for this study                                          -->
</clinical_study>

