<clinical_study>
  <!-- This xml conforms to an XML Schema at:
    https://clinicaltrials.gov/ct2/html/images/info/public.xsd -->
  <required_header>
    <download_date>ClinicalTrials.gov processed this data on July 31, 2020</download_date>
    <link_text>Link to the current ClinicalTrials.gov record.</link_text>
    <url>https://clinicaltrials.gov/show/NCT00001467</url>
  </required_header>
  <id_info>
    <org_study_id>950066</org_study_id>
    <secondary_id>95-I-0066</secondary_id>
    <nct_id>NCT00001467</nct_id>
  </id_info>
  <brief_title>Genetic Analysis of Immune Disorders</brief_title>
  <official_title>Genetic Analysis of Immune Disorders</official_title>
  <sponsors>
    <lead_sponsor>
      <agency>National Institute of Allergy and Infectious Diseases (NIAID)</agency>
      <agency_class>NIH</agency_class>
    </lead_sponsor>
  </sponsors>
  <source>National Institutes of Health Clinical Center (CC)</source>
  <brief_summary>
    <textblock>
      The purposes of this study are to 1) identify the genes responsible for certain immune
      disorders, 2) learn about the medical problems they cause, and 3) learn how to predict who is
      likely to develop these disorders and what the risk is of passing them on to children. The
      immune system is the body s defense system. Some immune deficiencies impair a person s
      ability to fight infections; others render a person susceptible to allergies, or to
      autoimmune diseases such as lupus or arthritis, in which the immune cells (white blood cells)
      attack and destroy the body s own tissues.

      Patients with immune disorders known or suspected to have a genetic basis and their family
      members may enroll in this study. Eligibility will be determined by a review of the patient s
      medical records and family medical history. Participants will provide a small blood sample
      for genetic (DNA) and white blood cell analysis. Gene samples (but not white blood cells) may
      also be obtained by mouth brushing or skin biopsy. For the mouth brushing, a small brush is
      rubbed against the inside of the cheeks for 1 minute to wipe off some cells. For the skin
      biopsy, a small circle of skin (about 1/8 inch) is removed under local anesthetic. Pregnant
      women may be asked to provide a fetal sample (amniotic fluid cells or chorionic villus
      sample). All samples will be used for immune or genetic studies of the family s immune
      disorder.

      If test results show a specific genetic variation responsible for the family s immune
      disorder, a report will be sent to the patient s doctor or genetic counselor, who will
      discuss the implications for the family. NIH researchers and genetic counselors will also be
      available to explain results and answer questions. Information will not be available in the
      case of disorders that cannot yet be linked to a specific genetic abnormality.

      Information from this study will increase knowledge about the immune system and what causes
      immune deficiencies. Participants may also learn the underlying cause of an immune disorder
      that affects them or someone in their family information may be useful in guiding treatment
      and in making decisions regarding family planning.
    </textblock>
  </brief_summary>
  <detailed_description>
    <textblock>
      This protocol includes studies of genetic defects of the immune system that cause failure of
      host defenses against infections, immune dysregulation and autoimmune diseases. Numerous rare
      disorders result from inherited or newly arising mutations in genes involved in the
      development and function of innate and adaptive immune systems or both. As specific disease
      syndromes are defined and the responsible genes identified, mutations in individual families
      can be sought. Correlation of mutation sites with clinical information helps to determine how
      specific gene segments encode important functional domains of the proteins of the immune
      system within the same genetic defect. Rare, single gene disorders identify immunologic
      pathways that might contribute to more common conditions, such as failure to respond to
      vaccines, susceptibility to allergies, or autoimmune diseases like arthritis or lupus.

      Members of families with immune disorders that are known or suspected to have a genetic basis
      may be eligible. Immunologic tests and DNA sequence analysis appropriate to each clinical
      condition will be performed as needed on affected individuals and at risk family members.
      Healthy family members may serve as controls. Probands, parents of deceased affected
      individuals, or entire families, may be referred to the Investigators Initially, clinical and
      family history as well as laboratory data will be reviewed by the investigators to determine
      eligibility. Subjects considered appropriate will be invited through their referring
      physician to participate by signing our consent form and sending appropriate blood, DNA or
      other samples to our PI. Should a genetic basis for an individual s immune disorder be
      identified or if clinical eligibility for other protocols is met, they may be invited to
      visit NIH.
    </textblock>
  </detailed_description>
  <overall_status>Enrolling by invitation</overall_status>
  <start_date type="Actual">June 6, 1995</start_date>
  <study_type>Observational</study_type>
  <has_expanded_access>No</has_expanded_access>
  <study_design_info>
    <observational_model>Other</observational_model>
    <time_perspective>Cross-Sectional</time_perspective>
  </study_design_info>
  <primary_outcome>
    <measure>genetic testing for known or suspected mutations related toprimary immune deficiencies</measure>
    <time_frame>blood draw and testing once or can be repeated</time_frame>
    <description>diagnosis of genetic mutations or deficiencies causing rare primary immune diseases under study</description>
  </primary_outcome>
  <primary_outcome>
    <measure>To search for modifiers of phenotype in subjects with disorders of the immune system in which penetrance and expressivity are variable.</measure>
    <time_frame>blood draw and testing once or can be repeated</time_frame>
    <description>Greater understanding of the variable penetrance and expressivity of modifiers of phenotype in subjects with disorders of the immunesystem</description>
  </primary_outcome>
  <secondary_outcome>
    <measure>To identify by clinical and laboratory studies, including mutation detection in patients and healthy relatives who may be carriers, subjects who may be eligible for related protocols or who may derive clinical benefit from molecular diagnosis.@@...</measure>
    <time_frame>upon known or suspected diagnosis</time_frame>
    <description>To follow patients and relatives that are affected or carriers of genetic defects over time and gain of further understanding of the natural history of diseases/conditions of the immune system.caused by genetic mutations /deficiencies</description>
  </secondary_outcome>
  <secondary_outcome>
    <measure>To perform genotype /phenotype analysis in subjects with immune defects of known genetic cause, leading to basic research on interactions between components of receptors in immune system pathways.</measure>
    <time_frame>blood draw and testing once or can be repeated</time_frame>
    <description>understanding of interactions between components of receptors in immune system pathways in immune defects of know genetic cause</description>
  </secondary_outcome>
  <secondary_outcome>
    <measure>To track the natural history of disease outcome in selecteddisorders.</measure>
    <time_frame>over time via history and assignment to other protocols</time_frame>
    <description>understanding of natural history of selected disorders</description>
  </secondary_outcome>
  <number_of_groups>2</number_of_groups>
  <enrollment type="Actual">3939</enrollment>
  <condition>DOK 8</condition>
  <condition>STAT1</condition>
  <condition>GATA2</condition>
  <condition>Immunodeficiency</condition>
  <condition>STAT3</condition>
  <arm_group>
    <arm_group_label>Blood relatives</arm_group_label>
    <description>blood related family members of proband</description>
  </arm_group>
  <arm_group>
    <arm_group_label>Proband</arm_group_label>
    <description>person initially ill/studied/diagnosed</description>
  </arm_group>
  <eligibility>
    <study_pop>
      <textblock>
        Probands and their blood relatives, of any age, gender, and ethnicity, who are affected, or
        suspected of being affected with genetic conditions and immune dysregulations under study
        are eligible to enroll as patients or family member enrollees. Fetal samples may be studied
        in selected cases where benefit, such as expedited postnatal treatment, could be
        realized.@@@
      </textblock>
    </study_pop>
    <sampling_method>Non-Probability Sample</sampling_method>
    <criteria>
      <textblock>
        -  INCLUSION / EXCLUSION CRITERIA:

        Probands and their blood relatives, of any age, gender, and ethnicity, who are affected, or
        suspected of being affected with genetic conditions and immune dysregulations under study
        are eligible to enroll as patients and family member enrollees.
      </textblock>
    </criteria>
    <gender>All</gender>
    <minimum_age>N/A</minimum_age>
    <maximum_age>N/A</maximum_age>
    <healthy_volunteers>No</healthy_volunteers>
  </eligibility>
  <overall_official>
    <last_name>Gulbu Uzel, M.D.</last_name>
    <role>Principal Investigator</role>
    <affiliation>National Institute of Allergy and Infectious Diseases (NIAID)</affiliation>
  </overall_official>
  <location>
    <facility>
      <name>National Institutes of Health Clinical Center, 9000 Rockville Pike</name>
      <address>
        <city>Bethesda</city>
        <state>Maryland</state>
        <zip>20892</zip>
        <country>United States</country>
      </address>
    </facility>
  </location>
  <location_countries>
    <country>United States</country>
  </location_countries>
  <removed_countries>
    <country>Germany</country>
  </removed_countries>
  <link>
    <url>https://clinicalstudies.info.nih.gov/cgi/detail.cgi?A_1995-I-0066.html</url>
    <description>NIH Clinical Center Detailed Web Page</description>
  </link>
  <reference>
    <citation>Puck JM. Molecular and genetic basis of X-linked immunodeficiency disorders. J Clin Immunol. 1994 Mar;14(2):81-9. Review.</citation>
    <PMID>8195317</PMID>
  </reference>
  <reference>
    <citation>Fisher GH, Rosenberg FJ, Straus SE, Dale JK, Middleton LA, Lin AY, Strober W, Lenardo MJ, Puck JM. Dominant interfering Fas gene mutations impair apoptosis in a human autoimmune lymphoproliferative syndrome. Cell. 1995 Jun 16;81(6):935-46.</citation>
    <PMID>7540117</PMID>
  </reference>
  <reference>
    <citation>Pepper AE, Buckley RH, Small TN, Puck JM. Two mutational hotspots in the interleukin-2 receptor gamma chain gene causing human X-linked severe combined immunodeficiency. Am J Hum Genet. 1995 Sep;57(3):564-71.</citation>
    <PMID>7668284</PMID>
  </reference>
  <verification_date>May 19, 2020</verification_date>
  <study_first_submitted>November 3, 1999</study_first_submitted>
  <study_first_submitted_qc>November 3, 1999</study_first_submitted_qc>
  <study_first_posted type="Estimate">November 4, 1999</study_first_posted>
  <last_update_submitted>June 27, 2020</last_update_submitted>
  <last_update_submitted_qc>June 27, 2020</last_update_submitted_qc>
  <last_update_posted type="Actual">June 30, 2020</last_update_posted>
  <responsible_party>
    <responsible_party_type>Sponsor</responsible_party_type>
  </responsible_party>
  <keyword>Primary Immunodeficiency Disorders</keyword>
  <keyword>Immunologic Disorders</keyword>
  <keyword>Mutation</keyword>
  <keyword>Genetic Analysis</keyword>
  <condition_browse>
    <!-- CAUTION:  The following MeSH terms are assigned with an imperfect algorithm            -->
    <mesh_term>Immunologic Deficiency Syndromes</mesh_term>
    <mesh_term>Immune System Diseases</mesh_term>
  </condition_browse>
  <!-- Results have not yet been posted for this study                                          -->
</clinical_study>

