<clinical_study>
  <!-- This xml conforms to an XML Schema at:
    https://clinicaltrials.gov/ct2/html/images/info/public.xsd -->
  <required_header>
    <download_date>ClinicalTrials.gov processed this data on July 31, 2020</download_date>
    <link_text>Link to the current ClinicalTrials.gov record.</link_text>
    <url>https://clinicaltrials.gov/show/NCT00000270</url>
  </required_header>
  <id_info>
    <org_study_id>NIDA-09236-5</org_study_id>
    <secondary_id>5P50DA009236-18</secondary_id>
    <secondary_id>P50-09236-5</secondary_id>
    <nct_id>NCT00000270</nct_id>
  </id_info>
  <brief_title>Brain Imaging: Cocaine Effects &amp; Medication Development - 5</brief_title>
  <official_title>Brain Imaging: Cocaine Effects &amp; Medication Development</official_title>
  <sponsors>
    <lead_sponsor>
      <agency>New York State Psychiatric Institute</agency>
      <agency_class>Other</agency_class>
    </lead_sponsor>
    <collaborator>
      <agency>National Institute on Drug Abuse (NIDA)</agency>
      <agency_class>NIH</agency_class>
    </collaborator>
  </sponsors>
  <source>New York State Psychiatric Institute</source>
  <oversight_info>
    <is_fda_regulated_drug>No</is_fda_regulated_drug>
    <is_fda_regulated_device>No</is_fda_regulated_device>
  </oversight_info>
  <brief_summary>
    <textblock>
      The purpose of this study is to define temporal profile of brain activation (rCBF) using
      Xenon-SPECT and O 15-PET.
    </textblock>
  </brief_summary>
  <overall_status>Withdrawn</overall_status>
  <why_stopped>
    Study never opened; never enrolled participants
  </why_stopped>
  <start_date type="Actual">December 30, 1995</start_date>
  <completion_date type="Actual">December 30, 1995</completion_date>
  <primary_completion_date type="Actual">December 30, 1995</primary_completion_date>
  <phase>Phase 4</phase>
  <study_type>Interventional</study_type>
  <has_expanded_access>No</has_expanded_access>
  <study_design_info>
    <primary_purpose>Treatment</primary_purpose>
  </study_design_info>
  <primary_outcome>
    <measure>Absolute change in rCBF at 5 &amp; 15 minutes (Xe)</measure>
  </primary_outcome>
  <primary_outcome>
    <measure>Relative change in rCBF at 5, 19, &amp; 33 minutes (O15)</measure>
  </primary_outcome>
  <primary_outcome>
    <measure>Correlated with a) subjective effects, b) venous blood level of coca, c) autonomic variables</measure>
  </primary_outcome>
  <enrollment type="Actual">0</enrollment>
  <condition>Cocaine-Related Disorders</condition>
  <intervention>
    <intervention_type>Drug</intervention_type>
    <intervention_name>Cocaine</intervention_name>
  </intervention>
  <eligibility>
    <criteria>
      <textblock>
        Please contact site for information.
      </textblock>
    </criteria>
    <gender>All</gender>
    <minimum_age>18 Years</minimum_age>
    <maximum_age>48 Years</maximum_age>
    <healthy_volunteers>No</healthy_volunteers>
  </eligibility>
  <overall_official>
    <last_name>Herbert Kleber, M.D.</last_name>
    <role>Principal Investigator</role>
    <affiliation>New York State Psychiatric Institute</affiliation>
  </overall_official>
  <location>
    <facility>
      <name>New York State Psychiatric Institute</name>
      <address>
        <city>New York</city>
        <state>New York</state>
        <zip>10032</zip>
        <country>United States</country>
      </address>
    </facility>
  </location>
  <location_countries>
    <country>United States</country>
  </location_countries>
  <reference>
    <citation>ACNP Abstract, 1995. CPDD Abstract, 1996. Society for Nuclear Medicine, 1996. Society for Neuroscience, 1997.</citation>
  </reference>
  <verification_date>July 2017</verification_date>
  <study_first_submitted>September 20, 1999</study_first_submitted>
  <study_first_submitted_qc>September 20, 1999</study_first_submitted_qc>
  <study_first_posted type="Estimate">September 21, 1999</study_first_posted>
  <last_update_submitted>August 1, 2017</last_update_submitted>
  <last_update_submitted_qc>August 1, 2017</last_update_submitted_qc>
  <last_update_posted type="Actual">August 2, 2017</last_update_posted>
  <responsible_party>
    <responsible_party_type>Sponsor</responsible_party_type>
  </responsible_party>
  <keyword>cocaine</keyword>
  <condition_browse>
    <!-- CAUTION:  The following MeSH terms are assigned with an imperfect algorithm            -->
    <mesh_term>Cocaine-Related Disorders</mesh_term>
  </condition_browse>
  <intervention_browse>
    <!-- CAUTION:  The following MeSH terms are assigned with an imperfect algorithm            -->
    <mesh_term>Cocaine</mesh_term>
  </intervention_browse>
  <!-- Results have not yet been posted for this study                                          -->
</clinical_study>

