<clinical_study>
  <!-- This xml conforms to an XML Schema at:
    https://clinicaltrials.gov/ct2/html/images/info/public.xsd -->
  <required_header>
    <download_date>ClinicalTrials.gov processed this data on July 31, 2020</download_date>
    <link_text>Link to the current ClinicalTrials.gov record.</link_text>
    <url>https://clinicaltrials.gov/show/NCT00000381</url>
  </required_header>
  <id_info>
    <org_study_id>R01MH053681</org_study_id>
    <secondary_id>R01MH053681</secondary_id>
    <secondary_id>DSIR</secondary_id>
    <nct_id>NCT00000381</nct_id>
  </id_info>
  <brief_title>Fluoxetine for Anxious Children</brief_title>
  <sponsors>
    <lead_sponsor>
      <agency>University of Pittsburgh</agency>
      <agency_class>Other</agency_class>
    </lead_sponsor>
    <collaborator>
      <agency>National Institute of Mental Health (NIMH)</agency>
      <agency_class>NIH</agency_class>
    </collaborator>
  </sponsors>
  <source>University of Pittsburgh</source>
  <brief_summary>
    <textblock>
      The purpose of this study is to see if it is safe and effective to use fluoxetine to treat
      children and adolescents with Generalized Anxiety Disorder (GAD).

      Anxiety disorders are one of the most common psychiatric disorders in children and
      adolescents, and can cause disturbances in the child's school, social, and family lives.
      Having an anxiety disorder puts a child at risk for depression and drug abuse, and appears to
      continue into adulthood. There is very little information on anxiety medications for
      children.

      Children will be assigned randomly (like tossing a coin) to receive either fluoxetine or an
      inactive placebo for 12 weeks. Each child will be monitored for symptoms and side effects
      throughout the study. He/she will have blood tests at Weeks 4, 8, and 12 to measure drug
      levels in the blood. The study will last for 12 weeks.

      A child is eligible for this study if he/she:

      Is 8 to 17 years old and has anxiety disorder.

      A child will not be eligible for this study if he/she:

      Has current major depression, panic disorder, or obsessive-compulsive disorder, or abuses
      alcohol or drugs.
    </textblock>
  </brief_summary>
  <detailed_description>
    <textblock>
      To evaluate the safety and efficacy of fluoxetine as a treatment for children and adolescents
      with Generalized Anxiety Disorder (GAD).

      Anxiety disorders are among the most common childhood and adolescent psychiatric disorders
      and are often associated with academic, social, and family morbidity. These disorders
      frequently increase the risk for developing other psychiatric disorders (e.g., depression,
      substance abuse), aggregate in families, and appear to continue into adulthood. Except for
      Obsessive-Compulsive Disorder, there are very few pharmacological treatment studies for
      childhood anxiety disorders. Given the sparsity and methodological problems of previous
      anxiety pharmacological studies, it is clear that further investigation of the use of
      pharmacological treatment of children and adolescents with these disorders is needed.

      Patients are randomized to receive either fixed-dose fluoxetine or placebo for 12 weeks.
      Patients are assessed for psychiatric symptomatology, functional status, and side effects. In
      addition, to assess attainment of steady state and compliance with treatment, plasma levels
      of fluoxetine and norfluoxetine are measured at 4, 8, and 12 weeks. To standardize the
      treatment protocol and to assure that both groups (fluoxetine and placebo) receive equivalent
      nonpharmacological treatment, a manual is used. Potential predictors of clinical response
      (such as age, sex, duration and severity of anxiety, school absenteeism, sub-syndromal
      depressive symptoms, family history of anxiety or mood disorders) are explored.
    </textblock>
  </detailed_description>
  <overall_status>Completed</overall_status>
  <start_date>June 1997</start_date>
  <completion_date type="Actual">May 2003</completion_date>
  <primary_completion_date type="Actual">May 2003</primary_completion_date>
  <phase>Phase 3</phase>
  <study_type>Interventional</study_type>
  <has_expanded_access>No</has_expanded_access>
  <study_design_info>
    <allocation>Randomized</allocation>
    <primary_purpose>Treatment</primary_purpose>
    <masking>Double</masking>
  </study_design_info>
  <condition>Anxiety Disorders</condition>
  <intervention>
    <intervention_type>Drug</intervention_type>
    <intervention_name>Fluoxetine</intervention_name>
  </intervention>
  <eligibility>
    <criteria>
      <textblock>
        Inclusion Criteria:

        -

        Patients must have:

        Generalized anxiety disorder.

        Exclusion Criteria:

        -

        Excluded:

        Patients with current major depression, as well as patients with panic and
        obsessive-compulsive disorder.

        -

        Excluded:

        Current substance abuse.
      </textblock>
    </criteria>
    <gender>All</gender>
    <minimum_age>8 Years</minimum_age>
    <maximum_age>17 Years</maximum_age>
  </eligibility>
  <overall_official>
    <last_name>Boris Birmaher, MD</last_name>
    <role>Principal Investigator</role>
  </overall_official>
  <results_reference>
    <citation>Birmaher B, Axelson DA, Monk K, Kalas C, Clark DB, Ehmann M, Bridge J, Heo J, Brent DA. Fluoxetine for the treatment of childhood anxiety disorders. J Am Acad Child Adolesc Psychiatry. 2003 Apr;42(4):415-23.</citation>
    <PMID>12649628</PMID>
  </results_reference>
  <verification_date>December 2005</verification_date>
  <study_first_submitted>November 2, 1999</study_first_submitted>
  <study_first_submitted_qc>November 2, 1999</study_first_submitted_qc>
  <study_first_posted type="Estimate">November 3, 1999</study_first_posted>
  <last_update_submitted>January 7, 2014</last_update_submitted>
  <last_update_submitted_qc>January 7, 2014</last_update_submitted_qc>
  <last_update_posted type="Estimate">January 8, 2014</last_update_posted>
  <responsible_party>
    <responsible_party_type>Principal Investigator</responsible_party_type>
    <investigator_affiliation>University of Pittsburgh</investigator_affiliation>
    <investigator_full_name>Boris Birmaher, MD</investigator_full_name>
    <investigator_title>Professor of Psychiatry</investigator_title>
  </responsible_party>
  <keyword>Adolescence</keyword>
  <keyword>Anxiety Disorders</keyword>
  <keyword>Child</keyword>
  <keyword>Female</keyword>
  <keyword>Fluoxetine</keyword>
  <keyword>Male</keyword>
  <keyword>Placebos</keyword>
  <keyword>Serotonin Uptake Inhibitors</keyword>
  <keyword>Anxiety Disorders -- *drug therapy</keyword>
  <keyword>Fluoxetine -- *therapeutic use</keyword>
  <keyword>Serotonin Uptake Inhibitors -- *therapeutic use</keyword>
  <condition_browse>
    <!-- CAUTION:  The following MeSH terms are assigned with an imperfect algorithm            -->
    <mesh_term>Anxiety Disorders</mesh_term>
  </condition_browse>
  <intervention_browse>
    <!-- CAUTION:  The following MeSH terms are assigned with an imperfect algorithm            -->
    <mesh_term>Fluoxetine</mesh_term>
  </intervention_browse>
  <!-- Results have not yet been posted for this study                                          -->
</clinical_study>

