<clinical_study>
  <!-- This xml conforms to an XML Schema at:
    https://clinicaltrials.gov/ct2/html/images/info/public.xsd -->
  <required_header>
    <download_date>ClinicalTrials.gov processed this data on July 31, 2020</download_date>
    <link_text>Link to the current ClinicalTrials.gov record.</link_text>
    <url>https://clinicaltrials.gov/show/NCT00000853</url>
  </required_header>
  <id_info>
    <org_study_id>AVEG 016B</org_study_id>
    <secondary_id>10566</secondary_id>
    <nct_id>NCT00000853</nct_id>
  </id_info>
  <brief_title>A Phase I, Multicenter, Randomized, Double-Blind, Placebo-Controlled HIV-1 Vaccine Trial to Evaluate the Safety and Immunogenicity of Low Dose MN rsgp120/HIV-1 (Genentech) in Combination With QS21 Adjuvant or Alum in Healthy Adults</brief_title>
  <official_title>A Phase I, Multicenter, Randomized, Double-Blind, Placebo-Controlled HIV-1 Vaccine Trial to Evaluate the Safety and Immunogenicity of Low Dose MN rsgp120/HIV-1 (Genentech) in Combination With QS21 Adjuvant or Alum in Healthy Adults</official_title>
  <sponsors>
    <lead_sponsor>
      <agency>National Institute of Allergy and Infectious Diseases (NIAID)</agency>
      <agency_class>NIH</agency_class>
    </lead_sponsor>
  </sponsors>
  <source>National Institute of Allergy and Infectious Diseases (NIAID)</source>
  <brief_summary>
    <textblock>
      To expand the safety information regarding MN rsgp 120/HIV-1 formulated with QS21 or alum. To
      evaluate the immunogenicity of low doses of MN rsgp 120/HIV-1 formulated with QS21 or alum.

      Studies to date indicate that there may be a dose-sparing effect with the use of QS21. In
      animal studies, when QS21 has been employed as an adjuvant, it shifted both the dose response
      curve and allowed less antigen to elicit equivalent binding antibody titers to the rgp120
      protein. There may also be an acceleration in the course of antibody response after both the
      first and the second immunizations. Although the final titers in response to vaccine given in
      both alum and QS21 appear similar after 3 doses in humans, this plateau may be reached more
      readily, and with a lower antigen dose, when using QS21 as an adjuvant. In addition, it has
      been established that using a lower dose of antigen may elicit an immune response which is
      characterized by lymphoproliferation and production of TH1-like cytokines such as INF-gamma,
      interleukin-2, interleukin-4, interleukin-5 and interleukin-10.
    </textblock>
  </brief_summary>
  <detailed_description>
    <textblock>
      Studies to date indicate that there may be a dose-sparing effect with the use of QS21. In
      animal studies, when QS21 has been employed as an adjuvant, it shifted both the dose response
      curve and allowed less antigen to elicit equivalent binding antibody titers to the rgp120
      protein. There may also be an acceleration in the course of antibody response after both the
      first and the second immunizations. Although the final titers in response to vaccine given in
      both alum and QS21 appear similar after 3 doses in humans, this plateau may be reached more
      readily, and with a lower antigen dose, when using QS21 as an adjuvant. In addition, it has
      been established that using a lower dose of antigen may elicit an immune response which is
      characterized by lymphoproliferation and production of TH1-like cytokines such as INF-gamma,
      interleukin-2, interleukin-4, interleukin-5 and interleukin-10.

      Patients will be recruited and screened and those determined as eligible will be enrolled in
      the study. Initially, 5 patients will be randomized into each combination of MN rsgp
      120/HIV-1 dose and adjuvant, QS21 or alum, along with 2 controls for each adjuvant group. An
      additional 10 patients will be randomized equally between the QS21 and alum arms to the
      lowest dose group having 2 or more responders defined as an MN Vital Dye neutralization titer
      greater than or equal to 10 measured at 2 weeks after the second vaccination. 1 additional
      control will also be randomized to each adjuvant group. If neither dose has 2 or more
      responders, no additional patients will be enrolled. Patients will receive their randomly
      assigned injections at months 0, 1 and 6. Patients will be tested for DTH to MN rsgp 120 at
      12 months.
    </textblock>
  </detailed_description>
  <overall_status>Completed</overall_status>
  <completion_date type="Actual">January 1999</completion_date>
  <phase>Phase 1</phase>
  <study_type>Interventional</study_type>
  <has_expanded_access>No</has_expanded_access>
  <study_design_info>
    <primary_purpose>Prevention</primary_purpose>
    <masking>Double</masking>
  </study_design_info>
  <enrollment type="Actual">37</enrollment>
  <condition>HIV Infections</condition>
  <intervention>
    <intervention_type>Biological</intervention_type>
    <intervention_name>rgp120/HIV-1MN</intervention_name>
  </intervention>
  <eligibility>
    <criteria>
      <textblock>
        Inclusion Criteria

        Patients must have or be:

          -  Healthy.

          -  Negative ELISA for HIV.

          -  Negative for Hepatitis B surface antigen.

          -  Normal urine dipstick.

          -  Normal history and physical examination.

          -  Availability for 18 months of follow-up.

        Risk Behavior: Required:

          -  Lower-risk sexual behavior as defined by AVEG.

        Exclusion Criteria

        Co-existing Condition:

        Patients with any of the following symptoms or conditions are excluded:

          -  Medical or psychiatric condition or occupational responsibilities, which preclude
             subject compliance with the protocol (e.g., recent suicidal ideation or present
             psychosis).

          -  Active syphilis. NOTE: If the serology is documented to be false positive due to a
             remote (&gt; 6 months) treated infection, the volunteer is eligible).

          -  Active tuberculosis. NOTE: Volunteers with a positive PPD and a normal chest X-ray
             showing no evidence of TB and not requiring INH therapy are eligible.

        Patients with any of the following prior conditions are excluded:

          -  History of immunodeficiency, chronic illness, malignancy, autoimmune disease.

          -  History of cancer unless there has been surgical excision followed by a sufficient
             observation period to give a reasonable assurance of cure.

          -  History of anaphylaxis or history of other serious adverse reactions to vaccines.

          -  History of serious allergic reaction to any substance, requiring hospitalization or
             emergent medical care.

          -  History of suicide attempts or past psychosis.

          -  History of reaction to thimerosal.

        Prior Medication:

        Excluded:

          -  History of use of immunosuppressive medication.

          -  Live attenuated vaccines within 60 days of study. NOTE: Medically indicated subunit or
             killed vaccines (e.g., influenza, pneumococcal) are not exclusionary, but should be
             given at least 2 weeks away from HIV immunizations.

          -  Use of experimental agents within 30 days prior to study.

          -  Prior receipt of HIV-1 vaccines or placebo recipient in previous HIV vaccine trial.

        Prior Treatment:

        Excluded:

          -  Receipt of blood products or immunoglobulin in the past 6 months.

        Risk Behavior:

        Excluded:

          -  Subjects with identifiable higher-risk behavior for HIV infection as determined by
             screening questionnaire designed to identify risk factors for HIV infection.

          -  History of injection drug use within the last 12 months prior to enrollment.

          -  Higher- or intermediate-risk sexual behavior as defined by AVEG.
      </textblock>
    </criteria>
    <gender>All</gender>
    <minimum_age>18 Years</minimum_age>
    <maximum_age>60 Years</maximum_age>
    <healthy_volunteers>Accepts Healthy Volunteers</healthy_volunteers>
  </eligibility>
  <overall_official>
    <last_name>McElrath J</last_name>
    <role>Study Chair</role>
  </overall_official>
  <overall_official>
    <last_name>Evans T</last_name>
    <role>Study Chair</role>
  </overall_official>
  <location>
    <facility>
      <name>UAB AVEG</name>
      <address>
        <city>Birmingham</city>
        <state>Alabama</state>
        <zip>35294</zip>
        <country>United States</country>
      </address>
    </facility>
  </location>
  <location>
    <facility>
      <name>Univ. of Rochester AVEG</name>
      <address>
        <city>Rochester</city>
        <state>New York</state>
        <zip>14642</zip>
        <country>United States</country>
      </address>
    </facility>
  </location>
  <location>
    <facility>
      <name>UW - Seattle AVEG</name>
      <address>
        <city>Seattle</city>
        <state>Washington</state>
        <zip>98144</zip>
        <country>United States</country>
      </address>
    </facility>
  </location>
  <location_countries>
    <country>United States</country>
  </location_countries>
  <reference>
    <citation>Zolla-Pazner S, Alving C, Belshe R, Berman P, Burda S, Chigurupati P, Clements ML, Duliege AM, Excler JL, Hioe C, Kahn J, McElrath MJ, Sharpe S, Sinangil F, Steimer K, Walker MC, Wassef N, Xu S. Neutralization of a clade B primary isolate by sera from human immunodeficiency virus-uninfected recipients of candidate AIDS vaccines. J Infect Dis. 1997 Apr;175(4):764-74.</citation>
    <PMID>9086128</PMID>
  </reference>
  <verification_date>May 2012</verification_date>
  <study_first_submitted>November 2, 1999</study_first_submitted>
  <study_first_submitted_qc>August 30, 2001</study_first_submitted_qc>
  <study_first_posted type="Estimate">August 31, 2001</study_first_posted>
  <last_update_submitted>May 23, 2012</last_update_submitted>
  <last_update_submitted_qc>May 23, 2012</last_update_submitted_qc>
  <last_update_posted type="Estimate">May 25, 2012</last_update_posted>
  <responsible_party>
    <responsible_party_type>Sponsor</responsible_party_type>
  </responsible_party>
  <keyword>Vaccines, Synthetic</keyword>
  <keyword>HIV-1</keyword>
  <keyword>HIV Envelope Protein gp120</keyword>
  <keyword>AIDS Vaccines</keyword>
  <keyword>HIV Seronegativity</keyword>
  <keyword>HIV Preventive Vaccine</keyword>
  <condition_browse>
    <!-- CAUTION:  The following MeSH terms are assigned with an imperfect algorithm            -->
    <mesh_term>HIV Infections</mesh_term>
  </condition_browse>
  <!-- Results have not yet been posted for this study                                          -->
</clinical_study>

