<clinical_study>
  <!-- This xml conforms to an XML Schema at:
    https://clinicaltrials.gov/ct2/html/images/info/public.xsd -->
  <required_header>
    <download_date>ClinicalTrials.gov processed this data on July 31, 2020</download_date>
    <link_text>Link to the current ClinicalTrials.gov record.</link_text>
    <url>https://clinicaltrials.gov/show/NCT00001481</url>
  </required_header>
  <id_info>
    <org_study_id>950097</org_study_id>
    <secondary_id>95-M-0097</secondary_id>
    <nct_id>NCT00001481</nct_id>
  </id_info>
  <brief_title>The Role of Hormones in Postpartum Mood Disorders</brief_title>
  <official_title>An Endocrine Model for Postpartum Mood Disorders</official_title>
  <sponsors>
    <lead_sponsor>
      <agency>National Institute of Mental Health (NIMH)</agency>
      <agency_class>NIH</agency_class>
    </lead_sponsor>
  </sponsors>
  <source>National Institutes of Health Clinical Center (CC)</source>
  <oversight_info>
    <is_fda_regulated_drug>Yes</is_fda_regulated_drug>
    <is_fda_regulated_device>No</is_fda_regulated_device>
  </oversight_info>
  <brief_summary>
    <textblock>
      Determine whether postpartum depression is triggered by the abrupt withdrawal of estrogen and
      progesterone.

      The appearance of mood and behavioral symptoms during pregnancy and the postpartum period has
      been extensively reported. While there has been much speculation about possible biologically
      based etiologies for postpartum disorders (PPD), none has ever been confirmed. Preliminary
      results from two related studies (protocols 90-M-0088, 92-M-0174) provide evidence that women
      with menstrual cycle related mood disorder, but not controls, experience mood disturbances
      during exogenous replacement of physiologic levels of gonadal steroids. The present protocol
      is designed to create a &quot;scaled-down&quot; hormonal milieu of pregnancy and the puerperium in
      order to determine whether women who have had a previous episode of postpartum major
      effective episode will experience differential mood and behavioral effects compared with
      controls and to determine whether it is the abrupt withdrawal of gonadal steroids or the
      prolonged exposure to gonadal steroids that is associated with mood symptoms.
      Supraphysiologic plasma levels of gonadal steroids will be established, maintained, and then
      rapidly reduced, simulating the hormonal events that occur during pregnancy and parturition.
      This will be accomplished by administering estradiol and progesterone to women who are
      pretreated with a gonadotropin releasing hormone (GnRH) agonist (Lupron). After eight weeks,
      administration of gonadal steroids will be stopped in one group of patients and controls, and
      a sudden decline in the plasma hormone levels will be precipitated. Another group will be
      maintained on supraphysiologic levels of estrogen and progesterone for an additional month.
      Outcome measures will include mood, behavioral and hormonal parameters as well as response to
      o-CRH (a separate protocol done in collaboration with NICHD).
    </textblock>
  </brief_summary>
  <detailed_description>
    <textblock>
      The appearance of mood and behavioral symptoms during pregnancy and the postpartum period has
      been extensively reported. While there has been much speculation about possible biologically
      based etiologies for postpartum disorders (PPD), none has ever been confirmed. Preliminary
      results from two related studies (protocols 90-M-0088, 92-M-0174) provide evidence that women
      with menstrual cycle related mood disorder, but not controls, experience mood disturbances
      during exogenous replacement of physiologic levels of gonadal steroids. The present protocol
      is designed to create a scaled-down hormonal milieu of pregnancy and the puerperium in order
      to determine whether women who have had a previous episode of postpartum major affective
      episode will experience differential mood and behavioral effects compared with controls and
      to determine whether it is the abrupt withdrawal of gonadal steroids or the prolonged
      exposure to gonadal steroids that is associated with mood symptoms. Supraphysiologic plasma
      levels of gonadal steroids will be established, maintained, and then rapidly reduced,
      simulating the hormonal events that occur during pregnancy and parturition. This will be
      accomplished by administering estradiol and progesterone to women who are pretreated with a
      gonadotropin releasing hormone (GnRH) agonist (Lupron). After eight weeks, administration of
      gonadal steroids will be stopped in one group of patients and controls, and a sudden decline
      in the plasma hormone levels will be precipitated. Another group will be maintained on
      supraphysiologic levels of estradiol and progesterone for an additional month. Outcome
      measures will include mood, behavioral, and hormonal parameters as well as response to o-CRH.
    </textblock>
  </detailed_description>
  <overall_status>Suspended</overall_status>
  <start_date type="Actual">April 26, 1996</start_date>
  <completion_date type="Anticipated">June 13, 2022</completion_date>
  <primary_completion_date type="Anticipated">May 13, 2022</primary_completion_date>
  <phase>Phase 2</phase>
  <study_type>Interventional</study_type>
  <has_expanded_access>No</has_expanded_access>
  <study_design_info>
    <allocation>Non-Randomized</allocation>
    <intervention_model>Parallel Assignment</intervention_model>
    <primary_purpose>Basic Science</primary_purpose>
    <masking>Double (Participant, Investigator)</masking>
  </study_design_info>
  <primary_outcome>
    <measure>Outcome measures will include mood, behavioral, and hormonal parameters as well as response to o-CRH.</measure>
    <time_frame>ongoing</time_frame>
    <description>Outcome measures will include mood, behavioral, and hormonal parameters as well as response to o-CRH.</description>
  </primary_outcome>
  <number_of_arms>4</number_of_arms>
  <enrollment type="Actual">48</enrollment>
  <condition>Postpartum Depression</condition>
  <arm_group>
    <arm_group_label>Continued</arm_group_label>
    <arm_group_type>Other</arm_group_type>
    <description>Continued Replacement group</description>
  </arm_group>
  <arm_group>
    <arm_group_label>Other</arm_group_label>
    <arm_group_type>Placebo Comparator</arm_group_type>
    <description>placebo</description>
  </arm_group>
  <arm_group>
    <arm_group_label>Withdrawal Group - Experimental</arm_group_label>
    <arm_group_type>Experimental</arm_group_type>
    <description>Experimental</description>
  </arm_group>
  <arm_group>
    <arm_group_label>Withdrawl Group</arm_group_label>
    <arm_group_type>Other</arm_group_type>
    <description>Withdrawl Group</description>
  </arm_group>
  <intervention>
    <intervention_type>Drug</intervention_type>
    <intervention_name>Estradiol, Progesterone</intervention_name>
    <description>To determine whether women who have had a previous episode of postpartum major affective episode will experience differential mood and behavioral effects compared with controls and to determine whether</description>
    <arm_group_label>Continued</arm_group_label>
    <arm_group_label>Withdrawal Group - Experimental</arm_group_label>
    <arm_group_label>Withdrawl Group</arm_group_label>
  </intervention>
  <intervention>
    <intervention_type>Other</intervention_type>
    <intervention_name>Placebo</intervention_name>
    <description>To determine whether women who have had a previous episode of postpartum major affective episode will experience differential mood and behavioral effects compared with controls</description>
    <arm_group_label>Other</arm_group_label>
  </intervention>
  <eligibility>
    <criteria>
      <textblock>
        -  INCLUSION CRITERIA:

        A. Group 1: Women with a history of postpartum depression:

          1. A history of DSM-IV major depression or hypomanic/manic episode that occurred within
             three months of childbirth (as determined by a SCID interview);

          2. has been well for a minimum of one year;

          3. a regular menstrual cycle for at least three months;

          4. age 18-50;

          5. not pregnant, not lactating and in good medical health;

          6. medication free (including birth control pills);

          7. no history of puerperal suicide attempts or psychotic episodes requiring
             hospitalization.

        Group 2: Women with a history of Major Depressive Disorder

          1. A history of DSM-IV major depression episode(s) occurring outside of pregnancy and not
             within three months postpartum;

          2. has been well for a minimum of one year;

          3. a regular menstrual cycle for at least three months;

          4. age 18-50;

          5. not pregnant, not lactating and in good medical health;

          6. medication free (including birth control pills);

          7. no history of suicide attempts or psychotic episodes requiring hospitalization.

        Group 3; Normal Controls

          1. Controls will meet all criteria specified except they must not have any past or
             present Axis I diagnosis or evidence of menstrually related mood disorders.

             EXCLUSION CRITERIA:

             Patients will not be permitted to enter this protocol if they have important clinical
             or laboratory abnormalities including any history of the following:

             endometriosis;

             undiagnosed enlargement of the ovaries;

             liver disease;

             breast cancer;

             a history of blood clots in the legs or lungs;

             undiagnosed vaginal bleeding;

             porphyria;

             diabetes mellitus;

             malignant melanoma;

             gallbladder or pancreatic disease;

             heart or kidney disease;

             cerebrovascular disease (stroke);

             cigarette smoking;

             a history of suicide attempts or psychotic episodes requiring hospitalization;

             recurrent migraine headaches;

             pregnancy (patients will be warned not to become pregnant during the study and will be
             advised to employ barrier contraceptive methods;

             pregnancy-related medical conditions such as hyperemesis gravidarum, pretoxemia and
             toxemia, deep vein thrombosis (DVT) and bleeding diathesis;

             Any woman with a first degree relative (immediate family) with premenopausal breast
             cancer or breast cancer presenting in both breasts or any woman who has multiple
             family members (greater than three relatives) with postmenopausal breast cancer will
             also be excluded from participating in this protocol;

             Any woman meeting the Stages of Reproductive Aging Workshop Criteria (STRAW) for the
             perimenopause will be excluded from participation. Specifically, we will exclude any
             woman with an elevated plasma FSH level (greater than or equal to 14 IU/L) and with
             menstrual cycle variability of &gt; 7 days different from their normal cycle length;

             Subjects who are unable to provide informed consent;

             NIMH employees and staff and their immediate family members will be excluded from the
             study per NIMH policy.
      </textblock>
    </criteria>
    <gender>Female</gender>
    <minimum_age>18 Years</minimum_age>
    <maximum_age>50 Years</maximum_age>
    <healthy_volunteers>No</healthy_volunteers>
  </eligibility>
  <overall_official>
    <last_name>Pedro E Martinez, M.D.</last_name>
    <role>Principal Investigator</role>
    <affiliation>National Institute of Mental Health (NIMH)</affiliation>
  </overall_official>
  <location>
    <facility>
      <name>National Institutes of Health Clinical Center, 9000 Rockville Pike</name>
      <address>
        <city>Bethesda</city>
        <state>Maryland</state>
        <zip>20892</zip>
        <country>United States</country>
      </address>
    </facility>
  </location>
  <location_countries>
    <country>United States</country>
  </location_countries>
  <link>
    <url>https://clinicalstudies.info.nih.gov/cgi/detail.cgi?B_1995-M-0097.html</url>
    <description>NIH Clinical Center Detailed Web Page</description>
  </link>
  <verification_date>July 21, 2020</verification_date>
  <study_first_submitted>November 3, 1999</study_first_submitted>
  <study_first_submitted_qc>November 3, 1999</study_first_submitted_qc>
  <study_first_posted type="Estimate">November 4, 1999</study_first_posted>
  <last_update_submitted>July 24, 2020</last_update_submitted>
  <last_update_submitted_qc>July 24, 2020</last_update_submitted_qc>
  <last_update_posted type="Actual">July 27, 2020</last_update_posted>
  <responsible_party>
    <responsible_party_type>Sponsor</responsible_party_type>
  </responsible_party>
  <keyword>Postpartum Disorders</keyword>
  <keyword>Mood</keyword>
  <keyword>Hormones</keyword>
  <keyword>GnRH Agonist</keyword>
  <keyword>Postpartum Depression</keyword>
  <condition_browse>
    <!-- CAUTION:  The following MeSH terms are assigned with an imperfect algorithm            -->
    <mesh_term>Depression, Postpartum</mesh_term>
    <mesh_term>Depression</mesh_term>
    <mesh_term>Mood Disorders</mesh_term>
  </condition_browse>
  <intervention_browse>
    <!-- CAUTION:  The following MeSH terms are assigned with an imperfect algorithm            -->
    <mesh_term>Estradiol</mesh_term>
    <mesh_term>Progesterone</mesh_term>
  </intervention_browse>
  <!-- Results have not yet been posted for this study                                          -->
</clinical_study>

