<clinical_study>
  <!-- This xml conforms to an XML Schema at:
    https://clinicaltrials.gov/ct2/html/images/info/public.xsd -->
  <required_header>
    <download_date>ClinicalTrials.gov processed this data on July 31, 2020</download_date>
    <link_text>Link to the current ClinicalTrials.gov record.</link_text>
    <url>https://clinicaltrials.gov/show/NCT00000924</url>
  </required_header>
  <id_info>
    <org_study_id>ACTG 403</org_study_id>
    <secondary_id>11358</secondary_id>
    <secondary_id>P1001S (substudy)</secondary_id>
    <secondary_id>P1004S (substudy)</secondary_id>
    <secondary_id>PACTG 403</secondary_id>
    <nct_id>NCT00000924</nct_id>
  </id_info>
  <brief_title>A Study to Compare Two Different Anti-HIV Drug Regimens</brief_title>
  <official_title>A Phase II Randomized, Multicenter Protocol Evaluating Two Antiretroviral Regimens Containing Combinations of Protease Inhibitors, NRTIs, and an NNRTI</official_title>
  <sponsors>
    <lead_sponsor>
      <agency>National Institute of Allergy and Infectious Diseases (NIAID)</agency>
      <agency_class>NIH</agency_class>
    </lead_sponsor>
    <collaborator>
      <agency>Eunice Kennedy Shriver National Institute of Child Health and Human Development (NICHD)</agency>
      <agency_class>NIH</agency_class>
    </collaborator>
  </sponsors>
  <source>National Institute of Allergy and Infectious Diseases (NIAID)</source>
  <brief_summary>
    <textblock>
      This study compares 2 different anti-HIV drug regimens to determine which is the most
      effective in lowering the amount of HIV in the blood. The anti-HIV drugs used in this study
      are 2 protease inhibitors (nelfinavir and ritonavir), 2 nucleoside reverse transcriptase
      inhibitors (stavudine and didanosine), and 1 nonnucleoside reverse transcriptase inhibitor
      (nevirapine).

      These drug combinations have been previously studied in adults, but there is limited
      information on how well they work in HIV-infected children. It is important to develop drug
      combinations which are effective at suppressing the HIV virus in children.
    </textblock>
  </brief_summary>
  <detailed_description>
    <textblock>
      The use of combination therapy with 2 or more antiretroviral agents has been strongly
      supported by recent studies in both children and adults. However, as of yet, few combinations
      of antiretrovirals have been studied in large cohorts of stable HIV-1 infected,
      antiretroviral-experienced children. Evidence suggests that viral suppression may be more
      difficult to achieve in children. Therefore, it is important to develop new drug combinations
      which can maximally suppress plasma HIV-1 RNA concentrations in children.

      Patients are stratified by prior antiretroviral treatment (zidovudine [ZDV]/lamivudine [3TC]
      versus d4T/other treatment) and by age (under 24 months versus 24 months and older). Patients
      are then randomized to 1 of 4 treatment groups.

      Arm A1: ddI/NFV/RTV (for prior ZDV/3TC-treated patients). Arm A2: ddI/NFV/RTV (for prior
      d4T/other-treated patients). Arm B1: d4T/NFV/NVP (for prior ZDV/3TC-treated patients). Arm
      B2: d4T/NFV/NVP (for prior d4T/other-treated patients). Treatment is administered for 48
      weeks. At Weeks 2, 4, and then every 4 weeks thereafter, patients undergo physical
      examinations, and blood samples are drawn to measure viral load. [AS PER AMENDMENT 4/27/00:
      Patients in Arms A1 and A2 may continue to receive medication for an additional 24 weeks.
      While on the treatment extension, patients must continue their current schedule for study
      drug administration and completion of study visits. Patients in Arms A1 and A2 who have
      reached Week 44 participate in an enteric-coated ddI pharmacokinetic study as part of this
      24-week extension. Patients who were enrolled in Arms A1 or A2 and who were taken off study
      after reaching Week 48 may be re-entered onto the study at Week 52 regardless of the number
      of weeks they have been off study.]
    </textblock>
  </detailed_description>
  <overall_status>Completed</overall_status>
  <completion_date type="Actual">June 2001</completion_date>
  <phase>Phase 2</phase>
  <study_type>Interventional</study_type>
  <has_expanded_access>No</has_expanded_access>
  <study_design_info>
    <primary_purpose>Treatment</primary_purpose>
  </study_design_info>
  <enrollment>120</enrollment>
  <condition>HIV Infections</condition>
  <intervention>
    <intervention_type>Drug</intervention_type>
    <intervention_name>Ritonavir</intervention_name>
  </intervention>
  <intervention>
    <intervention_type>Drug</intervention_type>
    <intervention_name>Nelfinavir mesylate</intervention_name>
  </intervention>
  <intervention>
    <intervention_type>Drug</intervention_type>
    <intervention_name>Nevirapine</intervention_name>
  </intervention>
  <intervention>
    <intervention_type>Drug</intervention_type>
    <intervention_name>Stavudine</intervention_name>
  </intervention>
  <intervention>
    <intervention_type>Drug</intervention_type>
    <intervention_name>Didanosine</intervention_name>
  </intervention>
  <eligibility>
    <criteria>
      <textblock>
        Inclusion Criteria

        Patients may be eligible for this study if they:

          -  Are between 4 months and 21 years of age (consent of parent or guardian required if
             under 18).

          -  Are HIV-positive.

          -  Have a viral level of at least 4,000 copies/ml.

          -  Have a CD4 cell count of at least 750 (under 12 months of age), at least 500 (1 to 5
             years of age), or at least 200 (6 years of age or older) cells/mm3 within the past 4
             months or a CD4 percent of 15 percent or higher within the past 4 months.

          -  Have received the same continuous antiretroviral therapy for the past 16 weeks.

        Exclusion Criteria

        Patients will not be eligible for this study if they:

          -  Have an active opportunistic and/or serious bacterial infection.

          -  Have been diagnosed with a malignancy.

          -  Have received prior treatment with certain antiretroviral medications.

          -  Are pregnant or breast-feeding.
      </textblock>
    </criteria>
    <gender>All</gender>
    <minimum_age>4 Months</minimum_age>
    <maximum_age>21 Years</maximum_age>
    <healthy_volunteers>No</healthy_volunteers>
  </eligibility>
  <overall_official>
    <last_name>Andrew Wiznia</last_name>
    <role>Study Chair</role>
  </overall_official>
  <location>
    <facility>
      <name>Univ of Alabama at Birmingham - Pediatric</name>
      <address>
        <city>Birmingham</city>
        <state>Alabama</state>
        <zip>35233</zip>
        <country>United States</country>
      </address>
    </facility>
  </location>
  <location>
    <facility>
      <name>Univ of South Alabama</name>
      <address>
        <city>Mobile</city>
        <state>Alabama</state>
        <zip>36604</zip>
        <country>United States</country>
      </address>
    </facility>
  </location>
  <location>
    <facility>
      <name>Long Beach Memorial (Pediatric)</name>
      <address>
        <city>Long Beach</city>
        <state>California</state>
        <zip>90801</zip>
        <country>United States</country>
      </address>
    </facility>
  </location>
  <location>
    <facility>
      <name>Los Angeles County - USC Med Ctr</name>
      <address>
        <city>Los Angeles</city>
        <state>California</state>
        <zip>90033</zip>
        <country>United States</country>
      </address>
    </facility>
  </location>
  <location>
    <facility>
      <name>Harbor - UCLA Med Ctr / UCLA School of Medicine</name>
      <address>
        <city>Los Angeles</city>
        <state>California</state>
        <zip>905022004</zip>
        <country>United States</country>
      </address>
    </facility>
  </location>
  <location>
    <facility>
      <name>Children's Hosp of Oakland</name>
      <address>
        <city>Oakland</city>
        <state>California</state>
        <zip>946091809</zip>
        <country>United States</country>
      </address>
    </facility>
  </location>
  <location>
    <facility>
      <name>UCSF / Moffitt Hosp - Pediatric</name>
      <address>
        <city>San Francisco</city>
        <state>California</state>
        <zip>941430105</zip>
        <country>United States</country>
      </address>
    </facility>
  </location>
  <location>
    <facility>
      <name>Howard Univ Hosp</name>
      <address>
        <city>Washington</city>
        <state>District of Columbia</state>
        <zip>20060</zip>
        <country>United States</country>
      </address>
    </facility>
  </location>
  <location>
    <facility>
      <name>North Broward Hosp District</name>
      <address>
        <city>Fort Lauderdale</city>
        <state>Florida</state>
        <zip>33311</zip>
        <country>United States</country>
      </address>
    </facility>
  </location>
  <location>
    <facility>
      <name>Univ of Florida Gainesville</name>
      <address>
        <city>Gainesville</city>
        <state>Florida</state>
        <zip>32610</zip>
        <country>United States</country>
      </address>
    </facility>
  </location>
  <location>
    <facility>
      <name>Univ of Miami (Pediatric)</name>
      <address>
        <city>Miami</city>
        <state>Florida</state>
        <zip>33161</zip>
        <country>United States</country>
      </address>
    </facility>
  </location>
  <location>
    <facility>
      <name>Emory Univ Hosp / Pediatrics</name>
      <address>
        <city>Atlanta</city>
        <state>Georgia</state>
        <zip>30306</zip>
        <country>United States</country>
      </address>
    </facility>
  </location>
  <location>
    <facility>
      <name>Cook County Hosp</name>
      <address>
        <city>Chicago</city>
        <state>Illinois</state>
        <zip>60612</zip>
        <country>United States</country>
      </address>
    </facility>
  </location>
  <location>
    <facility>
      <name>Chicago Children's Memorial Hosp</name>
      <address>
        <city>Chicago</city>
        <state>Illinois</state>
        <zip>606143394</zip>
        <country>United States</country>
      </address>
    </facility>
  </location>
  <location>
    <facility>
      <name>Univ of Chicago Children's Hosp</name>
      <address>
        <city>Chicago</city>
        <state>Illinois</state>
        <zip>606371470</zip>
        <country>United States</country>
      </address>
    </facility>
  </location>
  <location>
    <facility>
      <name>Tulane Univ / Charity Hosp of New Orleans</name>
      <address>
        <city>New Orleans</city>
        <state>Louisiana</state>
        <zip>701122699</zip>
        <country>United States</country>
      </address>
    </facility>
  </location>
  <location>
    <facility>
      <name>Earl K Long Early Intervention Clinic</name>
      <address>
        <city>New Orleans</city>
        <state>Louisiana</state>
        <zip>70112</zip>
        <country>United States</country>
      </address>
    </facility>
  </location>
  <location>
    <facility>
      <name>Univ of Maryland at Baltimore / Univ Med Ctr</name>
      <address>
        <city>Baltimore</city>
        <state>Maryland</state>
        <zip>21201</zip>
        <country>United States</country>
      </address>
    </facility>
  </location>
  <location>
    <facility>
      <name>Johns Hopkins Hosp - Pediatric</name>
      <address>
        <city>Baltimore</city>
        <state>Maryland</state>
        <zip>212874933</zip>
        <country>United States</country>
      </address>
    </facility>
  </location>
  <location>
    <facility>
      <name>Children's Hosp of Boston</name>
      <address>
        <city>Boston</city>
        <state>Massachusetts</state>
        <zip>021155724</zip>
        <country>United States</country>
      </address>
    </facility>
  </location>
  <location>
    <facility>
      <name>Baystate Med Ctr of Springfield</name>
      <address>
        <city>Springfield</city>
        <state>Massachusetts</state>
        <zip>01199</zip>
        <country>United States</country>
      </address>
    </facility>
  </location>
  <location>
    <facility>
      <name>Univ of Massachusetts Med School</name>
      <address>
        <city>Worcester</city>
        <state>Massachusetts</state>
        <zip>016550001</zip>
        <country>United States</country>
      </address>
    </facility>
  </location>
  <location>
    <facility>
      <name>Children's Hosp of Michigan</name>
      <address>
        <city>Detroit</city>
        <state>Michigan</state>
        <zip>48201</zip>
        <country>United States</country>
      </address>
    </facility>
  </location>
  <location>
    <facility>
      <name>Univ of Medicine &amp; Dentistry of New Jersey / Univ Hosp</name>
      <address>
        <city>Newark</city>
        <state>New Jersey</state>
        <zip>071032714</zip>
        <country>United States</country>
      </address>
    </facility>
  </location>
  <location>
    <facility>
      <name>Saint Joseph's Hosp and Med Ctr/UMDNJ - New Jersey Med Schl</name>
      <address>
        <city>Newark</city>
        <state>New Jersey</state>
        <zip>07103</zip>
        <country>United States</country>
      </address>
    </facility>
  </location>
  <location>
    <facility>
      <name>Bronx Lebanon Hosp Ctr</name>
      <address>
        <city>Bronx</city>
        <state>New York</state>
        <zip>10457</zip>
        <country>United States</country>
      </address>
    </facility>
  </location>
  <location>
    <facility>
      <name>Bronx Municipal Hosp Ctr/Jacobi Med Ctr</name>
      <address>
        <city>Bronx</city>
        <state>New York</state>
        <zip>10461</zip>
        <country>United States</country>
      </address>
    </facility>
  </location>
  <location>
    <facility>
      <name>North Shore Univ Hosp</name>
      <address>
        <city>Great Neck</city>
        <state>New York</state>
        <zip>11021</zip>
        <country>United States</country>
      </address>
    </facility>
  </location>
  <location>
    <facility>
      <name>Schneider Children's Hosp</name>
      <address>
        <city>New Hyde Park</city>
        <state>New York</state>
        <zip>11040</zip>
        <country>United States</country>
      </address>
    </facility>
  </location>
  <location>
    <facility>
      <name>Bellevue Hosp / New York Univ Med Ctr</name>
      <address>
        <city>New York</city>
        <state>New York</state>
        <zip>10016</zip>
        <country>United States</country>
      </address>
    </facility>
  </location>
  <location>
    <facility>
      <name>Metropolitan Hosp Ctr</name>
      <address>
        <city>New York</city>
        <state>New York</state>
        <zip>10029</zip>
        <country>United States</country>
      </address>
    </facility>
  </location>
  <location>
    <facility>
      <name>Columbia Presbyterian Med Ctr</name>
      <address>
        <city>New York</city>
        <state>New York</state>
        <zip>10032</zip>
        <country>United States</country>
      </address>
    </facility>
  </location>
  <location>
    <facility>
      <name>Incarnation Children's Ctr / Columbia Presbyterian Med Ctr</name>
      <address>
        <city>New York</city>
        <state>New York</state>
        <zip>10032</zip>
        <country>United States</country>
      </address>
    </facility>
  </location>
  <location>
    <facility>
      <name>Harlem Hosp Ctr</name>
      <address>
        <city>New York</city>
        <state>New York</state>
        <zip>10037</zip>
        <country>United States</country>
      </address>
    </facility>
  </location>
  <location>
    <facility>
      <name>State Univ of New York at Stony Brook</name>
      <address>
        <city>Stony Brook</city>
        <state>New York</state>
        <zip>117948111</zip>
        <country>United States</country>
      </address>
    </facility>
  </location>
  <location>
    <facility>
      <name>SUNY Health Sciences Ctr at Syracuse / Pediatrics</name>
      <address>
        <city>Syracuse</city>
        <state>New York</state>
        <zip>13210</zip>
        <country>United States</country>
      </address>
    </facility>
  </location>
  <location>
    <facility>
      <name>Duke Univ Med Ctr</name>
      <address>
        <city>Durham</city>
        <state>North Carolina</state>
        <zip>277103499</zip>
        <country>United States</country>
      </address>
    </facility>
  </location>
  <location>
    <facility>
      <name>Med Univ of South Carolina</name>
      <address>
        <city>Charleston</city>
        <state>South Carolina</state>
        <zip>294253312</zip>
        <country>United States</country>
      </address>
    </facility>
  </location>
  <location>
    <facility>
      <name>Saint Jude Children's Research Hosp of Memphis</name>
      <address>
        <city>Memphis</city>
        <state>Tennessee</state>
        <zip>381052794</zip>
        <country>United States</country>
      </address>
    </facility>
  </location>
  <location>
    <facility>
      <name>Children's Med Ctr of Dallas</name>
      <address>
        <city>Dallas</city>
        <state>Texas</state>
        <zip>75235</zip>
        <country>United States</country>
      </address>
    </facility>
  </location>
  <location>
    <facility>
      <name>Children's Hosp of the King's Daughters</name>
      <address>
        <city>Norfolk</city>
        <state>Virginia</state>
        <zip>23507</zip>
        <country>United States</country>
      </address>
    </facility>
  </location>
  <location>
    <facility>
      <name>Med College of Virginia</name>
      <address>
        <city>Richmond</city>
        <state>Virginia</state>
        <zip>23219</zip>
        <country>United States</country>
      </address>
    </facility>
  </location>
  <location>
    <facility>
      <name>Ramon Ruiz Arnau Univ Hosp / Pediatrics</name>
      <address>
        <city>Bayamon</city>
        <zip>00956</zip>
        <country>Puerto Rico</country>
      </address>
    </facility>
  </location>
  <location>
    <facility>
      <name>Univ of Puerto Rico / Univ Children's Hosp AIDS</name>
      <address>
        <city>San Juan</city>
        <zip>009365067</zip>
        <country>Puerto Rico</country>
      </address>
    </facility>
  </location>
  <location>
    <facility>
      <name>San Juan City Hosp</name>
      <address>
        <city>San Juan</city>
        <zip>009367344</zip>
        <country>Puerto Rico</country>
      </address>
    </facility>
  </location>
  <location_countries>
    <country>Puerto Rico</country>
    <country>United States</country>
  </location_countries>
  <results_reference>
    <citation>King JR, Nachman S, Yogev R, Hodge J, Aldrovandi G, Hughes MD, Chen J, Wiznia A, Damle B, Acosta EP. Efficacy, tolerability and pharmacokinetics of two nelfinavir-based regimens in human immunodeficiency virus-infected children and adolescents: pediatric AIDS clinical trials group protocol 403. Pediatr Infect Dis J. 2005 Oct;24(10):880-5.</citation>
    <PMID>16220085</PMID>
  </results_reference>
  <verification_date>May 2012</verification_date>
  <study_first_submitted>November 2, 1999</study_first_submitted>
  <study_first_submitted_qc>August 30, 2001</study_first_submitted_qc>
  <study_first_posted type="Estimate">August 31, 2001</study_first_posted>
  <last_update_submitted>May 17, 2012</last_update_submitted>
  <last_update_submitted_qc>May 17, 2012</last_update_submitted_qc>
  <last_update_posted type="Estimate">May 21, 2012</last_update_posted>
  <responsible_party>
    <responsible_party_type>Sponsor</responsible_party_type>
  </responsible_party>
  <keyword>Drug Therapy, Combination</keyword>
  <keyword>HIV Protease Inhibitors</keyword>
  <keyword>Reverse Transcriptase Inhibitors</keyword>
  <keyword>Anti-HIV Agents</keyword>
  <condition_browse>
    <!-- CAUTION:  The following MeSH terms are assigned with an imperfect algorithm            -->
    <mesh_term>HIV Infections</mesh_term>
  </condition_browse>
  <intervention_browse>
    <!-- CAUTION:  The following MeSH terms are assigned with an imperfect algorithm            -->
    <mesh_term>Ritonavir</mesh_term>
    <mesh_term>Nelfinavir</mesh_term>
    <mesh_term>Nevirapine</mesh_term>
    <mesh_term>Stavudine</mesh_term>
    <mesh_term>Didanosine</mesh_term>
  </intervention_browse>
  <!-- Results have not yet been posted for this study                                          -->
</clinical_study>

