<clinical_study>
  <!-- This xml conforms to an XML Schema at:
    https://clinicaltrials.gov/ct2/html/images/info/public.xsd -->
  <required_header>
    <download_date>ClinicalTrials.gov processed this data on July 31, 2020</download_date>
    <link_text>Link to the current ClinicalTrials.gov record.</link_text>
    <url>https://clinicaltrials.gov/show/NCT00003232</url>
  </required_header>
  <id_info>
    <org_study_id>PR6</org_study_id>
    <secondary_id>CAN-NCIC-PR6</secondary_id>
    <secondary_id>CDR0000066102</secondary_id>
    <nct_id>NCT00003232</nct_id>
  </id_info>
  <brief_title>Combination Chemotherapy in Treating Pain in Hormone Refractory Metastatic Prostate Cancer</brief_title>
  <official_title>Randomized Placebo-Controlled Trial of Mitoxantrone/Prednisone and Clodronate Versus Mitoxantrone/Prednisone Alone in Patients With Hormone Refractory Metastatic Prostate Cancer and Pain</official_title>
  <sponsors>
    <lead_sponsor>
      <agency>NCIC Clinical Trials Group</agency>
      <agency_class>Other</agency_class>
    </lead_sponsor>
  </sponsors>
  <source>Canadian Cancer Trials Group</source>
  <oversight_info>
    <has_dmc>Yes</has_dmc>
    <is_fda_regulated_drug>No</is_fda_regulated_drug>
    <is_fda_regulated_device>No</is_fda_regulated_device>
  </oversight_info>
  <brief_summary>
    <textblock>
      RATIONALE: Some drugs used in chemotherapy can reduce the pain experienced by some people
      with cancer. Combining more than one drug may be more effective at reducing cancer pain. It
      is not known whether receiving combination chemotherapy with clodronate is more effective
      than receiving combination chemotherapy without clodronate for hormone refractory metastatic
      prostate cancer.

      PURPOSE: Randomized double-blinded phase III trial to compare the effectiveness of
      combination chemotherapy using mitoxantrone plus prednisone with or without clodronate in
      treating pain in patients with hormone refractory metastatic prostate cancer.
    </textblock>
  </brief_summary>
  <detailed_description>
    <textblock>
      OBJECTIVES: I. Compare the effect of mitoxantrone and prednisone with or without clodronate
      on localized bone pain in patients with hormone refractory metastatic prostate cancer. II.
      Compare the overall survival and quality of life of these patients after these treatments.

      OUTLINE: This is a randomized, double blinded, placebo controlled, multicenter study.
      Patients are stratified according to quality of pain (mild vs moderate) and previous
      corticosteroids or one regimen of non-anthracycline-containing cytotoxic chemotherapy (e.g.,
      estramustine) vs none. Patients are assigned to 1 of 2 treatment arms. Arm I consists of oral
      prednisone twice a day and intravenous mitoxantrone followed by intravenous clodronate
      administered over 3 hours every 3 weeks. Arm II consists of oral prednisone twice a day and
      intravenous mitoxantrone followed by intravenous placebo administered over 3 hours every 3
      weeks. Doses are adjusted for myelosuppression. Treatment continues until disease progression
      (although patients initially on placebo can continue on open-label clodronate) or until the
      maximum cumulative dose of mitoxantrone is reached. Patients with a palliative response may
      continue on prednisone and the study drug (clodronate or placebo) until disease progression.
      Quality of life is assessed before and every 3 weeks during study treatment. A daily pain
      diary is also maintained. All patients are followed at 2 weeks and then every 3 months until
      death.

      PROJECTED ACCRUAL: This study will accrue 204 patients.
    </textblock>
  </detailed_description>
  <overall_status>Completed</overall_status>
  <start_date type="Actual">November 24, 1997</start_date>
  <completion_date type="Actual">February 10, 2009</completion_date>
  <primary_completion_date type="Actual">May 1, 2002</primary_completion_date>
  <phase>Phase 3</phase>
  <study_type>Interventional</study_type>
  <has_expanded_access>No</has_expanded_access>
  <study_design_info>
    <allocation>Randomized</allocation>
    <intervention_model>Parallel Assignment</intervention_model>
    <primary_purpose>Treatment</primary_purpose>
    <masking>Triple (Participant, Care Provider, Investigator)</masking>
  </study_design_info>
  <enrollment type="Actual">227</enrollment>
  <condition>Pain</condition>
  <condition>Prostate Cancer</condition>
  <condition>Quality of Life</condition>
  <intervention>
    <intervention_type>Drug</intervention_type>
    <intervention_name>clodronate disodium</intervention_name>
  </intervention>
  <intervention>
    <intervention_type>Drug</intervention_type>
    <intervention_name>mitoxantrone hydrochloride</intervention_name>
  </intervention>
  <intervention>
    <intervention_type>Drug</intervention_type>
    <intervention_name>prednisone</intervention_name>
  </intervention>
  <intervention>
    <intervention_type>Procedure</intervention_type>
    <intervention_name>quality-of-life assessment</intervention_name>
  </intervention>
  <eligibility>
    <criteria>
      <textblock>
        DISEASE CHARACTERISTICS: Histologically confirmed adenocarcinoma of the prostate or
        metastatic carcinoma of presumptive prostate origin as manifest by the presence of
        sclerotic bony metastases and a serum PSA level greater than the upper limit of normal
        Radiologically proven progressive bone disease (e.g., new bone scan lesions, increased
        uptake of isotope at previous sites of disease, and/or increasing bone pain) Hormone
        refractory disease (i.e., disease progression or recurrence despite documented castrate
        levels of serum testosterone achieved by bilateral orchiectomy or antiandrogen therapy)
        Bone pain due to metastatic disease Patients must have achieved stable analgesia for at
        least 7 days No uncontrolled epidural metastases

        PATIENT CHARACTERISTICS: Age: Any age Performance status: ECOG 0-3 Life expectancy: At
        least 3 months Hematopoietic: WBC at least 3,000/mm3 Absolute granulocyte count greater
        than 1,500/mm3 Platelet count greater than 100,000/mm3 Hepatic: Bilirubin no greater than
        3.15 mg/dL Renal: Creatinine less than 2.26 mg/dL Serum calcium no greater than 3.1 mmol/L
        Cardiovascular: Patients with history of angina pectoris, previous cardiac infarction,
        hypertension, or valvular or congenital heart disease must have baseline measurement of
        LVEF exceeding 50% Other: No other malignancy within 5 years except nonmelanomatous skin
        cancer No active infection or any other contraindication to chemotherapy with mitoxantrone
        No spinal cord or nerve root compression No unstabilized impending pathological fractures

        PRIOR CONCURRENT THERAPY: Biologic therapy: Not specified Chemotherapy: One previous course
        of chemotherapy allowed No prior mitoxantrone or other anthracycline Endocrine therapy: See
        Disease Characteristics At least 4 weeks since prior nonsteroidal antiandrogens
        Radiotherapy: At least 4 weeks since prior radiotherapy At least 8 weeks since prior
        strontium-89 or samarium-153 Surgery: Not specified Other: No prior bisphosphonate therapy
      </textblock>
    </criteria>
    <gender>Male</gender>
    <minimum_age>N/A</minimum_age>
    <maximum_age>120 Years</maximum_age>
    <healthy_volunteers>No</healthy_volunteers>
  </eligibility>
  <overall_official>
    <last_name>Donald S. Ernst, MD, FRCPC</last_name>
    <role>Study Chair</role>
    <affiliation>Tom Baker Cancer Centre - Calgary</affiliation>
  </overall_official>
  <location>
    <facility>
      <name>Tom Baker Cancer Center - Calgary</name>
      <address>
        <city>Calgary</city>
        <state>Alberta</state>
        <zip>T2N 4N2</zip>
        <country>Canada</country>
      </address>
    </facility>
  </location>
  <location>
    <facility>
      <name>Penticton Regional Hospital</name>
      <address>
        <city>Penticton</city>
        <state>British Columbia</state>
        <zip>V2A 3G6</zip>
        <country>Canada</country>
      </address>
    </facility>
  </location>
  <location>
    <facility>
      <name>British Columbia Cancer Agency - Fraser Valley Cancer Centre</name>
      <address>
        <city>Surrey</city>
        <state>British Columbia</state>
        <zip>V3V 1Z2</zip>
        <country>Canada</country>
      </address>
    </facility>
  </location>
  <location>
    <facility>
      <name>B.C. Cancer Agency</name>
      <address>
        <city>Vancouver</city>
        <state>British Columbia</state>
        <zip>V5Z 4E6</zip>
        <country>Canada</country>
      </address>
    </facility>
  </location>
  <location>
    <facility>
      <name>Saint John Regional Hospital</name>
      <address>
        <city>Saint John</city>
        <state>New Brunswick</state>
        <zip>E2L 4L2</zip>
        <country>Canada</country>
      </address>
    </facility>
  </location>
  <location>
    <facility>
      <name>Newfoundland Cancer Treatment and Research Foundation</name>
      <address>
        <city>St. Johns</city>
        <state>Newfoundland and Labrador</state>
        <zip>A1B 3V6</zip>
        <country>Canada</country>
      </address>
    </facility>
  </location>
  <location>
    <facility>
      <name>Nova Scotia Cancer Centre</name>
      <address>
        <city>Halifax</city>
        <state>Nova Scotia</state>
        <zip>B3H 1V7</zip>
        <country>Canada</country>
      </address>
    </facility>
  </location>
  <location>
    <facility>
      <name>Cancer Care Ontario-Hamilton Regional Cancer Centre</name>
      <address>
        <city>Hamilton</city>
        <state>Ontario</state>
        <zip>L8V 5C2</zip>
        <country>Canada</country>
      </address>
    </facility>
  </location>
  <location>
    <facility>
      <name>Kingston Regional Cancer Centre</name>
      <address>
        <city>Kingston</city>
        <state>Ontario</state>
        <zip>K7L 5P9</zip>
        <country>Canada</country>
      </address>
    </facility>
  </location>
  <location>
    <facility>
      <name>Cancer Care Ontario-London Regional Cancer Centre</name>
      <address>
        <city>London</city>
        <state>Ontario</state>
        <zip>N6A 4L6</zip>
        <country>Canada</country>
      </address>
    </facility>
  </location>
  <location>
    <facility>
      <name>Trillium Health Centre</name>
      <address>
        <city>Mississauga</city>
        <state>Ontario</state>
        <zip>L5B 1B8</zip>
        <country>Canada</country>
      </address>
    </facility>
  </location>
  <location>
    <facility>
      <name>Ottawa Regional Cancer Center - General Division</name>
      <address>
        <city>Ottawa</city>
        <state>Ontario</state>
        <zip>K1H 8L6</zip>
        <country>Canada</country>
      </address>
    </facility>
  </location>
  <location>
    <facility>
      <name>Peterborough Oncology Clinic</name>
      <address>
        <city>Peterborough</city>
        <state>Ontario</state>
        <zip>K9H 7B6</zip>
        <country>Canada</country>
      </address>
    </facility>
  </location>
  <location>
    <facility>
      <name>Hotel Dieu Hospital - St. Catharines</name>
      <address>
        <city>St. Catharines</city>
        <state>Ontario</state>
        <zip>L2R 5K3</zip>
        <country>Canada</country>
      </address>
    </facility>
  </location>
  <location>
    <facility>
      <name>Northwestern Ontario Regional Cancer Centre, Thunder Bay</name>
      <address>
        <city>Thunder Bay</city>
        <state>Ontario</state>
        <zip>P7A 7T1</zip>
        <country>Canada</country>
      </address>
    </facility>
  </location>
  <location>
    <facility>
      <name>Toronto Sunnybrook Regional Cancer Centre</name>
      <address>
        <city>Toronto</city>
        <state>Ontario</state>
        <zip>M4N 3M5</zip>
        <country>Canada</country>
      </address>
    </facility>
  </location>
  <location>
    <facility>
      <name>Princess Margaret Hospital</name>
      <address>
        <city>Toronto</city>
        <state>Ontario</state>
        <zip>M5G 2M9</zip>
        <country>Canada</country>
      </address>
    </facility>
  </location>
  <location>
    <facility>
      <name>Humber River Regional Hospital</name>
      <address>
        <city>Weston</city>
        <state>Ontario</state>
        <zip>M9N 1N8</zip>
        <country>Canada</country>
      </address>
    </facility>
  </location>
  <location>
    <facility>
      <name>Cancer Care Ontario - Windsor Regional Cancer Centre</name>
      <address>
        <city>Windsor</city>
        <state>Ontario</state>
        <zip>N8W 2X3</zip>
        <country>Canada</country>
      </address>
    </facility>
  </location>
  <location>
    <facility>
      <name>Queen Elizabeth Hospital, PEI</name>
      <address>
        <city>Charlottetown</city>
        <state>Prince Edward Island</state>
        <zip>C1A 8T5</zip>
        <country>Canada</country>
      </address>
    </facility>
  </location>
  <location>
    <facility>
      <name>McGill University Department of Oncology</name>
      <address>
        <city>Montreal</city>
        <state>Quebec</state>
        <zip>H2W 1S6</zip>
        <country>Canada</country>
      </address>
    </facility>
  </location>
  <location_countries>
    <country>Canada</country>
  </location_countries>
  <results_reference>
    <citation>Taylor SK, Ding K, Ernst SD, et al.: Palliative response measurement in a phase III study of patients with prostate cancer and painful bone metastases: secondary analysis of NCIC-CTG PR6. [Abstract] J Clin Oncol 26 (Suppl 15): A-9636, 2008.</citation>
  </results_reference>
  <results_reference>
    <citation>Ernst DS, Tannock IF, Winquist EW, Venner PM, Reyno L, Moore MJ, Chi K, Ding K, Elliott C, Parulekar W. Randomized, double-blind, controlled trial of mitoxantrone/prednisone and clodronate versus mitoxantrone/prednisone and placebo in patients with hormone-refractory prostate cancer and pain. J Clin Oncol. 2003 Sep 1;21(17):3335-42.</citation>
    <PMID>12947070</PMID>
  </results_reference>
  <verification_date>April 2020</verification_date>
  <study_first_submitted>November 1, 1999</study_first_submitted>
  <study_first_submitted_qc>April 8, 2004</study_first_submitted_qc>
  <study_first_posted type="Estimate">April 9, 2004</study_first_posted>
  <last_update_submitted>April 1, 2020</last_update_submitted>
  <last_update_submitted_qc>April 1, 2020</last_update_submitted_qc>
  <last_update_posted type="Actual">April 3, 2020</last_update_posted>
  <responsible_party>
    <responsible_party_type>Sponsor</responsible_party_type>
  </responsible_party>
  <keyword>adenocarcinoma of the prostate</keyword>
  <keyword>recurrent prostate cancer</keyword>
  <keyword>pain</keyword>
  <keyword>quality of life</keyword>
  <condition_browse>
    <!-- CAUTION:  The following MeSH terms are assigned with an imperfect algorithm            -->
    <mesh_term>Prostatic Neoplasms</mesh_term>
  </condition_browse>
  <intervention_browse>
    <!-- CAUTION:  The following MeSH terms are assigned with an imperfect algorithm            -->
    <mesh_term>Clodronic Acid</mesh_term>
    <mesh_term>Prednisone</mesh_term>
    <mesh_term>Mitoxantrone</mesh_term>
  </intervention_browse>
  <patient_data>
    <sharing_ipd>No</sharing_ipd>
  </patient_data>
  <!-- Results have not yet been posted for this study                                          -->
</clinical_study>

