<clinical_study>
  <!-- This xml conforms to an XML Schema at:
    https://clinicaltrials.gov/ct2/html/images/info/public.xsd -->
  <required_header>
    <download_date>ClinicalTrials.gov processed this data on July 31, 2020</download_date>
    <link_text>Link to the current ClinicalTrials.gov record.</link_text>
    <url>https://clinicaltrials.gov/show/NCT00002344</url>
  </required_header>
  <id_info>
    <org_study_id>226C</org_study_id>
    <secondary_id>066-060</secondary_id>
    <nct_id>NCT00002344</nct_id>
  </id_info>
  <brief_title>A Study of Azithromycin in HIV-Infected Patients</brief_title>
  <official_title>Double-Blind Crossover Study Assessing the Dose Proportionality of Azithromycin Tablets in HIV-Infected Subjects</official_title>
  <sponsors>
    <lead_sponsor>
      <agency>Pfizer</agency>
      <agency_class>Industry</agency_class>
    </lead_sponsor>
  </sponsors>
  <source>NIH AIDS Clinical Trials Information Service</source>
  <brief_summary>
    <textblock>
      To assess the dose proportionality of azithromycin concentrations and toleration when
      delivered in tablet formulation to HIV-infected patients.

      The need exists to further assess the antibacterial agent azithromycin at differing doses in
      an HIV-infected population.
    </textblock>
  </brief_summary>
  <detailed_description>
    <textblock>
      The need exists to further assess the antibacterial agent azithromycin at differing doses in
      an HIV-infected population.

      Patients are randomized to receive azithromycin at 1 of 2 doses in a two-treatment,
      two-period, cross-over study. Dosing visits are separated by at least 14-day wash-out
      periods.
    </textblock>
  </detailed_description>
  <overall_status>Completed</overall_status>
  <phase>Phase 1</phase>
  <study_type>Interventional</study_type>
  <has_expanded_access>No</has_expanded_access>
  <study_design_info>
    <intervention_model>Parallel Assignment</intervention_model>
    <primary_purpose>Treatment</primary_purpose>
  </study_design_info>
  <enrollment>12</enrollment>
  <condition>Bacterial Infections</condition>
  <condition>HIV Infections</condition>
  <intervention>
    <intervention_type>Drug</intervention_type>
    <intervention_name>Azithromycin</intervention_name>
  </intervention>
  <eligibility>
    <criteria>
      <textblock>
        Inclusion Criteria

        Patients must have:

          -  HIV seropositivity.

          -  CD4 count &lt;= 500 cells/mm3.

          -  NO active AIDS opportunistic infection.

        Exclusion Criteria

        Co-existing Condition:

        Patients with the following symptoms or conditions are excluded:

          -  Other active intercurrent illness.

          -  Any condition possibly affecting drug absorption (e.g., ulcers, gastrectomy,
             HIV-associated enteropathies.

          -  Signs or symptoms of severe illness that would preclude study participation.

          -  Known allergies to macrolide antibiotics.

        Patients with the following prior condition are excluded:

        Clinically important change in baseline status within 4 weeks prior to study entry.

        Prior Medication:

        Excluded:

          -  Investigational drugs including treatment IND drugs within 4 weeks prior to study
             entry.

        Known drug or alcohol dependence.
      </textblock>
    </criteria>
    <gender>All</gender>
    <minimum_age>18 Years</minimum_age>
    <maximum_age>65 Years</maximum_age>
    <healthy_volunteers>No</healthy_volunteers>
  </eligibility>
  <location>
    <facility>
      <name>Harris Laboratories Inc</name>
      <address>
        <city>Phoenix</city>
        <state>Arizona</state>
        <zip>85040</zip>
        <country>United States</country>
      </address>
    </facility>
  </location>
  <location_countries>
    <country>United States</country>
  </location_countries>
  <verification_date>April 1996</verification_date>
  <study_first_submitted>November 2, 1999</study_first_submitted>
  <study_first_submitted_qc>August 30, 2001</study_first_submitted_qc>
  <study_first_posted type="Estimate">August 31, 2001</study_first_posted>
  <last_update_submitted>June 23, 2005</last_update_submitted>
  <last_update_submitted_qc>June 23, 2005</last_update_submitted_qc>
  <last_update_posted type="Estimate">June 24, 2005</last_update_posted>
  <keyword>Azithromycin</keyword>
  <keyword>Bacterial Infections</keyword>
  <condition_browse>
    <!-- CAUTION:  The following MeSH terms are assigned with an imperfect algorithm            -->
    <mesh_term>Infection</mesh_term>
    <mesh_term>Communicable Diseases</mesh_term>
    <mesh_term>Bacterial Infections</mesh_term>
  </condition_browse>
  <intervention_browse>
    <!-- CAUTION:  The following MeSH terms are assigned with an imperfect algorithm            -->
    <mesh_term>Azithromycin</mesh_term>
  </intervention_browse>
  <!-- Results have not yet been posted for this study                                          -->
</clinical_study>

