<clinical_study>
  <!-- This xml conforms to an XML Schema at:
    https://clinicaltrials.gov/ct2/html/images/info/public.xsd -->
  <required_header>
    <download_date>ClinicalTrials.gov processed this data on July 31, 2020</download_date>
    <link_text>Link to the current ClinicalTrials.gov record.</link_text>
    <url>https://clinicaltrials.gov/show/NCT00001038</url>
  </required_header>
  <id_info>
    <org_study_id>ACTG 204</org_study_id>
    <secondary_id>FDA 104C</secondary_id>
    <nct_id>NCT00001038</nct_id>
  </id_info>
  <brief_title>A Study of Valacyclovir Hydrochloride in the Prevention of Life-Threatening Cytomegalovirus Disease in HIV-Infected Patients</brief_title>
  <official_title>A Randomized, Double-Blind Trial of Valacyclovir Hydrochloride (BW 256U87) Prophylaxis for Opportunistic Cytomegalovirus End-Organ Disease in Patients With Advanced HIV Infection (&lt; 100 CD4+ Lymphocytes)</official_title>
  <sponsors>
    <lead_sponsor>
      <agency>National Institute of Allergy and Infectious Diseases (NIAID)</agency>
      <agency_class>NIH</agency_class>
    </lead_sponsor>
    <collaborator>
      <agency>Glaxo Wellcome</agency>
      <agency_class>Industry</agency_class>
    </collaborator>
  </sponsors>
  <source>National Institute of Allergy and Infectious Diseases (NIAID)</source>
  <brief_summary>
    <textblock>
      PRIMARY: To evaluate the efficacy of valacyclovir hydrochloride (BW 256U87) in the prevention
      of cytomegalovirus (CMV) end-organ disease in HIV/CMV co-infected patients with CD4+
      lymphocytes &lt; 100 cells/mm3. To assess the impact of BW 256U87, high-dose oral acyclovir and
      low-dose oral acyclovir on survival.

      SECONDARY: To evaluate the effect of BW 256U87 on quality of life, the safety of the drug
      administered concurrently with standard antiretroviral agents and other essential therapies
      for the treatment and prevention of opportunistic diseases, and the efficacy of BW 256U87 in
      suppressing activation of other herpesviruses. To evaluate serologic and virologic risk
      factors for the development of CMV disease, including assessment of HIV activation, and the
      risk of developing drug-resistant CMV, HSV, and VZV.

      Gastrointestinal absorption of acyclovir is not high enough to prevent CMV disease in
      patients with advanced HIV disease, although there is evidence that high doses of the drug
      may extend survival. Valacyclovir, a prodrug that is rapidly converted to acyclovir after
      oral administration, has a higher absorption rate and may therefore provide inhibitory
      activity against CMV.
    </textblock>
  </brief_summary>
  <detailed_description>
    <textblock>
      Gastrointestinal absorption of acyclovir is not high enough to prevent CMV disease in
      patients with advanced HIV disease, although there is evidence that high doses of the drug
      may extend survival. Valacyclovir, a prodrug that is rapidly converted to acyclovir after
      oral administration, has a higher absorption rate and may therefore provide inhibitory
      activity against CMV.

      Patients are randomized to receive BW 256U87 alone or acyclovir alone as control at either
      high-dose or low-dose. The acyclovir controls will provide suppressive therapy for herpes
      simplex infections and may affect survival.
    </textblock>
  </detailed_description>
  <overall_status>Completed</overall_status>
  <primary_completion_date type="Actual">May 1996</primary_completion_date>
  <phase>Phase 3</phase>
  <study_type>Interventional</study_type>
  <has_expanded_access>No</has_expanded_access>
  <study_design_info>
    <primary_purpose>Treatment</primary_purpose>
  </study_design_info>
  <enrollment>1200</enrollment>
  <condition>Cytomegalovirus Infections</condition>
  <condition>HIV Infections</condition>
  <intervention>
    <intervention_type>Drug</intervention_type>
    <intervention_name>Valacyclovir hydrochloride</intervention_name>
  </intervention>
  <intervention>
    <intervention_type>Drug</intervention_type>
    <intervention_name>Acyclovir</intervention_name>
  </intervention>
  <eligibility>
    <criteria>
      <textblock>
        Inclusion Criteria

        Concurrent Medication:

        Recommended:

          -  PCP prophylaxis.

        Allowed:

          -  Any antiretroviral therapies available by prescription or through expanded access or
             Treatment IND programs, including combination or sequential use.

          -  Chemotherapy for Kaposi's sarcoma, lymphoma, or other malignancies IF patient is
             hematologically stable for at least 30 days prior to study entry.

          -  Discrete courses of oral or parenteral acyclovir for VZV or HSV infection, not to
             exceed 21 days per episode (may co-enroll on ACTG 169). For recurrent episodes,
             open-label acyclovir for a total of 60 days over a 12-month period is allowed. Study
             drug is interrupted.

          -  Supportive therapies available by prescription, expanded access, or Treatment IND
             programs, such as G-CSF, GM-CSF, and erythropoietin.

          -  Other medications necessary for the patient's welfare, at the discretion of the
             investigator.

        Patients must have:

          -  HIV infection or AIDS-defining conditions.

          -  CD4+ count &lt; 100 cells/mm3.

          -  IgG antibodies to CMV.

          -  No active CMV disease or history of CMV end-organ disease.

          -  Consent of parent or guardian if less than 18 years of age.

          -  Ability to comply with protocol.

        NOTE:

          -  Patients may be co-enrolled in ACTG primary infection Phase II/III studies, ACTG
             opportunistic infection protocols, or treatment protocols or similar studies sponsored
             by other research networks as long as those studies do not violate the restrictions
             placed on concomitant therapies and toxicity management.

        Prior Medication:

        Allowed:

          -  PCP prophylaxis.

          -  Any antiretroviral therapies available by prescription or through expanded access or
             Treatment IND programs, including combination or sequential use.

          -  Chemotherapy for Kaposi's sarcoma, lymphoma, or other malignancies.

          -  Acyclovir.

          -  Supportive therapies available by prescription, expanded access, or Treatment IND
             programs, such as G-CSF, GM-CSF, and erythropoietin.

        Exclusion Criteria

        Co-existing Condition:

        Patients with the following symptoms and conditions are excluded:

          -  Nausea or vomiting that precludes oral dosing.

          -  Ocular media opacities that preclude adequate visualization of fundi.

          -  Pregnancy.

          -  Known hypersensitivity to acyclovir.

          -  Known lactose intolerance.

        Concurrent Medication:

        Excluded:

          -  Systemic interferons and immunomodulators (including CMV hyperimmune serum/globulin
             and chronic corticosteroids at doses in excess of physiologic replacement).

          -  Probenecid.

          -  Investigational or marketed agents with potential activity against CMV, herpes
             simplex, and/or Varicella zoster, EXCEPT as specifically allowed.

        Patients with the following prior condition are excluded:

          -  Pre-existing necrotizing retinopathy that may interfere with a subsequent diagnosis of
             CMV retinitis.

        Prior Medication:

        Excluded:

          -  Prior ganciclovir, foscarnet, or any investigational anti-CMV agent including use of
             foscarnet for acyclovir-resistant herpes.

          -  Interferons, immunomodulators (other than colony stimulating factors), or CMV
             hyperimmune globulin within 30 days prior to study entry.
      </textblock>
    </criteria>
    <gender>All</gender>
    <minimum_age>13 Years</minimum_age>
    <maximum_age>N/A</maximum_age>
    <healthy_volunteers>No</healthy_volunteers>
  </eligibility>
  <overall_official>
    <last_name>Feinberg J</last_name>
    <role>Study Chair</role>
  </overall_official>
  <location>
    <facility>
      <name>Birmingham Veterans Administration Med Ctr</name>
      <address>
        <city>Birmingham</city>
        <state>Alabama</state>
        <zip>35233</zip>
        <country>United States</country>
      </address>
    </facility>
  </location>
  <location>
    <facility>
      <name>Los Angeles County - USC Med Ctr</name>
      <address>
        <city>Los Angeles</city>
        <state>California</state>
        <zip>90033</zip>
        <country>United States</country>
      </address>
    </facility>
  </location>
  <location>
    <facility>
      <name>CARE Ctr / UCLA Med Ctr</name>
      <address>
        <city>Los Angeles</city>
        <state>California</state>
        <zip>900951793</zip>
        <country>United States</country>
      </address>
    </facility>
  </location>
  <location>
    <facility>
      <name>Highland Gen Hosp / San Francisco Gen Hosp</name>
      <address>
        <city>Oakland</city>
        <state>California</state>
        <zip>946021018</zip>
        <country>United States</country>
      </address>
    </facility>
  </location>
  <location>
    <facility>
      <name>Univ of California / San Diego Treatment Ctr</name>
      <address>
        <city>San Diego</city>
        <state>California</state>
        <zip>921036325</zip>
        <country>United States</country>
      </address>
    </facility>
  </location>
  <location>
    <facility>
      <name>Kaiser Permanente Med Ctr</name>
      <address>
        <city>San Francisco</city>
        <state>California</state>
        <zip>94115</zip>
        <country>United States</country>
      </address>
    </facility>
  </location>
  <location>
    <facility>
      <name>Univ of Colorado Health Sciences Ctr</name>
      <address>
        <city>Denver</city>
        <state>Colorado</state>
        <zip>80262</zip>
        <country>United States</country>
      </address>
    </facility>
  </location>
  <location>
    <facility>
      <name>Yale Univ</name>
      <address>
        <city>New Haven</city>
        <state>Connecticut</state>
        <zip>06519</zip>
        <country>United States</country>
      </address>
    </facility>
  </location>
  <location>
    <facility>
      <name>Northwestern Univ Med School</name>
      <address>
        <city>Chicago</city>
        <state>Illinois</state>
        <zip>60611</zip>
        <country>United States</country>
      </address>
    </facility>
  </location>
  <location>
    <facility>
      <name>Indiana Univ Hosp</name>
      <address>
        <city>Indianapolis</city>
        <state>Indiana</state>
        <zip>462025250</zip>
        <country>United States</country>
      </address>
    </facility>
  </location>
  <location>
    <facility>
      <name>Johns Hopkins Hosp</name>
      <address>
        <city>Baltimore</city>
        <state>Maryland</state>
        <zip>212052196</zip>
        <country>United States</country>
      </address>
    </facility>
  </location>
  <location>
    <facility>
      <name>Harvard (Massachusetts Gen Hosp)</name>
      <address>
        <city>Boston</city>
        <state>Massachusetts</state>
        <zip>02114</zip>
        <country>United States</country>
      </address>
    </facility>
  </location>
  <location>
    <facility>
      <name>Boston Med Ctr</name>
      <address>
        <city>Boston</city>
        <state>Massachusetts</state>
        <zip>02118</zip>
        <country>United States</country>
      </address>
    </facility>
  </location>
  <location>
    <facility>
      <name>Washington Univ</name>
      <address>
        <city>St Louis</city>
        <state>Missouri</state>
        <zip>63110</zip>
        <country>United States</country>
      </address>
    </facility>
  </location>
  <location>
    <facility>
      <name>North Central Bronx Hosp / Bronx Municipal Hosp</name>
      <address>
        <city>Bronx</city>
        <state>New York</state>
        <zip>10467</zip>
        <country>United States</country>
      </address>
    </facility>
  </location>
  <location>
    <facility>
      <name>Mount Sinai Med Ctr</name>
      <address>
        <city>New York</city>
        <state>New York</state>
        <zip>10029</zip>
        <country>United States</country>
      </address>
    </facility>
  </location>
  <location>
    <facility>
      <name>Univ of North Carolina School of Medicine</name>
      <address>
        <city>Chapel Hill</city>
        <state>North Carolina</state>
        <zip>275997215</zip>
        <country>United States</country>
      </address>
    </facility>
  </location>
  <location>
    <facility>
      <name>Ohio State Univ Hosp Clinic</name>
      <address>
        <city>Columbus</city>
        <state>Ohio</state>
        <zip>432101228</zip>
        <country>United States</country>
      </address>
    </facility>
  </location>
  <location>
    <facility>
      <name>Girard Med Ctr</name>
      <address>
        <city>Philadelphia</city>
        <state>Pennsylvania</state>
        <zip>191046073</zip>
        <country>United States</country>
      </address>
    </facility>
  </location>
  <location>
    <facility>
      <name>Univ TX Galveston Med Branch</name>
      <address>
        <city>Galveston</city>
        <state>Texas</state>
        <zip>775550882</zip>
        <country>United States</country>
      </address>
    </facility>
  </location>
  <location>
    <facility>
      <name>Univ of Washington / Madison Clinic</name>
      <address>
        <city>Seattle</city>
        <state>Washington</state>
        <zip>98122</zip>
        <country>United States</country>
      </address>
    </facility>
  </location>
  <location>
    <facility>
      <name>Saint Vincent's Hosp Med Centre</name>
      <address>
        <city>Sydney</city>
        <country>Australia</country>
      </address>
    </facility>
  </location>
  <location>
    <facility>
      <name>Southern Alberta HIV Clinic / Foothills Hosp</name>
      <address>
        <city>Calgary</city>
        <state>Alberta</state>
        <country>Canada</country>
      </address>
    </facility>
  </location>
  <location>
    <facility>
      <name>Sunnybrook Health Science Ctr</name>
      <address>
        <city>Toronto</city>
        <state>Ontario</state>
        <country>Canada</country>
      </address>
    </facility>
  </location>
  <location>
    <facility>
      <name>Toronto Hosp</name>
      <address>
        <city>Toronto</city>
        <state>Ontario</state>
        <country>Canada</country>
      </address>
    </facility>
  </location>
  <location>
    <facility>
      <name>Montreal Chest Institute</name>
      <address>
        <city>Montreal</city>
        <state>Quebec</state>
        <country>Canada</country>
      </address>
    </facility>
  </location>
  <location>
    <facility>
      <name>Montreal Gen Hosp</name>
      <address>
        <city>Montreal</city>
        <state>Quebec</state>
        <country>Canada</country>
      </address>
    </facility>
  </location>
  <location>
    <facility>
      <name>Hvidovre Univ Hosp</name>
      <address>
        <city>Hvidore</city>
        <country>Denmark</country>
      </address>
    </facility>
  </location>
  <location>
    <facility>
      <name>Services des Maladies Infectieuses</name>
      <address>
        <city>Paris Cedex 12</city>
        <country>France</country>
      </address>
    </facility>
  </location>
  <location>
    <facility>
      <name>Universitatsklinikum Rudolf Virchow</name>
      <address>
        <city>Berlin</city>
        <country>Germany</country>
      </address>
    </facility>
  </location>
  <location>
    <facility>
      <name>Universita Cattolica del Sacro Cuore</name>
      <address>
        <city>Rome</city>
        <country>Italy</country>
      </address>
    </facility>
  </location>
  <location>
    <facility>
      <name>South Hosp</name>
      <address>
        <city>Stockholm</city>
        <country>Sweden</country>
      </address>
    </facility>
  </location>
  <location>
    <facility>
      <name>Medizinische Universibatspoliklinik Infekbiologie</name>
      <address>
        <city>Bern</city>
        <country>Switzerland</country>
      </address>
    </facility>
  </location>
  <location>
    <facility>
      <name>Royal Free Hosp</name>
      <address>
        <city>London</city>
        <country>United Kingdom</country>
      </address>
    </facility>
  </location>
  <location>
    <facility>
      <name>Westminster Hosp</name>
      <address>
        <city>London</city>
        <country>United Kingdom</country>
      </address>
    </facility>
  </location>
  <location_countries>
    <country>Australia</country>
    <country>Canada</country>
    <country>Denmark</country>
    <country>France</country>
    <country>Germany</country>
    <country>Italy</country>
    <country>Sweden</country>
    <country>Switzerland</country>
    <country>United Kingdom</country>
    <country>United States</country>
  </location_countries>
  <reference>
    <citation>Feinberg JE, Hurwitz S, Cooper D, Sattler FR, MacGregor RR, Powderly W, Holland GN, Griffiths PD, Pollard RB, Youle M, Gill MJ, Holland FJ, Power ME, Owens S, Coakley D, Fry J, Jacobson MA. A randomized, double-blind trial of valaciclovir prophylaxis for cytomegalovirus disease in patients with advanced human immunodeficiency virus infection. AIDS Clinical Trials Group Protocol 204/Glaxo Wellcome 123-014 International CMV Prophylaxis Study Group. J Infect Dis. 1998 Jan;177(1):48-56.</citation>
    <PMID>9419169</PMID>
  </reference>
  <reference>
    <citation>Fry J, Coakley D, Power M, Feinberg J. International collaborative clinical trials: the ACTG 204 experience. Int Conf AIDS. 1996 Jul 7-12;11(2):276 (abstract no ThB4146)</citation>
  </reference>
  <reference>
    <citation>Griffiths PD, Feinberg J. Detection of cytomegalovirus in samples from patients enrolled in ACTG 204 / Glaxo Wellcome 123-014. Conf Retroviruses Opportunistic Infect. 1996 Jan 28-Feb 1;3rd:54</citation>
  </reference>
  <reference>
    <citation>Brosgart C, Fisher E, Pulling C, Chaloner K, Cohn D, Elsadr W, Verheggen R, Schmetter B, Alston B. Prevalence of asymptomatic CMV retinitis (CMVR) in AIDS patients. Conf Retroviruses Opportunistic Infect. 1999 Jan 31-Feb 4;6th:152 (abstract no 453)</citation>
  </reference>
  <reference>
    <citation>Fisher E, Brosgart C, Cohn D, Chaloner K, Pulling C, Alston B, Schmetter B, El-Sadr W. Placebo (PLC)-controlled, multicenter trial of adefovir dipivoxil (ADV) in patients (pt) with HIV disease. . Conf Retroviruses Opportunistic Infect. 1999 Jan 31-Feb 4;6th:160 (abstract no 491)</citation>
  </reference>
  <reference>
    <citation>Feinberg JE, Bell WR, Chulay JD. A thrombotic microangiopathy (TMA)-like syndrome in patients with advanced HIV disease in a cytomegalovirus (CMV) prophylaxis trial (ACTG 204). Conf Retroviruses Opportunistic Infect. 1997 Jan 22-26;4th:196 (abstract no 715)</citation>
  </reference>
  <reference>
    <citation>Sprenger HG, Law G, Pastoor G, Postma S, Schirm J, Weits J, The TH. Cytomegalovirus antigenemia (CMVAg) compared with other CMV tests during phase III study of valaciclovir (VACV) for CMV prophylaxis in advanced HIV disease (ACTG 204 study). Int Conf AIDS. 1996 Jul 7-12;11(2):285 (abstract no ThB4200)</citation>
  </reference>
  <reference>
    <citation>Bell WR, Chulay JD, Feinberg JE. Manifestations resembling thrombotic microangiopathy in patients with advanced human immunodeficiency virus (HIV) disease in a cytomegalovirus prophylaxis trial (ACTG 204). Medicine (Baltimore). 1997 Sep;76(5):369-80.</citation>
    <PMID>9352739</PMID>
  </reference>
  <reference>
    <citation>Emery V, Sabin C, Feinberg J, Grywacz M, Knight S, Griffiths P. Quantitative effects of valaciclovir on the replication of cytomegalovirus in patients with advanced HIV disease. Conf Retroviruses Opportunistic Infect. 1999 Jan 31-Feb 4;6th:153 (abstract no 459)</citation>
  </reference>
  <reference>
    <citation>Weinberg A, Schneider SA, Clark JC. Acyclovir (ACV) and valacyclovir (VAL) prophylaxis of AIDS patients does not alter cytomegalovirus (CMV) susceptibility to ganciclovir (GCV) or foscarnet (FOS). Program Abstr Intersci Conf Antimicrob Agents Chemother. 1996 Sep 15-18:202 (abstract no I87)</citation>
  </reference>
  <reference>
    <citation>Nokta MA, Holland F, De Gruttola V, Emery VC, Jacobson MA, Griffiths P, Pollard RB, Feinberg JE; AIDS Clinical Trials Group, Protocol 204/GlaxoWellcome 123-014, International CMV Prophylaxis Study Group. Cytomegalovirus (CMV) polymerase chain reaction profiles in individuals with advanced human immunodeficiency virus infection: relationship to CMV disease. J Infect Dis. 2002 Jun 15;185(12):1717-22. Epub 2002 May 31.</citation>
    <PMID>12085316</PMID>
  </reference>
  <verification_date>February 2011</verification_date>
  <study_first_submitted>November 2, 1999</study_first_submitted>
  <study_first_submitted_qc>August 30, 2001</study_first_submitted_qc>
  <study_first_posted type="Estimate">August 31, 2001</study_first_posted>
  <last_update_submitted>February 28, 2011</last_update_submitted>
  <last_update_submitted_qc>February 28, 2011</last_update_submitted_qc>
  <last_update_posted type="Estimate">March 1, 2011</last_update_posted>
  <keyword>Cytomegalovirus Infections</keyword>
  <keyword>Acquired Immunodeficiency Syndrome</keyword>
  <keyword>Antiviral Agents</keyword>
  <condition_browse>
    <!-- CAUTION:  The following MeSH terms are assigned with an imperfect algorithm            -->
    <mesh_term>Infection</mesh_term>
    <mesh_term>Communicable Diseases</mesh_term>
    <mesh_term>HIV Infections</mesh_term>
    <mesh_term>Acquired Immunodeficiency Syndrome</mesh_term>
    <mesh_term>Cytomegalovirus Infections</mesh_term>
  </condition_browse>
  <intervention_browse>
    <!-- CAUTION:  The following MeSH terms are assigned with an imperfect algorithm            -->
    <mesh_term>Valacyclovir</mesh_term>
    <mesh_term>Acyclovir</mesh_term>
  </intervention_browse>
  <!-- Results have not yet been posted for this study                                          -->
</clinical_study>

