<clinical_study>
  <!-- This xml conforms to an XML Schema at:
    https://clinicaltrials.gov/ct2/html/images/info/public.xsd -->
  <required_header>
    <download_date>ClinicalTrials.gov processed this data on July 31, 2020</download_date>
    <link_text>Link to the current ClinicalTrials.gov record.</link_text>
    <url>https://clinicaltrials.gov/show/NCT00002099</url>
  </required_header>
  <id_info>
    <org_study_id>126B</org_study_id>
    <secondary_id>92-11-9</secondary_id>
    <nct_id>NCT00002099</nct_id>
  </id_info>
  <brief_title>Phase II/III Study of the Tolerance and Efficacy of Combined Use of Didanosine (2',3'-Dideoxyinosine; ddI) and Lentinan in HIV-Positive Patients</brief_title>
  <official_title>Phase II/III Study of the Tolerance and Efficacy of Combined Use of Didanosine (2',3'-Dideoxyinosine; ddI) and Lentinan in HIV-Positive Patients</official_title>
  <sponsors>
    <lead_sponsor>
      <agency>AJI Pharma USA</agency>
      <agency_class>Industry</agency_class>
    </lead_sponsor>
  </sponsors>
  <source>NIH AIDS Clinical Trials Information Service</source>
  <brief_summary>
    <textblock>
      To determine the tolerance and side effects of a combination of lentinan and didanosine (ddI)
      in comparison with ddI alone. To determine whether the combination of lentinan and ddI
      produces a significant immunorestorative effect within the study observation period (6-12
      months) as measured by an increase in one or more of the following: neutrophil count and
      activity, T-cell subsets, and a decrease in p24 antigen.
    </textblock>
  </brief_summary>
  <detailed_description>
    <textblock>
      Patients are treated with daily oral ddI for 6 weeks, then are randomized to ddI in
      combination with intravenous lentinan or placebo (administered once weekly) for 26 weeks.
      Patients who are already stabilized on 400 mg/day ddI will proceed directly to randomization.
      Following completion of the combination therapy, patients may be offered 26 additional weeks
      of therapy on an optional basis.
    </textblock>
  </detailed_description>
  <overall_status>Unknown status</overall_status>
  <last_known_status>Active, not recruiting</last_known_status>
  <phase>Phase 2</phase>
  <study_type>Interventional</study_type>
  <has_expanded_access>No</has_expanded_access>
  <study_design_info>
    <intervention_model>Parallel Assignment</intervention_model>
    <primary_purpose>Treatment</primary_purpose>
  </study_design_info>
  <condition>HIV Infections</condition>
  <intervention>
    <intervention_type>Drug</intervention_type>
    <intervention_name>Lentinan</intervention_name>
  </intervention>
  <intervention>
    <intervention_type>Drug</intervention_type>
    <intervention_name>Didanosine</intervention_name>
  </intervention>
  <eligibility>
    <criteria>
      <textblock>
        Inclusion Criteria

        Patients must have:

          -  HIV seropositivity.

          -  Absolute CD4 count of 200 - 500 cells/mm3.

          -  No active opportunistic infection or Kaposi's sarcoma.

        Prior Medication:

        Allowed:

          -  Prior ddI for no longer than 3 months.

        Exclusion Criteria

        Co-existing Condition:

        Patients with the following symptoms or conditions are excluded:

          -  Lymphoid malignancy.

          -  Pancreatitis.

          -  Peripheral neuropathy.

          -  Critical illness.

        Concurrent Medication:

        Excluded:

          -  Antiretroviral agents other than ddI.

          -  Steroids.

          -  Cytotoxic agents.

          -  Immunosuppressive agents.

          -  Immunomodulators.

          -  1-Thyroxine.

        Concurrent Treatment:

        Excluded:

          -  Radiotherapy.

        Prior Medication:

        Excluded within 1 month prior to study entry:

          -  Antiretroviral agents other than ddI (patients may have received prior ddI for no
             longer than 3 months total).

          -  Steroids.

          -  Cytotoxic agents.

          -  Immunosuppressive agents.

          -  Immunomodulators.

        Prior Treatment:

        Excluded:

          -  Radiotherapy within 1 month prior to study entry. Active IV drug abuse.
      </textblock>
    </criteria>
    <gender>All</gender>
    <minimum_age>18 Years</minimum_age>
    <maximum_age>60 Years</maximum_age>
    <healthy_volunteers>No</healthy_volunteers>
  </eligibility>
  <overall_official>
    <last_name>Pearce D</last_name>
    <role>Study Chair</role>
  </overall_official>
  <location>
    <facility>
      <name>HIV Research Group</name>
      <address>
        <city>San Diego</city>
        <state>California</state>
        <zip>92102</zip>
        <country>United States</country>
      </address>
    </facility>
  </location>
  <location_countries>
    <country>United States</country>
  </location_countries>
  <verification_date>July 1994</verification_date>
  <study_first_submitted>November 2, 1999</study_first_submitted>
  <study_first_submitted_qc>August 30, 2001</study_first_submitted_qc>
  <study_first_posted type="Estimate">August 31, 2001</study_first_posted>
  <last_update_submitted>June 23, 2005</last_update_submitted>
  <last_update_submitted_qc>June 23, 2005</last_update_submitted_qc>
  <last_update_posted type="Estimate">June 24, 2005</last_update_posted>
  <keyword>Didanosine</keyword>
  <keyword>Drug Therapy, Combination</keyword>
  <keyword>Acquired Immunodeficiency Syndrome</keyword>
  <keyword>AIDS-Related Complex</keyword>
  <keyword>Lentinan</keyword>
  <condition_browse>
    <!-- CAUTION:  The following MeSH terms are assigned with an imperfect algorithm            -->
    <mesh_term>HIV Infections</mesh_term>
    <mesh_term>HIV Seropositivity</mesh_term>
  </condition_browse>
  <intervention_browse>
    <!-- CAUTION:  The following MeSH terms are assigned with an imperfect algorithm            -->
    <mesh_term>Didanosine</mesh_term>
    <mesh_term>Lentinan</mesh_term>
  </intervention_browse>
  <!-- Results have not yet been posted for this study                                          -->
</clinical_study>

