<clinical_study>
  <!-- This xml conforms to an XML Schema at:
    https://clinicaltrials.gov/ct2/html/images/info/public.xsd -->
  <required_header>
    <download_date>ClinicalTrials.gov processed this data on July 31, 2020</download_date>
    <link_text>Link to the current ClinicalTrials.gov record.</link_text>
    <url>https://clinicaltrials.gov/show/NCT00003251</url>
  </required_header>
  <id_info>
    <org_study_id>CDR0000066133</org_study_id>
    <secondary_id>UIC-H-97-783</secondary_id>
    <secondary_id>ALZA-UIC-H-97-783</secondary_id>
    <secondary_id>NCI-V98-1389</secondary_id>
    <nct_id>NCT00003251</nct_id>
  </id_info>
  <brief_title>Amifostine Plus Chemotherapy and Radiation Therapy in Treating Patients With Advanced, Unresectable Head and Neck Cancer</brief_title>
  <official_title>A Pilot Study of Amifostine and Concomitant Cisplatin, Paclitaxel and Radiotherapy in Previously Irradiated, Recurrent Head and Neck Cancer</official_title>
  <sponsors>
    <lead_sponsor>
      <agency>University of Illinois at Chicago</agency>
      <agency_class>Other</agency_class>
    </lead_sponsor>
  </sponsors>
  <source>National Cancer Institute (NCI)</source>
  <brief_summary>
    <textblock>
      RATIONALE: Drugs used in chemotherapy use different ways to stop tumor cells from dividing so
      they stop growing or die. Radiation therapy uses x-rays to damage tumor cells. Drugs, such as
      amifostine, may protect normal cells from the side effects of chemotherapy and radiation
      therapy.

      PURPOSE: Phase I/II trial to study the effectiveness of amifostine plus cisplatin,
      paclitaxel, and radiation therapy in treating patients who have advanced unresectable head
      and neck cancer.
    </textblock>
  </brief_summary>
  <detailed_description>
    <textblock>
      OBJECTIVES: I. Assess the efficacy and role of amifostine as a cytoprotection agent with
      concurrent chemoradiotherapy in advanced, previously irradiated or metastatic head and neck
      cancer. II. Determine the toxicity and response to cisplatin, paclitaxel and radiation
      therapy in these patients. III. Determine the toxicity of amifostine in these patients.

      OUTLINE: This is an open label study. Patients receive paclitaxel by continuous infusion on
      days 0-3. Amifostine IV is administered over 5 minutes on days 1-5. Radiation therapy is
      administered once daily on days 1-5. Cisplatin IV is administered on day 5. Patients receive
      no treatment on days 6-13. Treatment is repeated every 2 weeks for up to 7 courses in the
      absence of disease progression and unacceptable toxicity. Patients are followed monthly
      during the first year, every 2 months during the second year, then every 3 months thereafter.

      PROJECTED ACCRUAL: This study will accrue 16-46 patients.
    </textblock>
  </detailed_description>
  <overall_status>Unknown status</overall_status>
  <last_known_status>Active, not recruiting</last_known_status>
  <start_date>December 1997</start_date>
  <phase>Phase 1/Phase 2</phase>
  <study_type>Interventional</study_type>
  <has_expanded_access>No</has_expanded_access>
  <study_design_info>
    <primary_purpose>Supportive Care</primary_purpose>
  </study_design_info>
  <enrollment type="Anticipated">46</enrollment>
  <condition>Drug/Agent Toxicity by Tissue/Organ</condition>
  <condition>Head and Neck Cancer</condition>
  <condition>Radiation Toxicity</condition>
  <intervention>
    <intervention_type>Drug</intervention_type>
    <intervention_name>amifostine trihydrate</intervention_name>
  </intervention>
  <intervention>
    <intervention_type>Drug</intervention_type>
    <intervention_name>cisplatin</intervention_name>
  </intervention>
  <intervention>
    <intervention_type>Drug</intervention_type>
    <intervention_name>paclitaxel</intervention_name>
  </intervention>
  <intervention>
    <intervention_type>Radiation</intervention_type>
    <intervention_name>radiation therapy</intervention_name>
  </intervention>
  <eligibility>
    <criteria>
      <textblock>
        DISEASE CHARACTERISTICS: Histologically or cytologically documented metastatic or
        previously irradiated recurrent locoregional squamous cell or mucoepidermoid carcinoma of
        the head and neck Unresectable disease

        PATIENT CHARACTERISTICS: Age: 18 and over Performance status: ECOG 0-2 OR Karnofsky 70-100%
        Life expectancy: Greater than 4 months Hematopoietic: WBC at least 3000/mm3 Platelet count
        at least 100,000/mm3 Granulocyte count at least 1500/mm3 Hepatic: Bilirubin no greater than
        2.5 times normal SGOT and SGPT no greater than 2.5 times upper limit of normal Renal:
        Creatinine no greater than 1.5 mg/dL Creatinine clearance at least 60 mL/min Other: No
        other significant infection No other medical or psychiatric illness Not pregnant or nursing
        Fertile patients must use effective contraception

        PRIOR CONCURRENT THERAPY: Biologic therapy: Not specified Chemotherapy: At least 1 month
        since prior chemotherapy Endocrine therapy: Not specified Radiotherapy: At least 3 months
        since prior radiotherapy (patients with recurrent disease) to head and neck region Surgery:
        Not speciified Other: At least 24 hours since antihypertensive medication
      </textblock>
    </criteria>
    <gender>All</gender>
    <minimum_age>18 Years</minimum_age>
    <maximum_age>N/A</maximum_age>
    <healthy_volunteers>No</healthy_volunteers>
  </eligibility>
  <overall_official>
    <last_name>Fred R. Rosen, MD</last_name>
    <role>Study Chair</role>
    <affiliation>University of Illinois at Chicago</affiliation>
  </overall_official>
  <location>
    <facility>
      <name>University of Illinois at Chicago Health Sciences Center</name>
      <address>
        <city>Chicago</city>
        <state>Illinois</state>
        <zip>60612</zip>
        <country>United States</country>
      </address>
    </facility>
  </location>
  <location_countries>
    <country>United States</country>
  </location_countries>
  <verification_date>June 2000</verification_date>
  <study_first_submitted>November 1, 1999</study_first_submitted>
  <study_first_submitted_qc>August 12, 2004</study_first_submitted_qc>
  <study_first_posted type="Estimate">August 13, 2004</study_first_posted>
  <last_update_submitted>December 3, 2013</last_update_submitted>
  <last_update_submitted_qc>December 3, 2013</last_update_submitted_qc>
  <last_update_posted type="Estimate">December 4, 2013</last_update_posted>
  <keyword>stage III nasopharyngeal cancer</keyword>
  <keyword>stage IV nasopharyngeal cancer</keyword>
  <keyword>recurrent nasopharyngeal cancer</keyword>
  <keyword>stage III salivary gland cancer</keyword>
  <keyword>stage IV salivary gland cancer</keyword>
  <keyword>recurrent salivary gland cancer</keyword>
  <keyword>salivary gland squamous cell carcinoma</keyword>
  <keyword>high-grade salivary gland mucoepidermoid carcinoma</keyword>
  <keyword>stage III lip and oral cavity cancer</keyword>
  <keyword>stage IV lip and oral cavity cancer</keyword>
  <keyword>recurrent lip and oral cavity cancer</keyword>
  <keyword>stage III hypopharyngeal cancer</keyword>
  <keyword>stage IV hypopharyngeal cancer</keyword>
  <keyword>recurrent hypopharyngeal cancer</keyword>
  <keyword>stage III laryngeal cancer</keyword>
  <keyword>stage IV laryngeal cancer</keyword>
  <keyword>recurrent laryngeal cancer</keyword>
  <keyword>stage III paranasal sinus and nasal cavity cancer</keyword>
  <keyword>stage IV paranasal sinus and nasal cavity cancer</keyword>
  <keyword>recurrent paranasal sinus and nasal cavity cancer</keyword>
  <keyword>stage III oropharyngeal cancer</keyword>
  <keyword>stage IV oropharyngeal cancer</keyword>
  <keyword>recurrent oropharyngeal cancer</keyword>
  <keyword>stage III squamous cell carcinoma of the lip and oral cavity</keyword>
  <keyword>stage III mucoepidermoid carcinoma of the oral cavity</keyword>
  <keyword>stage IV squamous cell carcinoma of the lip and oral cavity</keyword>
  <keyword>stage IV mucoepidermoid carcinoma of the oral cavity</keyword>
  <keyword>recurrent squamous cell carcinoma of the lip and oral cavity</keyword>
  <keyword>recurrent mucoepidermoid carcinoma of the oral cavity</keyword>
  <keyword>stage III squamous cell carcinoma of the oropharynx</keyword>
  <keyword>stage IV squamous cell carcinoma of the oropharynx</keyword>
  <keyword>recurrent squamous cell carcinoma of the oropharynx</keyword>
  <keyword>stage III squamous cell carcinoma of the nasopharynx</keyword>
  <keyword>stage IV squamous cell carcinoma of the nasopharynx</keyword>
  <keyword>recurrent squamous cell carcinoma of the nasopharynx</keyword>
  <keyword>stage III squamous cell carcinoma of the hypopharynx</keyword>
  <keyword>stage IV squamous cell carcinoma of the hypopharynx</keyword>
  <keyword>recurrent squamous cell carcinoma of the hypopharynx</keyword>
  <keyword>stage III squamous cell carcinoma of the larynx</keyword>
  <keyword>stage IV squamous cell carcinoma of the larynx</keyword>
  <keyword>recurrent squamous cell carcinoma of the larynx</keyword>
  <keyword>stage III squamous cell carcinoma of the paranasal sinus and nasal cavity</keyword>
  <keyword>stage IV squamous cell carcinoma of the paranasal sinus and nasal cavity</keyword>
  <keyword>recurrent squamous cell carcinoma of the paranasal sinus and nasal cavity</keyword>
  <keyword>drug/agent toxicity by tissue/organ</keyword>
  <keyword>radiation toxicity</keyword>
  <condition_browse>
    <!-- CAUTION:  The following MeSH terms are assigned with an imperfect algorithm            -->
    <mesh_term>Head and Neck Neoplasms</mesh_term>
    <mesh_term>Drug-Related Side Effects and Adverse Reactions</mesh_term>
  </condition_browse>
  <intervention_browse>
    <!-- CAUTION:  The following MeSH terms are assigned with an imperfect algorithm            -->
    <mesh_term>Paclitaxel</mesh_term>
    <mesh_term>Amifostine</mesh_term>
  </intervention_browse>
  <!-- Results have not yet been posted for this study                                          -->
</clinical_study>

