<clinical_study>
  <!-- This xml conforms to an XML Schema at:
    https://clinicaltrials.gov/ct2/html/images/info/public.xsd -->
  <required_header>
    <download_date>ClinicalTrials.gov processed this data on July 31, 2020</download_date>
    <link_text>Link to the current ClinicalTrials.gov record.</link_text>
    <url>https://clinicaltrials.gov/show/NCT00000991</url>
  </required_header>
  <id_info>
    <org_study_id>ACTG 081</org_study_id>
    <secondary_id>11056</secondary_id>
    <nct_id>NCT00000991</nct_id>
  </id_info>
  <brief_title>A Study of Three Drugs Plus Zidovudine in the Prevention of Infections in HIV-Infected Patients</brief_title>
  <official_title>A Randomized Trial of Three Anti-Pneumocystis Agents Plus Zidovudine for the Primary Prevention of Serious Infections in Patients With Advanced HIV Infection</official_title>
  <sponsors>
    <lead_sponsor>
      <agency>National Institute of Allergy and Infectious Diseases (NIAID)</agency>
      <agency_class>NIH</agency_class>
    </lead_sponsor>
  </sponsors>
  <source>National Institute of Allergy and Infectious Diseases (NIAID)</source>
  <brief_summary>
    <textblock>
      To evaluate and compare 3 anti-pneumocystis regimens plus zidovudine (AZT) in persons with
      HIV infection and T4 cell count less than 200 cells/mm3. All persons completing at least 8
      weeks of therapy on 081 will be offered the opportunity to participate in the nested study
      (ACTG 981) of systemic antifungal therapy (fluconazole) versus local therapy (Clotrimazole)
      for the prevention of serious fungal disease.

      Persons with HIV disease who are receiving AZT are at risk for PCP, toxoplasmosis, bacterial
      pneumonia, and other serious infections. It is therefore important to find drugs that can be
      given along with AZT to control these infections. Aerosolized pentamidine (PEN) has been
      shown to be useful in preventing PCP and is expected to lower the 2-year risk of PCP. Both
      sulfamethoxazole/trimethoprim (SMX/TMP) and dapsone probably also provide effective
      preventive treatment against PCP, and both may be useful in preventing toxoplasmosis and
      extrapulmonary pneumocystosis.
    </textblock>
  </brief_summary>
  <detailed_description>
    <textblock>
      Persons with HIV disease who are receiving AZT are at risk for PCP, toxoplasmosis, bacterial
      pneumonia, and other serious infections. It is therefore important to find drugs that can be
      given along with AZT to control these infections. Aerosolized pentamidine (PEN) has been
      shown to be useful in preventing PCP and is expected to lower the 2-year risk of PCP. Both
      sulfamethoxazole/trimethoprim (SMX/TMP) and dapsone probably also provide effective
      preventive treatment against PCP, and both may be useful in preventing toxoplasmosis and
      extrapulmonary pneumocystosis.

      All patients receive AZT. In addition, they are placed in one of three groups to receive
      either SMX/TMP, dapsone, or PEN. Stratification criteria are:

      Received first AZT equal to or less than 6 weeks prior to study entry. Received first AZT
      more than 6 weeks prior to study entry. Potential to participate in ACTG 981. ACTG center in
      which the patient is enrolled.
    </textblock>
  </detailed_description>
  <overall_status>Completed</overall_status>
  <completion_date type="Actual">April 1994</completion_date>
  <phase>Phase 3</phase>
  <study_type>Interventional</study_type>
  <has_expanded_access>No</has_expanded_access>
  <study_design_info>
    <primary_purpose>Treatment</primary_purpose>
    <masking>None (Open Label)</masking>
  </study_design_info>
  <enrollment>600</enrollment>
  <condition>Pneumonia, Pneumocystis Carinii</condition>
  <condition>HIV Infections</condition>
  <intervention>
    <intervention_type>Drug</intervention_type>
    <intervention_name>Pentamidine isethionate</intervention_name>
  </intervention>
  <intervention>
    <intervention_type>Drug</intervention_type>
    <intervention_name>Sulfamethoxazole-Trimethoprim</intervention_name>
  </intervention>
  <intervention>
    <intervention_type>Drug</intervention_type>
    <intervention_name>Dapsone</intervention_name>
  </intervention>
  <intervention>
    <intervention_type>Drug</intervention_type>
    <intervention_name>Zidovudine</intervention_name>
  </intervention>
  <eligibility>
    <criteria>
      <textblock>
        Inclusion Criteria

        Concurrent Medication:

        Allowed:

          -  Antifolate medication required to treat an intercurrent infection.

          -  Treatment of intercurrent infections or malignancies.

          -  Fluconazole.

          -  Itraconazole.

          -  Standard or investigational therapy for pneumocystosis (PCP) or toxoplasmosis.

          -  Only the forms of primary prophylaxis for PCP or toxoplasmosis assigned to the
             participant under the protocol. Patients who develop intolerance to all forms of
             prophylaxis assigned in this protocol or who develop PCP or toxoplasmosis may receive
             alternate or investigation forms of prophylaxis with or without zidovudine but must
             continue to be followed under this protocol.

          -  Discouraged but allowed: AL-721.

          -  Chronic acyclovir.

          -  Ketoconazole.

          -  Amphotericin B.

          -  Corticosteroids at greater than physiologic replacement doses are strongly
             discouraged.

          -  They should be used as briefly as possible and only for definite specific indications.

        Patient must conform to the following:

          -  Receiving or candidates for zidovudine therapy at least 500 mg/day under current
             labeled indications with no history of pneumocystosis (PCP) or toxoplasmosis.

          -  Evidence of HIV infection documented by HIV antibody tests.

          -  T4 cell count less than 200 cells/mm3 at any time prior to study entry.

          -  Willing to sign informed consent.

          -  Willing to be followed by a participating ACTG center for duration of the study.

          -  Allowed: Concurrent enrollment in long-term follow-up studies in previously blinded
             trials of AZT (ACTG 016 and 019).

        Exclusion Criteria

        Co-existing Condition:

        Patients with the following conditions are excluded:

          -  History of documented or presumed pneumocystosis (PCP) or toxoplasmosis.

          -  Active bacterial or mycobacterial infection.

          -  History of type I hypersensitivity, exfoliative rash, or rash with mucosal
             involvement, severe bronchospasm, or other life-threatening reaction to any of the
             study drugs or to other sulfas, sulfones, or pentamidine.

          -  History of intolerance causing dose interruption while receiving zidovudine at equal
             to or less than 600 mg/day or causing dose reduction to less than 500 mg/day within 4
             weeks prior to entry.

          -  Advanced Kaposi's sarcoma or other malignancy not specifically allowed that has been
             rapidly progressive during the month prior to enrollment or which may be expected to
             require chemotherapy within 90 days of study entry.

        Concurrent Medication:

        Excluded:

          -  Active primary treatment for an infection or malignancy.

          -  Other form of antifolate medication not specifically allowed.

          -  Other antiretroviral or biologic response modifier.

          -  Ganciclovir, if it causes intolerance to AZT equal to or more than 500 mg/day.

          -  Foscarnet.

        Patients with the following are excluded:

          -  Symptoms and conditions defined in Exclusion Coexisting Conditions.

          -  Glucose 6-phosphate dehydrogenase deficiency (GPD).

          -  History of pneumocystosis (PCP) or toxoplasmosis.

          -  History of type I hypersensitivity, exfoliative rash, or rash with mucosal
             involvement, severe bronchospasm, or other life-threatening reaction to any of the
             study drugs or to other sulfas, sulfones, or pentamidine.

          -  History of intolerance causing dose interruption while receiving zidovudine at equal
             to or less than 500 mg/day with 4 weeks pior to study entry.

        Prior Medication:

        Excluded within 4 weeks of study entry:

          -  Any other form of pneumocystosis (PCP) chemoprophylaxis.

          -  Active substance abuse, including alcohol.
      </textblock>
    </criteria>
    <gender>All</gender>
    <minimum_age>13 Years</minimum_age>
    <maximum_age>N/A</maximum_age>
    <healthy_volunteers>No</healthy_volunteers>
  </eligibility>
  <overall_official>
    <last_name>S Bozzette</last_name>
    <role>Study Chair</role>
  </overall_official>
  <overall_official>
    <last_name>S Spector</last_name>
    <role>Study Chair</role>
  </overall_official>
  <location>
    <facility>
      <name>USC CRS</name>
      <address>
        <city>Los Angeles</city>
        <state>California</state>
        <zip>90033</zip>
        <country>United States</country>
      </address>
    </facility>
  </location>
  <location>
    <facility>
      <name>Children's Hosp. &amp; Research Ctr. Oakland, Ped. Clinical Research Ctr. &amp; Research Lab.</name>
      <address>
        <city>Oakland</city>
        <state>California</state>
        <zip>94609</zip>
        <country>United States</country>
      </address>
    </facility>
  </location>
  <location>
    <facility>
      <name>Ucsd, Avrc Crs</name>
      <address>
        <city>San Diego</city>
        <state>California</state>
        <zip>92103</zip>
        <country>United States</country>
      </address>
    </facility>
  </location>
  <location>
    <facility>
      <name>Univ. of Miami AIDS CRS</name>
      <address>
        <city>Miami</city>
        <state>Florida</state>
        <zip>33136</zip>
        <country>United States</country>
      </address>
    </facility>
  </location>
  <location>
    <facility>
      <name>Chicago Children's CRS</name>
      <address>
        <city>Chicago</city>
        <state>Illinois</state>
        <zip>60614</zip>
        <country>United States</country>
      </address>
    </facility>
  </location>
  <location>
    <facility>
      <name>Indiana Univ. School of Medicine, Infectious Disease Research Clinic</name>
      <address>
        <city>Indianapolis</city>
        <state>Indiana</state>
        <zip>46202</zip>
        <country>United States</country>
      </address>
    </facility>
  </location>
  <location>
    <facility>
      <name>Johns Hopkins Adult AIDS CRS</name>
      <address>
        <city>Baltimore</city>
        <state>Maryland</state>
        <zip>21287</zip>
        <country>United States</country>
      </address>
    </facility>
  </location>
  <location>
    <facility>
      <name>Massachusetts General Hospital ACTG CRS</name>
      <address>
        <city>Boston</city>
        <state>Massachusetts</state>
        <zip>02114</zip>
        <country>United States</country>
      </address>
    </facility>
  </location>
  <location>
    <facility>
      <name>Beth Israel Deaconess - East Campus A0102 CRS</name>
      <address>
        <city>Boston</city>
        <state>Massachusetts</state>
        <zip>02215</zip>
        <country>United States</country>
      </address>
    </facility>
  </location>
  <location>
    <facility>
      <name>Beth Israel Deaconess Med. Ctr., ACTG CRS</name>
      <address>
        <city>Boston</city>
        <state>Massachusetts</state>
        <zip>02215</zip>
        <country>United States</country>
      </address>
    </facility>
  </location>
  <location>
    <facility>
      <name>University of Minnesota, ACTU</name>
      <address>
        <city>Minneapolis</city>
        <state>Minnesota</state>
        <zip>55455</zip>
        <country>United States</country>
      </address>
    </facility>
  </location>
  <location>
    <facility>
      <name>Washington U CRS</name>
      <address>
        <city>St. Louis</city>
        <state>Missouri</state>
        <country>United States</country>
      </address>
    </facility>
  </location>
  <location>
    <facility>
      <name>SUNY - Buffalo, Erie County Medical Ctr.</name>
      <address>
        <city>Buffalo</city>
        <state>New York</state>
        <zip>14215</zip>
        <country>United States</country>
      </address>
    </facility>
  </location>
  <location>
    <facility>
      <name>Univ. of Rochester ACTG CRS</name>
      <address>
        <city>Rochester</city>
        <state>New York</state>
        <country>United States</country>
      </address>
    </facility>
  </location>
  <location>
    <facility>
      <name>Unc Aids Crs</name>
      <address>
        <city>Chapel Hill</city>
        <state>North Carolina</state>
        <country>United States</country>
      </address>
    </facility>
  </location>
  <location>
    <facility>
      <name>Duke Univ. Med. Ctr. Adult CRS</name>
      <address>
        <city>Durham</city>
        <state>North Carolina</state>
        <country>United States</country>
      </address>
    </facility>
  </location>
  <location>
    <facility>
      <name>Case CRS</name>
      <address>
        <city>Cleveland</city>
        <state>Ohio</state>
        <zip>44106</zip>
        <country>United States</country>
      </address>
    </facility>
  </location>
  <location>
    <facility>
      <name>The Ohio State Univ. AIDS CRS</name>
      <address>
        <city>Columbus</city>
        <state>Ohio</state>
        <zip>43210</zip>
        <country>United States</country>
      </address>
    </facility>
  </location>
  <location>
    <facility>
      <name>Pitt CRS</name>
      <address>
        <city>Pittsburgh</city>
        <state>Pennsylvania</state>
        <country>United States</country>
      </address>
    </facility>
  </location>
  <location>
    <facility>
      <name>University of Washington AIDS CRS</name>
      <address>
        <city>Seattle</city>
        <state>Washington</state>
        <zip>98105</zip>
        <country>United States</country>
      </address>
    </facility>
  </location>
  <location>
    <facility>
      <name>Mbeya Med. Research Program, Mbeya Referral Hosp. CRS</name>
      <address>
        <city>Mbeya</city>
        <country>Tanzania</country>
      </address>
    </facility>
  </location>
  <location_countries>
    <country>Tanzania</country>
    <country>United States</country>
  </location_countries>
  <reference>
    <citation>Bozzette SA, Hays RD, Berry SH, Kanouse DE. A Perceived Health Index for use in persons with advanced HIV disease: derivation, reliability, and validity. Med Care. 1994 Jul;32(7):716-31.</citation>
    <PMID>8028406</PMID>
  </reference>
  <reference>
    <citation>Bozzette SA, Finkelstein DM, Spector SA, Frame P, Powderly WG, He W, Phillips L, Craven D, van der Horst C, Feinberg J. A randomized trial of three antipneumocystis agents in patients with advanced human immunodeficiency virus infection. NIAID AIDS Clinical Trials Group. N Engl J Med. 1995 Mar 16;332(11):693-9.</citation>
    <PMID>7854375</PMID>
  </reference>
  <reference>
    <citation>Glick ME. CTG studies yield results. AIDS Clinical Trials Group. NIAID AIDS Agenda. 1995 Spring:8-9.</citation>
    <PMID>11362451</PMID>
  </reference>
  <reference>
    <citation>Justice AC, Rabeneck L, Hays RD, Wu AW, Bozzette SA. Sensitivity, specificity, reliability, and clinical validity of provider-reported symptoms: a comparison with self-reported symptoms. Outcomes Committee of the AIDS Clinical Trials Group. J Acquir Immune Defic Syndr. 1999 Jun 1;21(2):126-33.</citation>
    <PMID>10360804</PMID>
  </reference>
  <reference>
    <citation>Justice AC, Holmes W, Gifford AL, Rabeneck L, Zackin R, Sinclair G, Weissman S, Neidig J, Marcus C, Chesney M, Cohn SE, Wu AW; Adult AIDS Clinical Trials Unit Outcomes Committee. Development and validation of a self-completed HIV symptom index. J Clin Epidemiol. 2001 Dec;54 Suppl 1:S77-90.</citation>
    <PMID>11750213</PMID>
  </reference>
  <reference>
    <citation>Ioannidis JP, Dixon DO, McIntosh M, Albert JM, Bozzette SA, Schnittman SM. Relationship between event rates and treatment effects in clinical site differences within multicenter trials: an example from primary Pneumocystis carinii prophylaxis. Control Clin Trials. 1999 Jun;20(3):253-66.</citation>
    <PMID>10357498</PMID>
  </reference>
  <reference>
    <citation>DiRienzo AG, van Der Horst C, Finkelstein DM, Frame P, Bozzette SA, Tashima KT. Efficacy of trimethoprim-sulfamethoxazole for the prevention of bacterial infections in a randomized prophylaxis trial of patients with advanced HIV infection. AIDS Res Hum Retroviruses. 2002 Jan 20;18(2):89-94.</citation>
    <PMID>11839141</PMID>
  </reference>
  <verification_date>March 2012</verification_date>
  <study_first_submitted>November 2, 1999</study_first_submitted>
  <study_first_submitted_qc>August 30, 2001</study_first_submitted_qc>
  <study_first_posted type="Estimate">August 31, 2001</study_first_posted>
  <last_update_submitted>March 28, 2012</last_update_submitted>
  <last_update_submitted_qc>March 28, 2012</last_update_submitted_qc>
  <last_update_posted type="Estimate">March 29, 2012</last_update_posted>
  <responsible_party>
    <responsible_party_type>Sponsor</responsible_party_type>
  </responsible_party>
  <keyword>Trimethoprim-Sulfamethoxazole Combination</keyword>
  <keyword>Toxoplasmosis</keyword>
  <keyword>AIDS-Related Opportunistic Infections</keyword>
  <keyword>Pneumonia, Pneumocystis carinii</keyword>
  <keyword>Pentamidine</keyword>
  <keyword>Dapsone</keyword>
  <keyword>Drug Evaluation</keyword>
  <keyword>Drug Therapy, Combination</keyword>
  <keyword>Acquired Immunodeficiency Syndrome</keyword>
  <keyword>Zidovudine</keyword>
  <keyword>Sulfamethoxazole-Trimethoprim</keyword>
  <condition_browse>
    <!-- CAUTION:  The following MeSH terms are assigned with an imperfect algorithm            -->
    <mesh_term>Infection</mesh_term>
    <mesh_term>Communicable Diseases</mesh_term>
    <mesh_term>Pneumonia, Pneumocystis</mesh_term>
    <mesh_term>HIV Infections</mesh_term>
    <mesh_term>Acquired Immunodeficiency Syndrome</mesh_term>
    <mesh_term>Pneumonia</mesh_term>
  </condition_browse>
  <intervention_browse>
    <!-- CAUTION:  The following MeSH terms are assigned with an imperfect algorithm            -->
    <mesh_term>Zidovudine</mesh_term>
    <mesh_term>Trimethoprim</mesh_term>
    <mesh_term>Sulfamethoxazole</mesh_term>
    <mesh_term>Dapsone</mesh_term>
    <mesh_term>Pentamidine</mesh_term>
    <mesh_term>Trimethoprim, Sulfamethoxazole Drug Combination</mesh_term>
  </intervention_browse>
  <!-- Results have not yet been posted for this study                                          -->
</clinical_study>

