<clinical_study>
  <!-- This xml conforms to an XML Schema at:
    https://clinicaltrials.gov/ct2/html/images/info/public.xsd -->
  <required_header>
    <download_date>ClinicalTrials.gov processed this data on July 31, 2020</download_date>
    <link_text>Link to the current ClinicalTrials.gov record.</link_text>
    <url>https://clinicaltrials.gov/show/NCT00000937</url>
  </required_header>
  <id_info>
    <org_study_id>DMID 96-182</org_study_id>
    <secondary_id>R01AI031561-04A1</secondary_id>
    <nct_id>NCT00000937</nct_id>
  </id_info>
  <brief_title>Study and Treatment of Post Lyme Disease (STOP-LD)</brief_title>
  <official_title>Study and Treatment of Post Lyme Disease (STOP-LD)</official_title>
  <sponsors>
    <lead_sponsor>
      <agency>National Institute of Allergy and Infectious Diseases (NIAID)</agency>
      <agency_class>NIH</agency_class>
    </lead_sponsor>
  </sponsors>
  <source>National Institute of Allergy and Infectious Diseases (NIAID)</source>
  <brief_summary>
    <textblock>
      The purpose of this study is to see how well antibiotics work in reducing chronic fatigue
      symptoms, such as tiredness, in patients that were treated for Lyme Disease. Fatigue is a
      common symptom of Lyme Disease. When fatigue does not improve after treatment, patients are
      considered to have Post Lyme Syndrome (PLS). The chronic fatigue seen in these patients
      appears to be related to the initial infection which causes Lyme Disease. It is believed, but
      not proven, that treatment with antibiotics may be effective in relieving chronic fatigue in
      PLS patients.
    </textblock>
  </brief_summary>
  <detailed_description>
    <textblock>
      You will be assigned randomly (like tossing a coin) to receive either antibiotics or a
      placebo (sugar pill). Neither you nor your doctor will know which you are receiving. You will
      learn to give yourself the injection, and you will remain on your study drug for 28 days. A
      home health care nurse will visit you twice a week to check the injection site, and at weeks
      1 and 3 the nurse will draw blood for laboratory tests. At months 1 and 6, you will be
      examined to see if you have fewer chronic fatigue symptoms after the antibiotics. This will
      include a fatigue questionnaire, a test of your mental processing speed, and a test of your
      cerebrospinal fluid.
    </textblock>
  </detailed_description>
  <overall_status>Completed</overall_status>
  <completion_date>November 2005</completion_date>
  <phase>Phase 3</phase>
  <study_type>Interventional</study_type>
  <has_expanded_access>No</has_expanded_access>
  <study_design_info>
    <allocation>Randomized</allocation>
    <intervention_model>Parallel Assignment</intervention_model>
    <primary_purpose>Treatment</primary_purpose>
    <masking>Double</masking>
  </study_design_info>
  <enrollment>55</enrollment>
  <condition>Lyme Disease</condition>
  <intervention>
    <intervention_type>Drug</intervention_type>
    <intervention_name>Antibiotics</intervention_name>
  </intervention>
  <eligibility>
    <criteria>
      <textblock>
        Inclusion Criteria:

        You may be eligible for this study if you:

          -  Are between 18 and 65 years of age.

          -  Are a resident of Long Island or greater NY metropolitan area.

          -  Are fluent in English.

          -  Have a history of Lyme Disease.

          -  Have completed antibiotic treatment for Lyme Disease 6 or more months before starting
             the study.

          -  Have severe fatigue.

          -  Are not pregnant or planning to be pregnant.

        Exclusion Criteria:

        You will not be eligible for this study if you:

          -  Have or have had major medical, neurologic, or psychiatric disorder.

          -  Have had prior chronic pain, fatigue, or recurrent severe headaches before the onset
             of Lyme Disease.

          -  Have had Fibromyalgia Syndrome.

          -  Have a history of sleep apnea, narcolepsy, or other serious sleep disorder.

          -  Have a learning disability.

          -  Have had head trauma requiring hospitalization.

          -  Have symptomatic gallbladder disease.

          -  Are anemic.

          -  Abuse alcohol or illicit drugs.

          -  Have been treated with another antimicrobial agent for Lyme Disease within 6 months of
             study.

          -  Need to be receiving systemic steroid therapy during drug administration and
             follow-up.

          -  Have used benzodiazepines within 1 month of study entry.

          -  Are allergic to Beta lactams (a class of antibiotics).
      </textblock>
    </criteria>
    <gender>All</gender>
    <minimum_age>18 Years</minimum_age>
    <maximum_age>65 Years</maximum_age>
    <healthy_volunteers>No</healthy_volunteers>
  </eligibility>
  <location>
    <facility>
      <name>Lauren Krupp</name>
      <address>
        <city>Stony Brook</city>
        <state>New York</state>
        <zip>117948121</zip>
        <country>United States</country>
      </address>
    </facility>
  </location>
  <location_countries>
    <country>United States</country>
  </location_countries>
  <verification_date>November 2005</verification_date>
  <study_first_submitted>November 2, 1999</study_first_submitted>
  <study_first_submitted_qc>August 30, 2001</study_first_submitted_qc>
  <study_first_posted type="Estimate">August 31, 2001</study_first_posted>
  <last_update_submitted>August 26, 2010</last_update_submitted>
  <last_update_submitted_qc>August 26, 2010</last_update_submitted_qc>
  <last_update_posted type="Estimate">August 27, 2010</last_update_posted>
  <condition_browse>
    <!-- CAUTION:  The following MeSH terms are assigned with an imperfect algorithm            -->
    <mesh_term>Lyme Disease</mesh_term>
  </condition_browse>
  <intervention_browse>
    <!-- CAUTION:  The following MeSH terms are assigned with an imperfect algorithm            -->
    <mesh_term>Anti-Bacterial Agents</mesh_term>
  </intervention_browse>
  <!-- Results have not yet been posted for this study                                          -->
</clinical_study>

