<clinical_study>
  <!-- This xml conforms to an XML Schema at:
    https://clinicaltrials.gov/ct2/html/images/info/public.xsd -->
  <required_header>
    <download_date>ClinicalTrials.gov processed this data on July 31, 2020</download_date>
    <link_text>Link to the current ClinicalTrials.gov record.</link_text>
    <url>https://clinicaltrials.gov/show/NCT00000515</url>
  </required_header>
  <id_info>
    <org_study_id>34</org_study_id>
    <secondary_id>R01HL031989-06A2</secondary_id>
    <nct_id>NCT00000515</nct_id>
  </id_info>
  <brief_title>Randomized Trial of Dietary Intervention Therapy in Obese Hypertensives (DITOH)</brief_title>
  <sponsors>
    <lead_sponsor>
      <agency>National Heart, Lung, and Blood Institute (NHLBI)</agency>
      <agency_class>NIH</agency_class>
    </lead_sponsor>
  </sponsors>
  <source>National Heart, Lung, and Blood Institute (NHLBI)</source>
  <brief_summary>
    <textblock>
      To determine the effects on blood pressure of dietary intervention, restricting caloric
      intake to 600 calories per day for 16 weeks compared to a control diet of 1200 calories per
      day in obese hypertensives. Secondary aims included a study of psychological characteristics
      at baseline and during the weight loss and maintenance phases of the study.
    </textblock>
  </brief_summary>
  <detailed_description>
    <textblock>
      BACKGROUND:

      Hypertension is a highly prevalent disorder contributing to a large proportion of
      cardiovascular morbidity and mortality in the United States. Although drug therapy of
      elevated blood pressure can reduce the risks of cardiovascular morbidity and mortality, such
      therapy constitutes significant expense for individuals over long periods of time as well as
      large national expenditures. In addition, the side effects of drug therapy may be
      significant. DITOH would provide much needed information concerning the effects of various
      means of weight reduction on blood pressure as possible definitive therapy for hypertension
      or as an approach which could be combined with reduced drug dosages.

      DESIGN NARRATIVE:

      Randomized. After three weeks on a control diet, subjects were randomized to the Protein
      Sparing Modified Fast Diet which provided 600 calories per day (1.5 grams per kilogram of
      ideal body weight of high quality protein plus 19 grams of fat) or to a 1200 calorie per day
      Balanced Deficit Diet. After 16 weeks in the weight-loss phase, subjects entered the
      maintenance program for 20 weeks. Both diets were supplemented with vitamins, minerals, and
      fluids. The Protein Sparing Modified Fast Diet was supplemented with 5 grams of salt given as
      bouillon to equal the salt intake of the Balanced Deficit Diet. Patients were followed for 24
      months after the end of the weight loss phase. The primary endpoint was change in diastolic
      blood pressure. Individuals who continued to have diastolic pressures above 104 mm Hg
      following the initial 16 week treatment period were treated with antihypertensive drugs.

      The study completion date listed in this record was obtained from the Query/View/Report (QVR)
      System.
    </textblock>
  </detailed_description>
  <overall_status>Completed</overall_status>
  <start_date>July 1984</start_date>
  <completion_date type="Actual">September 1992</completion_date>
  <phase>Phase 3</phase>
  <study_type>Interventional</study_type>
  <has_expanded_access>No</has_expanded_access>
  <study_design_info>
    <allocation>Randomized</allocation>
    <intervention_model>Parallel Assignment</intervention_model>
    <primary_purpose>Prevention</primary_purpose>
  </study_design_info>
  <condition>Cardiovascular Diseases</condition>
  <condition>Heart Diseases</condition>
  <condition>Hypertension</condition>
  <condition>Obesity</condition>
  <intervention>
    <intervention_type>Behavioral</intervention_type>
    <intervention_name>diet, reducing</intervention_name>
  </intervention>
  <eligibility>
    <criteria>
      <textblock>
        Men and women, ages 25 to 55. Subjects were obese, weighing between 130 and 210 percent of
        ideal body weight. Subjects had diastolic blood pressures between 90 and 105 mm Hg and were
        not on antihypertensive medications.
      </textblock>
    </criteria>
    <gender>All</gender>
    <minimum_age>25 Years</minimum_age>
    <maximum_age>55 Years</maximum_age>
    <healthy_volunteers>No</healthy_volunteers>
  </eligibility>
  <overall_official>
    <last_name>George Blackburn</last_name>
    <affiliation>Beth Israel Deaconess Medical Center</affiliation>
  </overall_official>
  <verification_date>February 2005</verification_date>
  <study_first_submitted>October 27, 1999</study_first_submitted>
  <study_first_submitted_qc>October 27, 1999</study_first_submitted_qc>
  <study_first_posted type="Estimate">October 28, 1999</study_first_posted>
  <last_update_submitted>November 25, 2013</last_update_submitted>
  <last_update_submitted_qc>November 25, 2013</last_update_submitted_qc>
  <last_update_posted type="Estimate">November 26, 2013</last_update_posted>
  <condition_browse>
    <!-- CAUTION:  The following MeSH terms are assigned with an imperfect algorithm            -->
    <mesh_term>Heart Diseases</mesh_term>
    <mesh_term>Cardiovascular Diseases</mesh_term>
  </condition_browse>
  <!-- Results have not yet been posted for this study                                          -->
</clinical_study>

