<clinical_study>
  <!-- This xml conforms to an XML Schema at:
    https://clinicaltrials.gov/ct2/html/images/info/public.xsd -->
  <required_header>
    <download_date>ClinicalTrials.gov processed this data on July 31, 2020</download_date>
    <link_text>Link to the current ClinicalTrials.gov record.</link_text>
    <url>https://clinicaltrials.gov/show/NCT00000986</url>
  </required_header>
  <id_info>
    <org_study_id>ACTG 067</org_study_id>
    <secondary_id>11041</secondary_id>
    <nct_id>NCT00000986</nct_id>
  </id_info>
  <brief_title>The Safety and Effectiveness of Interleukin-2 Plus Zidovudine in Patients With AIDS or AIDS Related Complex</brief_title>
  <official_title>A Safety, Tolerance, and Immunological Study of a Combination of Recombinant Interleukin 2 and Zidovudine in Patients With AIDS or AIDS Related Complex</official_title>
  <sponsors>
    <lead_sponsor>
      <agency>National Institute of Allergy and Infectious Diseases (NIAID)</agency>
      <agency_class>NIH</agency_class>
    </lead_sponsor>
  </sponsors>
  <source>National Institute of Allergy and Infectious Diseases (NIAID)</source>
  <brief_summary>
    <textblock>
      To test the safety and tolerance of three different doses of recombinant human interleukin 2
      (aldesleukin; IL-2), when it is given for five consecutive days to patients with AIDS or AIDS
      related complex (ARC), who have also received zidovudine (AZT) for at least 6 weeks just
      before beginning the IL-2 treatment.

      AZT is an antiviral drug, which has been shown to be beneficial in some patients with AIDS.
      IL-2 is a substance found naturally in the body that boosts the body's immune response to
      invading organisms and tumor cells. These two drugs, when administered together, may have a
      mutually helpful effect in treating AIDS patients, but before this effect can be studied, it
      is important to understand the proper dose and any side effects that may occur when these
      drugs are used together. The study will show how much AZT and IL-2 patients can safely take
      at the same time and how the two drugs will interact with each other.
    </textblock>
  </brief_summary>
  <detailed_description>
    <textblock>
      AZT is an antiviral drug, which has been shown to be beneficial in some patients with AIDS.
      IL-2 is a substance found naturally in the body that boosts the body's immune response to
      invading organisms and tumor cells. These two drugs, when administered together, may have a
      mutually helpful effect in treating AIDS patients, but before this effect can be studied, it
      is important to understand the proper dose and any side effects that may occur when these
      drugs are used together. The study will show how much AZT and IL-2 patients can safely take
      at the same time and how the two drugs will interact with each other.

      AMENDED: Note that the dose of AZT changed 900214 to reflect new dose recommendations.
      Original design: Six weeks before beginning treatment with IL-2, patients are given AZT
      daily. There are three patient groups, one for each dose level of IL-2. On the first day of
      treatment with the two drugs together, patients are admitted to Presbyterian University
      Hospital, where AZT is administered orally every 4 hours and IL-2 is given once a day as a
      single injection under the skin. Clinical and laboratory safety data from the first two
      patients enrolled in each treatment group will be analyzed prior to enrolling additional
      patients in each group. All patients are expected to stay in the hospital for at least 5
      days, and some may stay longer if serious side effects develop. AZT treatment will continue
      after the patient leaves the hospital for an additional 10 weeks. Follow-up visits are
      scheduled for days 6, 8, and 15 for safety, immunologic, and virologic evaluations.
      Thereafter, patients are followed by telephone interview every other week and come into the
      clinic if a change in health is reported. At weeks 10 and 20, patients are also evaluated in
      a follow-up clinic visit.
    </textblock>
  </detailed_description>
  <overall_status>Completed</overall_status>
  <completion_date type="Actual">January 1994</completion_date>
  <phase>Phase 1</phase>
  <study_type>Interventional</study_type>
  <has_expanded_access>No</has_expanded_access>
  <study_design_info>
    <primary_purpose>Treatment</primary_purpose>
    <masking>None (Open Label)</masking>
  </study_design_info>
  <enrollment>18</enrollment>
  <condition>HIV Infections</condition>
  <intervention>
    <intervention_type>Drug</intervention_type>
    <intervention_name>Zidovudine</intervention_name>
  </intervention>
  <intervention>
    <intervention_type>Drug</intervention_type>
    <intervention_name>Aldesleukin</intervention_name>
  </intervention>
  <eligibility>
    <criteria>
      <textblock>
        Inclusion Criteria

        Concurrent Medication:

        Allowed:

          -  Acetaminophen under the supervision of a study physician.

        Prior Medication:

        Required for at least 6 weeks prior to study entry:

          -  Zidovudine at a dose of at least 300 mg/day.

          -  Allowed:

          -  Aerosolized pentamidine prior to combination therapy.

        Patients must demonstrate the following clinical and laboratory findings:

          -  Currently receiving zidovudine (AZT) at a dose of at least 300 mg/day and have
             received the drug for at least 6 weeks.

          -  Have a life expectancy of = or &gt; 4 months.

          -  Available for the duration of the study and for follow-up visits.

        Exclusion Criteria

        Co-existing Condition:

        Patients with the following conditions will be excluded:

          -  Evidence of active life-threatening opportunistic infection with bacterial, viral,
             fungal, or protozoan pathogens during the 6-week period prior to and during the 5-day
             period of combination therapy.

          -  A fever &gt; 101 degrees F within the past 10 days.

          -  Significant central nervous system disease, including acquired immunodeficiency
             syndrome (AIDS), dementia, psychiatric disabilities, or seizure disorders.

          -  Significant cardiac (New York Heart Association stage III or IV) and/or pulmonary
             disease (forced expiratory volume &lt; 75 percent).

          -  Kaposi's sarcoma or other AIDS related malignancy.

          -  Evidence of malabsorption as indicated by 10 percent weight loss within the last 3
             months.

        Concurrent Medication:

        Excluded:

          -  Cardiac medications.

          -  Glucocorticosteroids.

          -  Probenecid.

          -  Acetylsalicylic acid.

          -  Trimethoprim / sulfamethoxazole.

          -  Acyclovir.

          -  Allopurinol.

          -  Drugs causing anemia, neutropenia, or nephrotoxicity.

          -  Aerosolized pentamidine during combination therapy.

          -  Nonsteroidal anti-inflammatory drugs by patients with thrombocytopenia (&lt;75000
             platelets/mm3).

          -  Acetaminophen except under supervision of a study physician.

        Patients with the following conditions will be excluded:

          -  Evidence of active life-threatening opportunistic infection with bacterial, viral,
             fungal, or protozoan pathogens during the 6-week period prior to and during the 5-day
             period of combination therapy.

          -  A fever &gt; 101 degrees F within the past 10 days.

          -  Significant central nervous system disease, including acquired immunodeficiency
             syndrome (AIDS), dementia, psychiatric disabilities, or seizure disorders.

          -  Significant cardiac (New York Heart Association stage III or IV) and/or pulmonary
             disease (forced expiratory volume &lt; 75 percent).

          -  Kaposi's sarcoma or other AIDS related malignancy.

          -  Evidence of malabsorption as indicated by 10 percent weight loss within the last 3
             months.

        Prior Medication:

        Excluded within 4 weeks of study entry:

          -  Any antiretroviral drug, except zidovudine (AZT).

          -  Excluded within 12 weeks of study entry:

          -  Immunotherapy, including interleukins, interferons, tumor necrosis factor.

          -  Other cytokines.

          -  Biologic response modifiers.

          -  Monoclonal antibodies.

          -  BCG vaccines.

        Active drug or alcohol abuse.
      </textblock>
    </criteria>
    <gender>All</gender>
    <minimum_age>18 Years</minimum_age>
    <maximum_age>50 Years</maximum_age>
    <healthy_volunteers>No</healthy_volunteers>
  </eligibility>
  <overall_official>
    <last_name>M Ho</last_name>
    <role>Study Chair</role>
  </overall_official>
  <location>
    <facility>
      <name>Univ of Pittsburgh Med School</name>
      <address>
        <city>Pittsburgh</city>
        <state>Pennsylvania</state>
        <country>United States</country>
      </address>
    </facility>
  </location>
  <location_countries>
    <country>United States</country>
  </location_countries>
  <reference>
    <citation>McMahon DK, Armstrong JA, Huang XL, Rinaldo CR Jr, Gupta P, Whiteside TL, Pazin GJ, Tripoli C, Ho M. A phase I study of subcutaneous recombinant interleukin-2 in patients with advanced HIV disease while on zidovudine. AIDS. 1994 Jan;8(1):59-66.</citation>
    <PMID>8011237</PMID>
  </reference>
  <verification_date>April 2012</verification_date>
  <study_first_submitted>November 2, 1999</study_first_submitted>
  <study_first_submitted_qc>August 30, 2001</study_first_submitted_qc>
  <study_first_posted type="Estimate">August 31, 2001</study_first_posted>
  <last_update_submitted>April 25, 2012</last_update_submitted>
  <last_update_submitted_qc>April 25, 2012</last_update_submitted_qc>
  <last_update_posted type="Estimate">April 27, 2012</last_update_posted>
  <responsible_party>
    <responsible_party_type>Sponsor</responsible_party_type>
  </responsible_party>
  <keyword>Recombinant Proteins</keyword>
  <keyword>Interleukin-2</keyword>
  <keyword>Drug Interactions</keyword>
  <keyword>Drug Therapy, Combination</keyword>
  <keyword>Acquired Immunodeficiency Syndrome</keyword>
  <keyword>AIDS-Related Complex</keyword>
  <keyword>Zidovudine</keyword>
  <condition_browse>
    <!-- CAUTION:  The following MeSH terms are assigned with an imperfect algorithm            -->
    <mesh_term>AIDS-Related Complex</mesh_term>
  </condition_browse>
  <intervention_browse>
    <!-- CAUTION:  The following MeSH terms are assigned with an imperfect algorithm            -->
    <mesh_term>Zidovudine</mesh_term>
    <mesh_term>Aldesleukin</mesh_term>
  </intervention_browse>
  <!-- Results have not yet been posted for this study                                          -->
</clinical_study>

