<clinical_study>
  <!-- This xml conforms to an XML Schema at:
    https://clinicaltrials.gov/ct2/html/images/info/public.xsd -->
  <required_header>
    <download_date>ClinicalTrials.gov processed this data on July 31, 2020</download_date>
    <link_text>Link to the current ClinicalTrials.gov record.</link_text>
    <url>https://clinicaltrials.gov/show/NCT00000964</url>
  </required_header>
  <id_info>
    <org_study_id>ACTG 136</org_study_id>
    <secondary_id>11111</secondary_id>
    <nct_id>NCT00000964</nct_id>
  </id_info>
  <brief_title>The Effect of Stomach Acid on Foscarnet</brief_title>
  <official_title>The Effect of Increasing Gastric pH Upon the Bioavailability of Orally Administered Phosphonoformic Acid (Foscarnet)</official_title>
  <sponsors>
    <lead_sponsor>
      <agency>National Institute of Allergy and Infectious Diseases (NIAID)</agency>
      <agency_class>NIH</agency_class>
    </lead_sponsor>
  </sponsors>
  <source>National Institute of Allergy and Infectious Diseases (NIAID)</source>
  <brief_summary>
    <textblock>
      To see if ranitidine, by reducing stomach acidity, can enhance the effectiveness of
      foscarnet, by making foscarnet more available to the body.

      Foscarnet is an antiviral compound. Laboratory studies have shown it to be active against
      HIV. However, only 12 - 22 percent of an oral foscarnet dose is absorbed by the body.
      Ranitidine suppresses gastric acid output, increasing gastric pH. Thus by increasing gastric
      pH (decreasing stomach acidity), less foscarnet is expected to be decomposed or broken down
      in the stomach. Thus, more foscarnet should be absorbed into the body.
    </textblock>
  </brief_summary>
  <detailed_description>
    <textblock>
      Foscarnet is an antiviral compound. Laboratory studies have shown it to be active against
      HIV. However, only 12 - 22 percent of an oral foscarnet dose is absorbed by the body.
      Ranitidine suppresses gastric acid output, increasing gastric pH. Thus by increasing gastric
      pH (decreasing stomach acidity), less foscarnet is expected to be decomposed or broken down
      in the stomach. Thus, more foscarnet should be absorbed into the body.

      Six asymptomatic HIV-infected males, or those with limited symptoms of early AIDS-related
      complex ( ARC ), will receive one dose intravenously of ranitidine in distilled water and one
      dose of placebo (distilled water alone), followed in 1 hour by foscarnet in oral solution.
      The order of ranitidine and placebo is randomized and the two foscarnet doses are separated
      by at least 72 hours. A nasogastric pH probe is placed on each morning of drug administration
      to monitor gastric pH.
    </textblock>
  </detailed_description>
  <overall_status>Completed</overall_status>
  <completion_date type="Actual">October 1990</completion_date>
  <phase>Phase 1</phase>
  <study_type>Interventional</study_type>
  <has_expanded_access>No</has_expanded_access>
  <study_design_info>
    <primary_purpose>Treatment</primary_purpose>
  </study_design_info>
  <enrollment>6</enrollment>
  <condition>HIV Infections</condition>
  <intervention>
    <intervention_type>Drug</intervention_type>
    <intervention_name>Ranitidine hydrochloride</intervention_name>
  </intervention>
  <intervention>
    <intervention_type>Drug</intervention_type>
    <intervention_name>Foscarnet sodium</intervention_name>
  </intervention>
  <eligibility>
    <criteria>
      <textblock>
        Inclusion Criteria

        Concurrent Medication:

        Allowed:

          -  Acetaminophen and sedatives.

        Patient must be able to give informed consent.

        Exclusion Criteria

        Patients with the following are excluded:

          -  Unintentional weight loss in excess of 10 pounds or 10 percent of usual body weight
             within 2 years prior to study.

          -  Unexplained temperature above 38 degrees Celsius on more than 5 consecutive days or on
             more than 10 days in any 30 days in 2 years prior to expected study entry.

          -  Unexplained diarrhea defined by two or more stools/day for at least 14 days during a
             120-day interval.

        Prior Medication:

        Excluded within 1 week of entry into study:

          -  Probenecid, aspirin, or diuretics.
      </textblock>
    </criteria>
    <gender>Male</gender>
    <minimum_age>18 Years</minimum_age>
    <maximum_age>N/A</maximum_age>
    <healthy_volunteers>No</healthy_volunteers>
  </eligibility>
  <overall_official>
    <last_name>DM Kornhauser</last_name>
    <role>Study Chair</role>
  </overall_official>
  <location>
    <facility>
      <name>Johns Hopkins Adult AIDS CRS</name>
      <address>
        <city>Baltimore</city>
        <state>Maryland</state>
        <zip>21205</zip>
        <country>United States</country>
      </address>
    </facility>
  </location>
  <location_countries>
    <country>United States</country>
  </location_countries>
  <reference>
    <citation>Barditch-Crovo P, Petty BG, Gambertoglio J, Nerhood LJ, Kuwahara S, Hafner R, Lietman PS, Kornhauser DM. The effect of increasing gastric PH upon the bioavailability of orally-administered phosphonoformic acid (foscarnet). Int Conf AIDS. 1991 Jun 16-21;7(2):210 (abstract no WB2115)</citation>
  </reference>
  <verification_date>March 2012</verification_date>
  <study_first_submitted>November 2, 1999</study_first_submitted>
  <study_first_submitted_qc>August 30, 2001</study_first_submitted_qc>
  <study_first_posted type="Estimate">August 31, 2001</study_first_posted>
  <last_update_submitted>March 28, 2012</last_update_submitted>
  <last_update_submitted_qc>March 28, 2012</last_update_submitted_qc>
  <last_update_posted type="Estimate">March 29, 2012</last_update_posted>
  <responsible_party>
    <responsible_party_type>Sponsor</responsible_party_type>
  </responsible_party>
  <keyword>Ranitidine</keyword>
  <keyword>Phosphorus Acids</keyword>
  <keyword>Drug Evaluation</keyword>
  <keyword>Acquired Immunodeficiency Syndrome</keyword>
  <condition_browse>
    <!-- CAUTION:  The following MeSH terms are assigned with an imperfect algorithm            -->
    <mesh_term>HIV Infections</mesh_term>
  </condition_browse>
  <intervention_browse>
    <!-- CAUTION:  The following MeSH terms are assigned with an imperfect algorithm            -->
    <mesh_term>Foscarnet</mesh_term>
    <mesh_term>Phosphonoacetic Acid</mesh_term>
    <mesh_term>Ranitidine</mesh_term>
    <mesh_term>Ranitidine bismuth citrate</mesh_term>
  </intervention_browse>
  <!-- Results have not yet been posted for this study                                          -->
</clinical_study>

