<clinical_study>
  <!-- This xml conforms to an XML Schema at:
    https://clinicaltrials.gov/ct2/html/images/info/public.xsd -->
  <required_header>
    <download_date>ClinicalTrials.gov processed this data on July 31, 2020</download_date>
    <link_text>Link to the current ClinicalTrials.gov record.</link_text>
    <url>https://clinicaltrials.gov/show/NCT00000659</url>
  </required_header>
  <id_info>
    <org_study_id>ACTG 133</org_study_id>
    <secondary_id>C89-013-P</secondary_id>
    <nct_id>NCT00000659</nct_id>
  </id_info>
  <brief_title>A Phase II Trial of rsCD4 and AZT in Patients With AIDS or Advanced AIDS Related Complex (ARC)</brief_title>
  <official_title>A Phase II Trial of rsCD4 and AZT in Patients With AIDS or Advanced AIDS Related Complex (ARC)</official_title>
  <sponsors>
    <lead_sponsor>
      <agency>National Institute of Allergy and Infectious Diseases (NIAID)</agency>
      <agency_class>NIH</agency_class>
    </lead_sponsor>
    <collaborator>
      <agency>Biogen</agency>
      <agency_class>Industry</agency_class>
    </collaborator>
  </sponsors>
  <source>National Institute of Allergy and Infectious Diseases (NIAID)</source>
  <brief_summary>
    <textblock>
      Part 1A: To find the dose of zidovudine (AZT) that causes less than a 50 percent drop in
      HIV-1 p24 antigen levels in patients with AIDS and advanced AIDS related complex (ARC); to
      determine the pharmacokinetics (blood levels) of rsCD4 administered in combination with AZT.
      Parts 1B and 2: To test for additive or synergistic activity between rsCD4 and AZT as judged
      by falls in HIV-1 p24 antigen levels; and to evaluate the safety of rsCD4 and AZT in patients
      with AIDS and advanced ARC.

      AZT has been shown to be effective in the treatment of AIDS and advanced ARC but not without
      toxicity. The most clinically significant toxicity is dose related inhibition of bone marrow
      function. Furthermore, HIV-1 isolates from patients treated for more than 6 months with AZT
      have now been found which appear to have reduced sensitivity to AZT. The incidence of
      toxicity and occurrence of virus with reduced sensitivity to AZT may result in the inability
      to administer AZT long-term to patients with AIDS and advanced ARC. Recombinant soluble CD4
      (rCD4) has shown antiretroviral effects and has been shown to be safe when given to AIDS and
      ARC patients either as a single agent or in combination with AZT.
    </textblock>
  </brief_summary>
  <detailed_description>
    <textblock>
      AZT has been shown to be effective in the treatment of AIDS and advanced ARC but not without
      toxicity. The most clinically significant toxicity is dose related inhibition of bone marrow
      function. Furthermore, HIV-1 isolates from patients treated for more than 6 months with AZT
      have now been found which appear to have reduced sensitivity to AZT. The incidence of
      toxicity and occurrence of virus with reduced sensitivity to AZT may result in the inability
      to administer AZT long-term to patients with AIDS and advanced ARC. Recombinant soluble CD4
      (rCD4) has shown antiretroviral effects and has been shown to be safe when given to AIDS and
      ARC patients either as a single agent or in combination with AZT.

      Part 1A: Twenty p24+ patients with AIDS or advanced ARC are randomized to 4 dosing groups of
      5 patients each. Patients are treated with AZT for 6 weeks at ranging doses to determine a
      minimally effective dose (MED). At the end of week 6, each patient is sequentially assigned
      to 1 of 5 groups of rCD4 / AZT combination treatment. The first 3 patients to complete
      treatment through week 6 are treated in group A, the next 3 patients in group B, and so on.
      The treatment period is 4 weeks. Each patient continues on his or her AZT dose as initially
      administered. The highest dose of AZT that produces less than a 50 percent drop in HIV-1 p24
      antigen levels in at least 3 of 5 patients over 6 weeks will be the MED of AZT and will be
      known as the AZT MED. After the MED is determined, Part 1B begins. Part 1B: 20 patients are
      randomized to 2 different dosing groups: Group 5: AZT MED (weeks 1 to 8), then AZT MED plus
      rCD4 (weeks 9 to 16); Group 6: AZT MED plus rCD4 (weeks 1 to 8), then AZT MED (weeks 9 to
      16). Part 2: Part 2 begins once accrual to Part 1B is completed. If fewer than 10 of 20
      patients exhibit a drop of at least 50 percent in p24 antigen level after receiving AZT and
      rsCD4 combination treatment, entry to Part 2 will be interrupted and the study design will be
      reevaluated. In Part 2, 10 patients are randomly assigned to one of four groups. Patients
      within each group receive two 8 week treatment courses. These two treatment courses are 8
      weeks with the AZT MED alone, and 8 weeks of treatment with the combination of the AZT MED
      plus rCD4.
    </textblock>
  </detailed_description>
  <overall_status>Terminated</overall_status>
  <primary_completion_date type="Actual">July 1990</primary_completion_date>
  <phase>Phase 2</phase>
  <study_type>Interventional</study_type>
  <has_expanded_access>No</has_expanded_access>
  <study_design_info>
    <primary_purpose>Treatment</primary_purpose>
    <masking>None (Open Label)</masking>
  </study_design_info>
  <enrollment>80</enrollment>
  <condition>HIV Infections</condition>
  <intervention>
    <intervention_type>Drug</intervention_type>
    <intervention_name>CD4 Antigens</intervention_name>
  </intervention>
  <intervention>
    <intervention_type>Drug</intervention_type>
    <intervention_name>Zidovudine</intervention_name>
  </intervention>
  <eligibility>
    <criteria>
      <textblock>
        Inclusion Criteria

        Concurrent Medication:

        Allowed:

          -  Nystatin or clotrimazole for suppression of oral thrush.

          -  Aerosolized pentamidine as chemoprophylaxis for Pneumocystis carinii pneumonia (PCP).

          -  Trimethoprim / sulfamethoxazole (TMP / SMX) for patients who are clinically and
             hematologically stable on TMP / SMX PCP prophylaxis.

        Patients must have the following:

          -  Diagnosis of AIDS or advanced AIDS related complex (ARC).

          -  CD4 cell count &lt; 300 cells/mm3.

          -  Ability to understand and sign the consent form.

        Risk Behavior:

        Allowed:

          -  History of drug abuse with current abstinence or enrollment in a methadone treatment
             program.

        Exclusion Criteria

        Co-existing Condition:

        Patients with the following conditions or symptoms are excluded:

          -  Malignancies other than Kaposi's sarcoma.

          -  AIDS dementia which, in the opinion of the investigator, precludes patients from
             giving fully informed consent or from complying fully with the requirements of this
             protocol.

          -  Active infection with an opportunistic pathogen requiring ongoing therapy.

          -  Preexisting antibodies to rCD4.

        Concurrent Medication:

        Excluded:

          -  Investigational drugs.

          -  Antiretroviral agents such as dextran sulfate or AL721.

          -  Cytotoxic chemotherapy.

        Concurrent Treatment:

        Excluded:

          -  Radiation therapy.

        Patients with the following are excluded:

          -  Malignancies other than Kaposi's sarcoma.

          -  AIDS dementia which, in the opinion of the investigator, precludes patients from
             giving fully informed consent or from complying fully with the requirements of this
             protocol.

          -  Active infection with an opportunistic pathogen requiring ongoing therapy.

          -  Preexisting antibodies to rCD4.

        Prior Medication:

        Excluded:

          -  Zidovudine (AZT) for longer than 30 days or prior treatment with AZT for &lt; 30 days if
             discontinued for toxicity due to AZT.

          -  Excluded within 30 days of study entry:

          -  Immunomodulators.

          -  Previous participation in any group of another part of this study. For example,
             patients treated in Part 1A of this study may not reenter the study to be treated in
             Part 2.

          -  Chemotherapy.

        Prior Treatment:

        Excluded within 30 days of study entry:

          -  Radiation therapy.

        Active use of illicit drugs or abuse of alcohol at time of protocol entry.
      </textblock>
    </criteria>
    <gender>All</gender>
    <minimum_age>13 Years</minimum_age>
    <maximum_age>N/A</maximum_age>
    <healthy_volunteers>No</healthy_volunteers>
  </eligibility>
  <overall_official>
    <last_name>RT Schooley</last_name>
    <role>Study Chair</role>
  </overall_official>
  <overall_official>
    <last_name>DD Ho</last_name>
    <role>Study Chair</role>
  </overall_official>
  <overall_official>
    <last_name>TC Merigan</last_name>
    <role>Study Chair</role>
  </overall_official>
  <overall_official>
    <last_name>L Laubenstein</last_name>
    <role>Study Chair</role>
  </overall_official>
  <location>
    <facility>
      <name>Tulane Univ School of Medicine</name>
      <address>
        <city>New Orleans</city>
        <state>Louisiana</state>
        <zip>70112</zip>
        <country>United States</country>
      </address>
    </facility>
  </location>
  <location>
    <facility>
      <name>Bellevue Hosp / New York Univ Med Ctr</name>
      <address>
        <city>New York</city>
        <state>New York</state>
        <zip>10016</zip>
        <country>United States</country>
      </address>
    </facility>
  </location>
  <location_countries>
    <country>United States</country>
  </location_countries>
  <verification_date>July 1990</verification_date>
  <study_first_submitted>November 2, 1999</study_first_submitted>
  <study_first_submitted_qc>August 30, 2001</study_first_submitted_qc>
  <study_first_posted type="Estimate">August 31, 2001</study_first_posted>
  <last_update_submitted>March 11, 2011</last_update_submitted>
  <last_update_submitted_qc>March 11, 2011</last_update_submitted_qc>
  <last_update_posted type="Estimate">March 14, 2011</last_update_posted>
  <keyword>Acquired Immunodeficiency Syndrome</keyword>
  <keyword>Antigens, CD4</keyword>
  <keyword>AIDS-Related Complex</keyword>
  <keyword>Zidovudine</keyword>
  <condition_browse>
    <!-- CAUTION:  The following MeSH terms are assigned with an imperfect algorithm            -->
    <mesh_term>AIDS-Related Complex</mesh_term>
  </condition_browse>
  <intervention_browse>
    <!-- CAUTION:  The following MeSH terms are assigned with an imperfect algorithm            -->
    <mesh_term>Zidovudine</mesh_term>
  </intervention_browse>
  <!-- Results have not yet been posted for this study                                          -->
</clinical_study>

