<clinical_study>
  <!-- This xml conforms to an XML Schema at:
    https://clinicaltrials.gov/ct2/html/images/info/public.xsd -->
  <required_header>
    <download_date>ClinicalTrials.gov processed this data on July 31, 2020</download_date>
    <link_text>Link to the current ClinicalTrials.gov record.</link_text>
    <url>https://clinicaltrials.gov/show/NCT00001702</url>
  </required_header>
  <id_info>
    <org_study_id>980138</org_study_id>
    <secondary_id>98-C-0138</secondary_id>
    <nct_id>NCT00001702</nct_id>
  </id_info>
  <brief_title>Evaluation of the Association of Polymorphisms in the Innate Immune System With the Risk for Blastomycosis Dermatitidis Infection in Patients Not Infected With HIV and Complications Associated With Blastomycosis Dermatitidis Infection</brief_title>
  <official_title>Evaluation of the Association of Polymorphisms in the Innate Immune System With the Risk for Blastomycosis Dermatitidis Infection in Patients Not Infected With HIV and Complications Associated With Blastomycosis Dermatitidis Infection</official_title>
  <sponsors>
    <lead_sponsor>
      <agency>National Cancer Institute (NCI)</agency>
      <agency_class>NIH</agency_class>
    </lead_sponsor>
  </sponsors>
  <source>National Institutes of Health Clinical Center (CC)</source>
  <brief_summary>
    <textblock>
      Innate immunity plays an important role for fungal recognition and initiation of fungicidal
      activity. We hypothesize that subtle differences in different molecules of innate immunity
      may contribute to either the predisposition or clinical course of infection with
      Blastomycosis dermatitidis. To test this hypothesis, we propose to analyze the allelic
      frequencies of 15 different genes (mannose binding lectin, Fc-gamma receptor IIa and IIb,
      Fc-gamma receptors IIIa and IIIb, myeloperoxidase, tumor necrosis factor-alpha and -beta,
      interleukin 1A and 1B, interleukin-1 receptor antagonist, interleukin-10, NRAMP-1,
      chitotriosidase, and chemokine receptor 5) and their intragenic polymorphic forms and to
      compare this data to the incidence and severity of Blastomycosis dermatitidis infection. With
      this study we hope to identify a group of molecules of innate immunity which influence the
      risk and severity of invasive Blastomycosis dermatitidis infection.
    </textblock>
  </brief_summary>
  <detailed_description>
    <textblock>
      Innate immunity plays an important role for fungal recognition and initiation of fungicidal
      activity. We hypothesize that subtle differences in different molecules of innate immunity
      may contribute to either the predisposition or clinical course of infection with
      Blastomycosis Dermatitidis. To test this hypothesis, we propose to analyze the allelic
      frequencies of 15 different genes (mannose binding lectin, Fc-gamma receptor Ila and IIb,
      Fc-gamma receptors IIIa and IIIb, myeloperoxidase, tumor necrosis factor-alpha and -beta,
      interleukin 1A and 1B, interleukin-1 receptor antagonist, interleukin-10, NRAMP-1,
      chitotriosidase, and chemokine receptor 5) and their intragenic polymorphic forms and to
      compare this data to the incidence and severity of Blastomycosis Dermatitidis infection. With
      this study we hope to identify a group of molecules of innate immunity which influence the
      risk and severity of invasive Blastomycosis Dermatitidis infection.
    </textblock>
  </detailed_description>
  <overall_status>Completed</overall_status>
  <start_date>July 29, 1998</start_date>
  <primary_completion_date type="Actual">June 6, 2007</primary_completion_date>
  <study_type>Observational</study_type>
  <has_expanded_access>No</has_expanded_access>
  <enrollment>400</enrollment>
  <condition>Blastomycosis</condition>
  <eligibility>
    <criteria>
      <textblock>
        -  INCLUSION CRITERIA:

        Patients in the database have been confirmed with a diagnosis of Blastomycosis dermatitides
        infection by a combination of isolation of the yeast form in a diagnostic microbiology
        laboratory and/or an elevated cryptococcal antigen titer (which is commercially available).

        Only patients diagnosed and treated in the United States and Canada will be included in
        this analysis.

        Only patients who are not co-infected with HIV will be included in the study.

        Patient samples will be collected and clinical data will be evaluated only after signed
        consent has been obtained.
      </textblock>
    </criteria>
    <gender>All</gender>
    <minimum_age>N/A</minimum_age>
    <maximum_age>N/A</maximum_age>
    <healthy_volunteers>No</healthy_volunteers>
  </eligibility>
  <location>
    <facility>
      <name>University of Alabama</name>
      <address>
        <city>Birmingham</city>
        <state>Alabama</state>
        <country>United States</country>
      </address>
    </facility>
  </location>
  <location>
    <facility>
      <name>National Institutes of Health Clinical Center, 9000 Rockville Pike</name>
      <address>
        <city>Bethesda</city>
        <state>Maryland</state>
        <zip>20892</zip>
        <country>United States</country>
      </address>
    </facility>
  </location>
  <location_countries>
    <country>United States</country>
  </location_countries>
  <reference>
    <citation>Bellamy R, Ruwende C, Corrah T, McAdam KP, Whittle HC, Hill AV. Variations in the NRAMP1 gene and susceptibility to tuberculosis in West Africans. N Engl J Med. 1998 Mar 5;338(10):640-4.</citation>
    <PMID>9486992</PMID>
  </reference>
  <reference>
    <citation>Blakemore AI, Tarlow JK, Cork MJ, Gordon C, Emery P, Duff GW. Interleukin-1 receptor antagonist gene polymorphism as a disease severity factor in systemic lupus erythematosus. Arthritis Rheum. 1994 Sep;37(9):1380-5.</citation>
    <PMID>7945503</PMID>
  </reference>
  <reference>
    <citation>Boot RG, Renkema GH, Strijland A, van Zonneveld AJ, Aerts JM. Cloning of a cDNA encoding chitotriosidase, a human chitinase produced by macrophages. J Biol Chem. 1995 Nov 3;270(44):26252-6.</citation>
    <PMID>7592832</PMID>
  </reference>
  <verification_date>October 6, 2009</verification_date>
  <study_first_submitted>November 3, 1999</study_first_submitted>
  <study_first_submitted_qc>November 3, 1999</study_first_submitted_qc>
  <study_first_posted type="Estimate">November 4, 1999</study_first_posted>
  <last_update_submitted>June 30, 2017</last_update_submitted>
  <last_update_submitted_qc>June 30, 2017</last_update_submitted_qc>
  <last_update_posted type="Actual">July 2, 2017</last_update_posted>
  <keyword>Genetic</keyword>
  <keyword>Variant Alleles</keyword>
  <keyword>Risk Factor</keyword>
  <keyword>Cancer</keyword>
  <keyword>Transplantation</keyword>
  <condition_browse>
    <!-- CAUTION:  The following MeSH terms are assigned with an imperfect algorithm            -->
    <mesh_term>Infection</mesh_term>
    <mesh_term>Blastomycosis</mesh_term>
  </condition_browse>
  <!-- Results have not yet been posted for this study                                          -->
</clinical_study>

