<clinical_study>
  <!-- This xml conforms to an XML Schema at:
    https://clinicaltrials.gov/ct2/html/images/info/public.xsd -->
  <required_header>
    <download_date>ClinicalTrials.gov processed this data on July 31, 2020</download_date>
    <link_text>Link to the current ClinicalTrials.gov record.</link_text>
    <url>https://clinicaltrials.gov/show/NCT00001842</url>
  </required_header>
  <id_info>
    <org_study_id>990141</org_study_id>
    <secondary_id>99-CC-0141</secondary_id>
    <nct_id>NCT00001842</nct_id>
  </id_info>
  <brief_title>G-CSF for Granulocyte Donation</brief_title>
  <official_title>Kinetics of Intravenous G-CSF-Induced Granulocyte Mobilization in Healthy Apheresis Donors</official_title>
  <sponsors>
    <lead_sponsor>
      <agency>National Institutes of Health Clinical Center (CC)</agency>
      <agency_class>NIH</agency_class>
    </lead_sponsor>
  </sponsors>
  <source>National Institutes of Health Clinical Center (CC)</source>
  <brief_summary>
    <textblock>
      This study will examine the feasibility of giving cell growth stimulants to granulocyte
      donors the same day of donation rather than the day before.

      People who donate granulocytes (infection-fighting white blood cells) for transfusion to
      patients with severe white cell deficiencies are often given a steroid called dexamethasone
      and a growth factor called G-CSF the day before donation. These drugs stimulate white cell
      production, allowing many more cells to be collected than would otherwise be possible. A
      single dose of G-CSF given to healthy people increases their white cells counts by four to
      five times the next day.

      It would be preferable, however, to give G-CSF the same day of donation, if possible.
      Therefore, this study will measure white cell counts in healthy people at various intervals
      after being injected with G-CSF alone and G-CSF with dexamethasone. The study will compare
      the following: granulocyte counts at seven different intervals after injection of the drug or
      drugs; the effects of G-CSF injected through a vein or under the skin; and the effects of
      giving G-CSF alone or with dexamethasone.

      Each participant will undergo four procedures, each four weeks apart as follows: donate a
      small blood sample; receive an injection of G-CSF under the skin or into a vein; and take
      either two dexamethasone tablets or two placebo tablets.

      Small blood samples will then be drawn 1, 2, 4, 6, 8, and 24 hours after the drugs are given.
      Participants will answer questions about how they feel before the drugs are given and at the
      various intervals after taking the drugs.
    </textblock>
  </brief_summary>
  <detailed_description>
    <textblock>
      The administration of granulocyte colony-stimulating factor (G-CSF) to increase the white
      blood cell count in granulocyte donors prior to donation is becoming an increasingly common
      practice. G-CSF is given subcutaneously to the donor on the day prior to donation, generally
      12 to 24 hours before the start of apheresis. It would be advantageous to be able to give
      G-CSF and collect granulocytes on the same day. However, the single most important factor in
      optimizing granulocyte collection is the donor's pre-collection granulocyte count. Therefore,
      any decrease in count would result in a less cellular component. The purpose of this study is
      to assess granulocyte counts in healthy subjects during an 8-hour period after a single 5
      microgram/kg intravenous dose of G-CSF with or without dexamethasone. Sixteen subjects will
      be studied. Each donor will be studied four separate times. The four mobilization protocols
      to be studied are G-CSF 5 micrograms/kg given intravenously, G-CSF 5 micrograms/kg
      subcutaneously, G-CSF 5 micrograms/kg intravenously plus dexamethasone 8 mg orally, and G-CSF
      5 micrograms/kg subcutaneously plus dexamethasone 8 mg orally. The order of the route of
      administration will be assigned randomly. White blood cell counts, neutrophil counts and
      donor symptoms will be measured before G-CSF administration and at 1/2, 1, 2, 4, 6, 8 and 24
      hours after administration. The neutrophil counts measured within the first 8 hours after
      G-CSF will be compared with counts measured 24 hours after G-CSF.
    </textblock>
  </detailed_description>
  <overall_status>Completed</overall_status>
  <start_date>July 1999</start_date>
  <completion_date>June 2002</completion_date>
  <phase>Phase 1</phase>
  <study_type>Interventional</study_type>
  <has_expanded_access>No</has_expanded_access>
  <study_design_info>
    <primary_purpose>Treatment</primary_purpose>
  </study_design_info>
  <enrollment>16</enrollment>
  <condition>Healthy</condition>
  <intervention>
    <intervention_type>Drug</intervention_type>
    <intervention_name>Granulocyte colony-stimulating factor</intervention_name>
  </intervention>
  <intervention>
    <intervention_type>Drug</intervention_type>
    <intervention_name>Dexamethasone</intervention_name>
  </intervention>
  <eligibility>
    <criteria>
      <textblock>
        Male and female subjects.

        Must be 18 years of age or older.

        Subjects must pass the health criteria for blood donors established by the American
        Association of Blood Banks.

        No subjects who are pregnant or lactating females.

        No subjects with uncontrolled hypertension, heart disease, diabetes, history of allergic
        reactions to G-CSF, history of allergic reactions to E. coli, abnormal hemoglobin or white
        blood cell counts, a malignancy, asthma, taking prednisone or using an inhalant.

        No hemoglobin less than 11.0 or greater than 19.0 gm/dL

        No platelet counts less than 140 x 10(9)/L or greater than 500 x 10(9)/L.

        No absolute neutrophil count less than 1.5 x 10(9/)/L or greater than 10.0 x 10(9)/L.
      </textblock>
    </criteria>
    <gender>All</gender>
    <minimum_age>N/A</minimum_age>
    <maximum_age>N/A</maximum_age>
    <healthy_volunteers>Accepts Healthy Volunteers</healthy_volunteers>
  </eligibility>
  <location>
    <facility>
      <name>Warren G. Magnuson Clinical Center (CC)</name>
      <address>
        <city>Bethesda</city>
        <state>Maryland</state>
        <zip>20892</zip>
        <country>United States</country>
      </address>
    </facility>
  </location>
  <location_countries>
    <country>United States</country>
  </location_countries>
  <reference>
    <citation>Strauss RG. Therapeutic granulocyte transfusions in 1993. Blood. 1993 Apr 1;81(7):1675-8. Review.</citation>
    <PMID>8117344</PMID>
  </reference>
  <reference>
    <citation>Strauss RG. Clinical perspectives of granulocyte transfusions: efficacy to date. J Clin Apher. 1995;10(3):114-8. Review.</citation>
    <PMID>8582891</PMID>
  </reference>
  <reference>
    <citation>Vamvakas EC, Pineda AA. Determinants of the efficacy of prophylactic granulocyte transfusions: a meta-analysis. J Clin Apher. 1997;12(2):74-81.</citation>
    <PMID>9263114</PMID>
  </reference>
  <verification_date>June 2002</verification_date>
  <study_first_submitted>July 31, 2007</study_first_submitted>
  <study_first_submitted_qc>November 3, 1999</study_first_submitted_qc>
  <study_first_posted type="Estimate">November 4, 1999</study_first_posted>
  <last_update_submitted>March 3, 2008</last_update_submitted>
  <last_update_submitted_qc>March 3, 2008</last_update_submitted_qc>
  <last_update_posted type="Estimate">March 4, 2008</last_update_posted>
  <keyword>Granulocytes</keyword>
  <keyword>Granulocyte Colony Stimulating Factor</keyword>
  <keyword>Granulocyte Transfusion Factor</keyword>
  <keyword>Apheresis</keyword>
  <keyword>Blood Donors</keyword>
  <keyword>Healthy Volunteer</keyword>
  <intervention_browse>
    <!-- CAUTION:  The following MeSH terms are assigned with an imperfect algorithm            -->
    <mesh_term>Dexamethasone</mesh_term>
    <mesh_term>Sargramostim</mesh_term>
    <mesh_term>Lenograstim</mesh_term>
  </intervention_browse>
  <!-- Results have not yet been posted for this study                                          -->
</clinical_study>

