<clinical_study>
  <!-- This xml conforms to an XML Schema at:
    https://clinicaltrials.gov/ct2/html/images/info/public.xsd -->
  <required_header>
    <download_date>ClinicalTrials.gov processed this data on July 31, 2020</download_date>
    <link_text>Link to the current ClinicalTrials.gov record.</link_text>
    <url>https://clinicaltrials.gov/show/NCT00001390</url>
  </required_header>
  <id_info>
    <org_study_id>940018</org_study_id>
    <secondary_id>94-D-0018</secondary_id>
    <nct_id>NCT00001390</nct_id>
  </id_info>
  <brief_title>Salivary Evaluation in Healthy Volunteers</brief_title>
  <official_title>Salivary Evaluation in Healthy Volunteers</official_title>
  <sponsors>
    <lead_sponsor>
      <agency>National Institute of Dental and Craniofacial Research (NIDCR)</agency>
      <agency_class>NIH</agency_class>
    </lead_sponsor>
  </sponsors>
  <source>National Institutes of Health Clinical Center (CC)</source>
  <brief_summary>
    <textblock>
      Saliva is critical in maintaining oral health and comfort. Our laboratory has investigated
      several disorders of salivary glands. The purpose of this protocol is to obtain data from
      healthy volunteers for comparison with data from patients with salivary dysfunction. We plan
      to utilize the NIH Clinical Center Clinical Research Volunteer Program to solicit paid
      participation from healthy adults. Study procedures are accomplished in 2-3 outpatient visits
      that include an interview, saliva collection, lip biopsy, clinical laboratory studies, dry
      eye examination, and lip biopsy follow up, as needed. These are routine diagnostic
      procedures. Biopsy specimens may be used in clinical and laboratory studies, such as in vitro
      biochemical analysis or in vivo transplantation.

      Some of the Healthy Volunteers may be asked to participate in an MRI study of the salivary
      glands.
    </textblock>
  </brief_summary>
  <detailed_description>
    <textblock>
      -  Objective: To obtain data from healthy volunteers for comparison with data from patients
           with salivary dysfunction.

        -  Study population: Healthy volunteers aged 18-70 years old

        -  Design: Observational

        -  Outcome measures: Clinical and basic science data to serve as controls for comparisons
           with subjects presenting with salivary gland dysfunction

      Saliva is critical in maintaining oral health and comfort. Our laboratory has investigated
      several disorders of salivary glands. The purpose of this protocol is to obtain data from
      healthy volunteers for comparison with data from patients with salivary dysfunction. We plan
      to utilize the NIH Clinical Center Clinical Research Volunteer Program to solicit paid
      participation from healthy adults. Study procedures are accomplished in 2-3 outpatient visits
      that include an interview, saliva collection, lip biopsy, clinical laboratory studies, dry
      eye examination, and lip biopsy follow up, as needed. These are routine diagnostic
      procedures. Biopsy specimens may be used in clinical and laboratory studies, such as in vitro
      biochemical analysis or in vivo transplantation.

      Some of the Healthy Volunteers may be asked to participate in an MRI study of the salivary
      glands.

      The outcome measurement for this study is to determine those healthy subjects whose data and
      specimens can be used as control comparison for our patient subjects in our
      Sj(SqrRoot)(Delta)gren s syndrome studies (15-D-0051, 99-D-0070, 11-D-0094 and/or 11-D-0172).
    </textblock>
  </detailed_description>
  <overall_status>Completed</overall_status>
  <start_date>October 26, 1993</start_date>
  <completion_date>September 20, 2018</completion_date>
  <study_type>Observational</study_type>
  <has_expanded_access>No</has_expanded_access>
  <enrollment type="Actual">173</enrollment>
  <condition>Healthy</condition>
  <condition>Salivary Gland Disease</condition>
  <eligibility>
    <criteria>
      <textblock>
        -  INCLUSION CRITERIA:

          -  Healthy male or female volunteers from 18 to 70 years old.

          -  Ability to understand and sign an informed consent document.

        EXCLUSION CRITERIA:

          -  Known pregnancy.

          -  Chronic medical illness, other than well-controlled hypertension or hyperlipidemia.

          -  Chronic use of medications, with the exception of oral contraceptives, hormone
             replacement therapy, antihypertensives and antilipemics.

          -  Have problems with dry mouth and/or dry eyes.

          -  NIH employees who are subordinates/relatives/co-workers of investigators.
      </textblock>
    </criteria>
    <gender>All</gender>
    <minimum_age>18 Years</minimum_age>
    <maximum_age>70 Years</maximum_age>
    <healthy_volunteers>Accepts Healthy Volunteers</healthy_volunteers>
  </eligibility>
  <overall_official>
    <last_name>Blake M Warner, D.D.S.</last_name>
    <role>Principal Investigator</role>
    <affiliation>National Institute of Dental and Craniofacial Research (NIDCR)</affiliation>
  </overall_official>
  <location>
    <facility>
      <name>National Institutes of Health Clinical Center, 9000 Rockville Pike</name>
      <address>
        <city>Bethesda</city>
        <state>Maryland</state>
        <zip>20892</zip>
        <country>United States</country>
      </address>
    </facility>
  </location>
  <location_countries>
    <country>United States</country>
  </location_countries>
  <verification_date>September 20, 2018</verification_date>
  <study_first_submitted>November 3, 1999</study_first_submitted>
  <study_first_submitted_qc>November 3, 1999</study_first_submitted_qc>
  <study_first_posted type="Estimate">November 4, 1999</study_first_posted>
  <last_update_submitted>September 21, 2018</last_update_submitted>
  <last_update_submitted_qc>September 21, 2018</last_update_submitted_qc>
  <last_update_posted type="Actual">September 24, 2018</last_update_posted>
  <responsible_party>
    <responsible_party_type>Sponsor</responsible_party_type>
  </responsible_party>
  <keyword>Saliva</keyword>
  <keyword>Parotid</keyword>
  <keyword>Lip Biopsy</keyword>
  <keyword>Health</keyword>
  <keyword>Exocrine</keyword>
  <keyword>Normal Volunteer</keyword>
  <condition_browse>
    <!-- CAUTION:  The following MeSH terms are assigned with an imperfect algorithm            -->
    <mesh_term>Salivary Gland Diseases</mesh_term>
  </condition_browse>
  <!-- Results have not yet been posted for this study                                          -->
</clinical_study>

