<clinical_study>
  <!-- This xml conforms to an XML Schema at:
    https://clinicaltrials.gov/ct2/html/images/info/public.xsd -->
  <required_header>
    <download_date>ClinicalTrials.gov processed this data on July 31, 2020</download_date>
    <link_text>Link to the current ClinicalTrials.gov record.</link_text>
    <url>https://clinicaltrials.gov/show/NCT00000352</url>
  </required_header>
  <id_info>
    <org_study_id>NIDA-3-0012-1</org_study_id>
    <secondary_id>Y01-3-0012-1</secondary_id>
    <nct_id>NCT00000352</nct_id>
  </id_info>
  <brief_title>Effects of Dextromethorphan on Opioid Tolerance in Methadone Patients - 1</brief_title>
  <official_title>Effects of Dextromethorphan on Opioid Tolerance in Methadone Patients</official_title>
  <sponsors>
    <lead_sponsor>
      <agency>National Institute on Drug Abuse (NIDA)</agency>
      <agency_class>NIH</agency_class>
    </lead_sponsor>
    <collaborator>
      <agency>University of Pennsylvania</agency>
      <agency_class>Other</agency_class>
    </collaborator>
  </sponsors>
  <source>National Institute on Drug Abuse (NIDA)</source>
  <brief_summary>
    <textblock>
      The purpose of this study is to determine if addition of dextromethorphan to a stable dose of
      methadone in opioid dependent subjects will significantly affect physical and psychological
      aspects of opioid tolerance.
    </textblock>
  </brief_summary>
  <overall_status>Completed</overall_status>
  <start_date>December 1996</start_date>
  <completion_date type="Actual">April 1998</completion_date>
  <primary_completion_date type="Actual">February 1998</primary_completion_date>
  <phase>Phase 2</phase>
  <study_type>Interventional</study_type>
  <has_expanded_access>No</has_expanded_access>
  <study_design_info>
    <primary_purpose>Treatment</primary_purpose>
  </study_design_info>
  <enrollment>0</enrollment>
  <condition>Opioid-Related Disorders</condition>
  <condition>Substance-Related Disorders</condition>
  <intervention>
    <intervention_type>Drug</intervention_type>
    <intervention_name>Dextromethorphan</intervention_name>
  </intervention>
  <eligibility>
    <criteria>
      <textblock>
        Please contact site for information.
      </textblock>
    </criteria>
    <gender>All</gender>
    <minimum_age>21 Years</minimum_age>
    <maximum_age>55 Years</maximum_age>
    <healthy_volunteers>No</healthy_volunteers>
  </eligibility>
  <overall_official>
    <last_name>Charles O'Brien, M.D., Ph.D.</last_name>
    <role>Principal Investigator</role>
    <affiliation>PDVAMC Treatment Research Center</affiliation>
  </overall_official>
  <location>
    <facility>
      <name>University of Pennsylvania</name>
      <address>
        <city>Philadelphia</city>
        <state>Pennsylvania</state>
        <zip>19104 6178</zip>
        <country>United States</country>
      </address>
    </facility>
  </location>
  <location_countries>
    <country>United States</country>
  </location_countries>
  <verification_date>August 1997</verification_date>
  <study_first_submitted>September 20, 1999</study_first_submitted>
  <study_first_submitted_qc>September 20, 1999</study_first_submitted_qc>
  <study_first_posted type="Estimate">September 21, 1999</study_first_posted>
  <last_update_submitted>January 11, 2017</last_update_submitted>
  <last_update_submitted_qc>January 11, 2017</last_update_submitted_qc>
  <last_update_posted type="Estimate">January 12, 2017</last_update_posted>
  <keyword>opiate dependence</keyword>
  <condition_browse>
    <!-- CAUTION:  The following MeSH terms are assigned with an imperfect algorithm            -->
    <mesh_term>Disease</mesh_term>
    <mesh_term>Substance-Related Disorders</mesh_term>
    <mesh_term>Opioid-Related Disorders</mesh_term>
  </condition_browse>
  <intervention_browse>
    <!-- CAUTION:  The following MeSH terms are assigned with an imperfect algorithm            -->
    <mesh_term>Dextromethorphan</mesh_term>
  </intervention_browse>
  <!-- Results have not yet been posted for this study                                          -->
</clinical_study>

