<clinical_study>
  <!-- This xml conforms to an XML Schema at:
    https://clinicaltrials.gov/ct2/html/images/info/public.xsd -->
  <required_header>
    <download_date>ClinicalTrials.gov processed this data on July 31, 2020</download_date>
    <link_text>Link to the current ClinicalTrials.gov record.</link_text>
    <url>https://clinicaltrials.gov/show/NCT00003241</url>
  </required_header>
  <id_info>
    <org_study_id>TCCC-H-5057</org_study_id>
    <secondary_id>CDR0000066116</secondary_id>
    <secondary_id>NCI-98-C-0107D</secondary_id>
    <secondary_id>NCI-T96-0070</secondary_id>
    <nct_id>NCT00003241</nct_id>
  </id_info>
  <brief_title>Phenylacetate in Treating Children With Recurrent or Progressive Brain Tumors</brief_title>
  <official_title>Phase II Study of Phenylacetate in Pediatric Patients With Central Nervous System Tumors</official_title>
  <sponsors>
    <lead_sponsor>
      <agency>Texas Children's Cancer Center</agency>
      <agency_class>Other</agency_class>
    </lead_sponsor>
    <collaborator>
      <agency>National Cancer Institute (NCI)</agency>
      <agency_class>NIH</agency_class>
    </collaborator>
  </sponsors>
  <source>National Cancer Institute (NCI)</source>
  <brief_summary>
    <textblock>
      RATIONALE: Drugs used in chemotherapy use different ways to stop tumor cells from dividing so
      they stop growing or die.

      PURPOSE: Phase II trial to study the effectiveness of phenylacetate in treating children with
      recurrent or progressive brain tumors.
    </textblock>
  </brief_summary>
  <detailed_description>
    <textblock>
      OBJECTIVES: I. Determine the efficacy of phenylacetate in terms of response rate and time to
      progression in children with recurrent or progressive brain tumors, or with previously
      untreated poor prognosis brain tumors. II. Assess the toxicity of phenylacetate in these
      patients treated at the maximum tolerated dose. III. Determine the correlation between serum
      steady state phenylacetate levels and toxicity or response in these patients.

      OUTLINE: Patients are stratified by histologic type (anaplastic astrocytoma and glioblastoma
      multiforme vs brain stem glioma vs medulloblastoma and primitive neuroectodermal tumors vs
      ependymoma vs low grade glioma vs others). Patients receive phenylacetate as a continuous
      intravenous infusion on days 1-28. Courses of treatment are given continuously without rest.
      Treatment continues in the absence of disease progression or unacceptable toxicity. Patients
      are followed weekly.

      PROJECTED ACCRUAL: A total of 9-30 patients per stratum will be accrued for this study in 2
      years.
    </textblock>
  </detailed_description>
  <overall_status>Completed</overall_status>
  <start_date>May 1998</start_date>
  <completion_date type="Actual">September 2004</completion_date>
  <phase>Phase 2</phase>
  <study_type>Interventional</study_type>
  <has_expanded_access>No</has_expanded_access>
  <study_design_info>
    <primary_purpose>Treatment</primary_purpose>
  </study_design_info>
  <condition>Brain and Central Nervous System Tumors</condition>
  <intervention>
    <intervention_type>Drug</intervention_type>
    <intervention_name>phenylacetate</intervention_name>
  </intervention>
  <eligibility>
    <criteria>
      <textblock>
        DISEASE CHARACTERISTICS: Histologically confirmed recurrent or progressive brain tumors
        including the following: Anaplastic astrocytoma and glioblastoma multiforme Brain stem
        glioma Medulloblastoma or primitive neuroectodermal tumors present in supratentorial or
        posterior fossa locations Ependymoma Low grade gliomas Other Measurable or evaluable
        disease by CT or MRI OR Histologically confirmed previously untreated glial tumors
        including: Brain stem glioma Glioblastoma multiforme Measurable disease after surgery

        PATIENT CHARACTERISTICS: Age: 2 to 21 Performance status: Karnofsky 50-100% (over 10 years
        of age) Lansky 50-100% (under 10 years of age) Life expectancy: At least 8 weeks
        Hematopoietic: Absolute neutrophil count greater than 1,000/mm3 Platelet count greater than
        50,000/mm3 Hemoglobin greater than 7.0 g/dL Transfusion support allowed after bone marrow
        transplantation or extensive radiation Hepatic: Bilirubin less than 1.5 mg/dL SGPT less
        than 2 times normal Renal: Creatinine no greater than 1.5 mg/dL OR Creatinine clearance
        greater than 60 mL/min Other: Not pregnant or nursing Fertile patients must use effective
        contraception during and for 6 months after study No significant systemic illness including
        infections No amino acidurias or organic acidemias

        PRIOR CONCURRENT THERAPY: Biologic therapy: Recovered from all prior immunotherapy No
        concurrent prophylactic hematopoietic growth factors Chemotherapy: At least 3 weeks since
        prior myelosuppressive chemotherapy (6 weeks for nitrosourea) and recovered No other
        concurrent cancer chemotherapy Endocrine therapy: Stable or decreasing dosage of
        dexamethasone for intracranial pressure within 2 weeks of study entry No concurrent
        dexamethasone used as an antiemetic Radiotherapy: At least 8 weeks since prior radiotherapy
        to evaluable lesions and recovered Surgery: At least 4 months since prior radiosurgery
        Other: No other concurrent investigational agents
      </textblock>
    </criteria>
    <gender>All</gender>
    <minimum_age>2 Years</minimum_age>
    <maximum_age>21 Years</maximum_age>
    <healthy_volunteers>No</healthy_volunteers>
  </eligibility>
  <overall_official>
    <last_name>Lisa Bomgaars, MD</last_name>
    <role>Study Chair</role>
    <affiliation>Texas Children's Cancer Center</affiliation>
  </overall_official>
  <location>
    <facility>
      <name>Children's Hospital Los Angeles</name>
      <address>
        <city>Los Angeles</city>
        <state>California</state>
        <zip>90027-0700</zip>
        <country>United States</country>
      </address>
    </facility>
  </location>
  <location>
    <facility>
      <name>UCSF Cancer Center and Cancer Research Institute</name>
      <address>
        <city>San Francisco</city>
        <state>California</state>
        <zip>94115-0128</zip>
        <country>United States</country>
      </address>
    </facility>
  </location>
  <location>
    <facility>
      <name>Children's National Medical Center</name>
      <address>
        <city>Washington</city>
        <state>District of Columbia</state>
        <zip>20010-2970</zip>
        <country>United States</country>
      </address>
    </facility>
  </location>
  <location>
    <facility>
      <name>Pediatric Oncology Branch</name>
      <address>
        <city>Bethesda</city>
        <state>Maryland</state>
        <zip>20892</zip>
        <country>United States</country>
      </address>
    </facility>
  </location>
  <location>
    <facility>
      <name>Cleveland Clinic Cancer Center</name>
      <address>
        <city>Cleveland</city>
        <state>Ohio</state>
        <zip>44195</zip>
        <country>United States</country>
      </address>
    </facility>
  </location>
  <location>
    <facility>
      <name>Texas Children's Cancer Center</name>
      <address>
        <city>Houston</city>
        <state>Texas</state>
        <zip>77030-2399</zip>
        <country>United States</country>
      </address>
    </facility>
  </location>
  <location_countries>
    <country>United States</country>
  </location_countries>
  <verification_date>April 2000</verification_date>
  <study_first_submitted>November 1, 1999</study_first_submitted>
  <study_first_submitted_qc>September 9, 2004</study_first_submitted_qc>
  <study_first_posted type="Estimate">September 10, 2004</study_first_posted>
  <last_update_submitted>June 25, 2013</last_update_submitted>
  <last_update_submitted_qc>June 25, 2013</last_update_submitted_qc>
  <last_update_posted type="Estimate">June 26, 2013</last_update_posted>
  <keyword>recurrent childhood brain tumor</keyword>
  <keyword>childhood high-grade cerebral astrocytoma</keyword>
  <keyword>untreated childhood brain stem glioma</keyword>
  <keyword>recurrent childhood brain stem glioma</keyword>
  <keyword>recurrent childhood supratentorial primitive neuroectodermal tumor</keyword>
  <keyword>recurrent childhood cerebellar astrocytoma</keyword>
  <keyword>recurrent childhood cerebral astrocytoma</keyword>
  <keyword>recurrent childhood medulloblastoma</keyword>
  <keyword>recurrent childhood ependymoma</keyword>
  <condition_browse>
    <!-- CAUTION:  The following MeSH terms are assigned with an imperfect algorithm            -->
    <mesh_term>Nervous System Neoplasms</mesh_term>
    <mesh_term>Central Nervous System Neoplasms</mesh_term>
  </condition_browse>
  <intervention_browse>
    <!-- CAUTION:  The following MeSH terms are assigned with an imperfect algorithm            -->
    <mesh_term>Phenylacetic acid</mesh_term>
  </intervention_browse>
  <!-- Results have not yet been posted for this study                                          -->
</clinical_study>

