<clinical_study>
  <!-- This xml conforms to an XML Schema at:
    https://clinicaltrials.gov/ct2/html/images/info/public.xsd -->
  <required_header>
    <download_date>ClinicalTrials.gov processed this data on July 31, 2020</download_date>
    <link_text>Link to the current ClinicalTrials.gov record.</link_text>
    <url>https://clinicaltrials.gov/show/NCT00002393</url>
  </required_header>
  <id_info>
    <org_study_id>281A</org_study_id>
    <secondary_id>DMP 266-020</secondary_id>
    <nct_id>NCT00002393</nct_id>
  </id_info>
  <brief_title>A Study of Indinavir Taken With or Without DMP 266</brief_title>
  <official_title>A Phase III, Double-Blind, Placebo-Controlled, Multicenter Study to Determine the Effectiveness and Tolerability of the Combination of DMP 266 and Indinavir Versus Indinavir in HIV-Infected Patients Receiving Nucleoside Analogue (NRTI) Therapy</official_title>
  <sponsors>
    <lead_sponsor>
      <agency>Dupont Merck</agency>
      <agency_class>Industry</agency_class>
    </lead_sponsor>
  </sponsors>
  <source>NIH AIDS Clinical Trials Information Service</source>
  <brief_summary>
    <textblock>
      The purpose of this study is to see if it is safe and effective to add DMP 266 to an anti-HIV
      treatment program of indinavir and nucleoside reverse transcriptase inhibitors (NRTIs).
    </textblock>
  </brief_summary>
  <detailed_description>
    <textblock>
      In this double-blind, placebo-controlled study, 300 patients are randomized to 1 or 2 reverse
      transcriptase inhibitors of their choice plus blinded therapy on Arm A or B as follows:

      Arm A: DMP 266 placebo plus indinavir. Arm B: DMP 266 plus indinavir. After 16 weeks,
      patients may switch the NRTI portion of their regimen if they meet a treatment failure
      criterion. After the completion of the 24-week period, patients have the option to continue
      on open-label DMP 266 and indinavir.
    </textblock>
  </detailed_description>
  <overall_status>Completed</overall_status>
  <phase>Phase 3</phase>
  <study_type>Interventional</study_type>
  <has_expanded_access>No</has_expanded_access>
  <study_design_info>
    <intervention_model>Parallel Assignment</intervention_model>
    <primary_purpose>Treatment</primary_purpose>
  </study_design_info>
  <enrollment>300</enrollment>
  <condition>HIV Infections</condition>
  <intervention>
    <intervention_type>Drug</intervention_type>
    <intervention_name>Indinavir sulfate</intervention_name>
  </intervention>
  <intervention>
    <intervention_type>Drug</intervention_type>
    <intervention_name>Efavirenz</intervention_name>
  </intervention>
  <eligibility>
    <criteria>
      <textblock>
        Inclusion Criteria

        Patients must have:

          -  CD4+ cell count of at least 50 cells/mm3.

          -  HIV RNA level of at least 10,000 copies/ml by reverse transcriptase polymerase chain
             reaction (RT-PCR, Amplicor test kit) at screening.

          -  Signed, informed consent from parent or legal guardian for patients less than 18 years
             of age.

        Exclusion Criteria

        Prior Medication:

        Excluded:

          -  DMP 266.

          -  Other nonnucleoside reverse transcriptase inhibitors.

        Required:

        One or two NRTIs (except ZDV and d4T in combination) for a minimum of 8 weeks, within 12
        weeks prior to screening.
      </textblock>
    </criteria>
    <gender>All</gender>
    <minimum_age>13 Years</minimum_age>
    <maximum_age>60 Years</maximum_age>
    <healthy_volunteers>No</healthy_volunteers>
  </eligibility>
  <location>
    <facility>
      <name>Kaiser Foundation Hospital</name>
      <address>
        <city>San Francisco</city>
        <state>California</state>
        <zip>94118</zip>
        <country>United States</country>
      </address>
    </facility>
  </location>
  <location>
    <facility>
      <name>Med College of Georgia</name>
      <address>
        <city>Augusta</city>
        <state>Georgia</state>
        <zip>30912</zip>
        <country>United States</country>
      </address>
    </facility>
  </location>
  <location>
    <facility>
      <name>Chicago Ctr for Clinical Research</name>
      <address>
        <city>Chicago</city>
        <state>Illinois</state>
        <zip>60610</zip>
        <country>United States</country>
      </address>
    </facility>
  </location>
  <location>
    <facility>
      <name>Univ of Kentucky Med Ctr / Chandler Med Ctr</name>
      <address>
        <city>Lexington</city>
        <state>Kentucky</state>
        <zip>405360084</zip>
        <country>United States</country>
      </address>
    </facility>
  </location>
  <location>
    <facility>
      <name>Tulane Univ / Tulane / LSU Clinical Trials Unit</name>
      <address>
        <city>New Orleans</city>
        <state>Louisiana</state>
        <zip>70122</zip>
        <country>United States</country>
      </address>
    </facility>
  </location>
  <location>
    <facility>
      <name>Mount Sinai Med Ctr</name>
      <address>
        <city>New York</city>
        <state>New York</state>
        <zip>10029</zip>
        <country>United States</country>
      </address>
    </facility>
  </location>
  <location>
    <facility>
      <name>Univ of Rochester Med Ctr</name>
      <address>
        <city>Rochester</city>
        <state>New York</state>
        <zip>14642</zip>
        <country>United States</country>
      </address>
    </facility>
  </location>
  <location>
    <facility>
      <name>Vanderbilt Univ</name>
      <address>
        <city>Nashville</city>
        <state>Tennessee</state>
        <zip>372321302</zip>
        <country>United States</country>
      </address>
    </facility>
  </location>
  <location>
    <facility>
      <name>Hampton Roads Med Specialists</name>
      <address>
        <city>Hampton</city>
        <state>Virginia</state>
        <zip>23666</zip>
        <country>United States</country>
      </address>
    </facility>
  </location>
  <location>
    <facility>
      <name>Southern Alberta HIV Clinic / Foot Hills Hosp</name>
      <address>
        <city>Calgary</city>
        <state>Alberta</state>
        <country>Canada</country>
      </address>
    </facility>
  </location>
  <location>
    <facility>
      <name>Ottawa Gen Hosp</name>
      <address>
        <city>Ottawa</city>
        <state>Ontario</state>
        <country>Canada</country>
      </address>
    </facility>
  </location>
  <location>
    <facility>
      <name>Univ of Puerto Rico School of Medicine</name>
      <address>
        <city>San Juan</city>
        <zip>00927</zip>
        <country>Puerto Rico</country>
      </address>
    </facility>
  </location>
  <location_countries>
    <country>Canada</country>
    <country>Puerto Rico</country>
    <country>United States</country>
  </location_countries>
  <reference>
    <citation>Haas DW, Fessel WJ, Delapenha RA, Kessler H, Seekins D, Kaplan M, Ruiz NM, Ploughman LM, Labriola DF, Manion DJ. Therapy with efavirenz plus indinavir in patients with extensive prior nucleoside reverse-transcriptase inhibitor experience: a randomized, double-blind, placebo-controlled trial. J Infect Dis. 2001 Feb 1;183(3):392-400. Epub 2000 Dec 29.</citation>
    <PMID>11133370</PMID>
  </reference>
  <verification_date>July 1998</verification_date>
  <study_first_submitted>November 2, 1999</study_first_submitted>
  <study_first_submitted_qc>August 30, 2001</study_first_submitted_qc>
  <study_first_posted type="Estimate">August 31, 2001</study_first_posted>
  <last_update_submitted>June 23, 2005</last_update_submitted>
  <last_update_submitted_qc>June 23, 2005</last_update_submitted_qc>
  <last_update_posted type="Estimate">June 24, 2005</last_update_posted>
  <keyword>Placebos</keyword>
  <keyword>Drug Therapy, Combination</keyword>
  <keyword>HIV Protease Inhibitors</keyword>
  <keyword>Indinavir</keyword>
  <keyword>Reverse Transcriptase Inhibitors</keyword>
  <keyword>efavirenz</keyword>
  <condition_browse>
    <!-- CAUTION:  The following MeSH terms are assigned with an imperfect algorithm            -->
    <mesh_term>HIV Infections</mesh_term>
  </condition_browse>
  <intervention_browse>
    <!-- CAUTION:  The following MeSH terms are assigned with an imperfect algorithm            -->
    <mesh_term>Efavirenz</mesh_term>
    <mesh_term>Indinavir</mesh_term>
  </intervention_browse>
  <!-- Results have not yet been posted for this study                                          -->
</clinical_study>

