<clinical_study>
  <!-- This xml conforms to an XML Schema at:
    https://clinicaltrials.gov/ct2/html/images/info/public.xsd -->
  <required_header>
    <download_date>ClinicalTrials.gov processed this data on July 31, 2020</download_date>
    <link_text>Link to the current ClinicalTrials.gov record.</link_text>
    <url>https://clinicaltrials.gov/show/NCT00002363</url>
  </required_header>
  <id_info>
    <org_study_id>257A</org_study_id>
    <secondary_id>SPC3-US1</secondary_id>
    <nct_id>NCT00002363</nct_id>
  </id_info>
  <brief_title>The Safety and Effectiveness of SPC3 in HIV-1 Infected Patients</brief_title>
  <official_title>Study of the Safety and Effects of Two Doses of SPC3, Administered Daily Intravenously in HIV-1 Seropositive Patients</official_title>
  <sponsors>
    <lead_sponsor>
      <agency>Columbia Research Laboratories</agency>
      <agency_class>Industry</agency_class>
    </lead_sponsor>
  </sponsors>
  <source>NIH AIDS Clinical Trials Information Service</source>
  <brief_summary>
    <textblock>
      To assess the effects of two doses of synthetic peptide construction 3 ( SPC3 ) on HIV-1
      plasma levels (as measured by RNA PCR Amplicor) and on lymphocyte subsets in patients with
      initial viral load above 10,000 copies/ml. To study the safety of SPC3 and the kinetics of
      HIV-1 plasma level changes.
    </textblock>
  </brief_summary>
  <detailed_description>
    <textblock>
      The first five patients receive SPC3 daily for 3 weeks. If that dose is tolerated, the dose
      is increased and given to the next 5 patients for 3 weeks. The remaining ten patients receive
      a dose of SPC3 based on response to the previous two dose levels. Patients are followed
      through day 28.
    </textblock>
  </detailed_description>
  <overall_status>Completed</overall_status>
  <phase>Phase 1</phase>
  <study_type>Interventional</study_type>
  <has_expanded_access>No</has_expanded_access>
  <study_design_info>
    <primary_purpose>Treatment</primary_purpose>
  </study_design_info>
  <enrollment>20</enrollment>
  <condition>HIV Infections</condition>
  <intervention>
    <intervention_type>Drug</intervention_type>
    <intervention_name>Peptide Construction 3, Synthetic</intervention_name>
  </intervention>
  <eligibility>
    <criteria>
      <textblock>
        Inclusion Criteria

        Concurrent Medication:

        Allowed:

          -  Antiretrovirals provided regimen has been stable for at least 6 weeks prior to study
             screening.

        Patients must have:

          -  HIV seropositivity for at least 6 months.

          -  CD4 &gt;= 100 cells/mm3.

          -  HIV RNA PCR (Amplicor) &gt; 10,000 copies/ml.

          -  No significant active opportunistic infection or tumor at study entry.

        FDA DISCLAIMER:

          -  The FDA encourages the inclusion of females of childbearing potential in study
             protocols, but the sponsor of this protocol specifically excludes females of
             childbearing potential from this study and includes only females who are sterile. Any
             questions about these inclusion/exclusion criteria should be directed to the study's
             contact person.

        Prior Medication:

        Allowed:

          -  Prior antiretrovirals.

        Exclusion Criteria

        Co-existing Condition:

        Patients with the following conditions are excluded:

        Inability to communicate with investigator or deemed likely to be noncompliant on study.

        Concurrent Medication:

        Excluded:

          -  Any drug that may interact with SPC3 (e.g., suramin).

        Patients with the following prior condition are excluded:

        History of relevant drug hypersensitivity.

        Prior Medication:

        Excluded:

          -  Investigational drug within the past 4 weeks.
      </textblock>
    </criteria>
    <gender>All</gender>
    <minimum_age>18 Years</minimum_age>
    <maximum_age>65 Years</maximum_age>
    <healthy_volunteers>No</healthy_volunteers>
  </eligibility>
  <location>
    <facility>
      <name>Brown Univ School of Medicine</name>
      <address>
        <city>Providence</city>
        <state>Rhode Island</state>
        <zip>02908</zip>
        <country>United States</country>
      </address>
    </facility>
  </location>
  <location_countries>
    <country>United States</country>
  </location_countries>
  <verification_date>April 1999</verification_date>
  <study_first_submitted>November 2, 1999</study_first_submitted>
  <study_first_submitted_qc>August 30, 2001</study_first_submitted_qc>
  <study_first_posted type="Estimate">August 31, 2001</study_first_posted>
  <last_update_submitted>June 23, 2005</last_update_submitted>
  <last_update_submitted_qc>June 23, 2005</last_update_submitted_qc>
  <last_update_posted type="Estimate">June 24, 2005</last_update_posted>
  <keyword>Acquired Immunodeficiency Syndrome</keyword>
  <keyword>AIDS-Related Complex</keyword>
  <keyword>Antiviral Agents</keyword>
  <condition_browse>
    <!-- CAUTION:  The following MeSH terms are assigned with an imperfect algorithm            -->
    <mesh_term>HIV Infections</mesh_term>
  </condition_browse>
  <!-- Results have not yet been posted for this study                                          -->
</clinical_study>

