<clinical_study>
  <!-- This xml conforms to an XML Schema at:
    https://clinicaltrials.gov/ct2/html/images/info/public.xsd -->
  <required_header>
    <download_date>ClinicalTrials.gov processed this data on July 31, 2020</download_date>
    <link_text>Link to the current ClinicalTrials.gov record.</link_text>
    <url>https://clinicaltrials.gov/show/NCT00002783</url>
  </required_header>
  <id_info>
    <org_study_id>96-027</org_study_id>
    <secondary_id>CDR0000064831</secondary_id>
    <secondary_id>NCI-H96-0916</secondary_id>
    <nct_id>NCT00002783</nct_id>
  </id_info>
  <brief_title>Combination Chemotherapy Before and After Surgery in Treating Patients With Stomach Cancer</brief_title>
  <official_title>A PHASE II TRIAL OF NEOADJUVANT CISPLATIN-FLUOROURACIL CHEMOTHERAPY, SURGERY, AND INTRAPERITONEAL (IP) FLOXURIDINE (FUdR) PLUS LEUCOVORIN IN PATIENTS WITH GASTRIC CANCER</official_title>
  <sponsors>
    <lead_sponsor>
      <agency>Memorial Sloan Kettering Cancer Center</agency>
      <agency_class>Other</agency_class>
    </lead_sponsor>
    <collaborator>
      <agency>National Cancer Institute (NCI)</agency>
      <agency_class>NIH</agency_class>
    </collaborator>
  </sponsors>
  <source>Memorial Sloan Kettering Cancer Center</source>
  <brief_summary>
    <textblock>
      RATIONALE: Drugs used in chemotherapy use different ways to stop tumor cells from dividing so
      they stop growing or die. Combining more than one drug and giving them in different ways may
      kill more tumor cells.

      PURPOSE: Phase II trial to study the effectiveness of chemotherapy before and after surgery
      in treating patients with high-risk stomach cancer.
    </textblock>
  </brief_summary>
  <detailed_description>
    <textblock>
      OBJECTIVES: I. Evaluate the efficacy and toxicity of neoadjuvant cisplatin/fluorouracil
      (CDDP/5-FU) followed by surgery followed by adjuvant intraperitoneal floxuridine/leucovorin
      in patients with high-risk gastric cancer. II. Assess the quality of life and cost-benefit
      ratio associated with this treatment. III. Evaluate the sensitivity, specificity, and overall
      staging accuracy of laparoscopy with or without laparoscopic ultrasound in predicting the
      resectability rate (with and without neoadjuvant CDDP/5-FU), response to chemotherapy, and
      accuracy when compared to pathologic findings. IV. Correlate the presence of mutated vs.
      wild-type p53 suppressor oncogenes in endoscopic biopsies and resected tumor specimens with
      clinical outcome (defined as downstaging, failure pattern, and disease-free and overall
      survival) in patients treated with and without neoadjuvant CDDP/5-FU.

      OUTLINE: The following acronyms are used: CDDP Cisplatin, NSC-119875 CF Leucovorin calcium,
      NSC-3590 5-FU Fluorouracil, NSC-19893 FUDR Floxuridine, NSC-27640 2-Drug Combination
      Chemotherapy followed by Surgery followed by Single-Agent Chemotherapy with Drug Modulation.
      CDDP/5-FU; followed by total or subtotal radical gastrectomy with D2 dissection; followed by
      FUDR; with CF.

      PROJECTED ACCRUAL: A total of 50 patients will be entered over 2-2.5 years.
    </textblock>
  </detailed_description>
  <overall_status>Completed</overall_status>
  <start_date>May 1996</start_date>
  <completion_date type="Actual">January 2001</completion_date>
  <primary_completion_date type="Actual">January 2001</primary_completion_date>
  <phase>Phase 2</phase>
  <study_type>Interventional</study_type>
  <has_expanded_access>No</has_expanded_access>
  <study_design_info>
    <primary_purpose>Treatment</primary_purpose>
  </study_design_info>
  <enrollment type="Anticipated">50</enrollment>
  <condition>Gastric Cancer</condition>
  <intervention>
    <intervention_type>Drug</intervention_type>
    <intervention_name>cisplatin</intervention_name>
  </intervention>
  <intervention>
    <intervention_type>Drug</intervention_type>
    <intervention_name>floxuridine</intervention_name>
  </intervention>
  <intervention>
    <intervention_type>Drug</intervention_type>
    <intervention_name>fluorouracil</intervention_name>
  </intervention>
  <intervention>
    <intervention_type>Drug</intervention_type>
    <intervention_name>leucovorin calcium</intervention_name>
  </intervention>
  <intervention>
    <intervention_type>Procedure</intervention_type>
    <intervention_name>conventional surgery</intervention_name>
  </intervention>
  <eligibility>
    <criteria>
      <textblock>
        DISEASE CHARACTERISTICS: Microscopically confirmed adenocarcinoma of the stomach or
        gastroesophageal junction Reviewed by Department of Pathology of participating institution
        Stage II-IV (T2, N1-2, M0 or T3-4, any N, M0) by physical exam, CT, and laparoscopy
        Potentially curable by surgery Suspected sites of metastasis proven M0 prior to entry

        PATIENT CHARACTERISTICS: Age: Any age Performance status: Karnofsky 60%-100% Hematopoietic:
        WBC at least 4,000 Platelets at least 150,000 Hepatic: Bilirubin less than 2 mg/dL Renal:
        Creatinine no greater than 1.5 mg/dL OR Creatinine clearance greater than 50 mL/min BUN no
        greater than 30 mg/dL Cardiovascular: No NYHA class III/IV status No active angina No
        myocardial infarction within 6 months No significant ventricular arrhythmia requiring
        medication No clinically significant conduction system abnormality Other: No serious
        intercurrent infection No nonmalignant medical illness that is uncontrolled or precludes
        study participation No psychiatric disorder that precludes informed consent No clinically
        significant auditory impairment No second malignancy within 5 years except: Basal cell skin
        cancer Carcinoma in situ of the cervix No pregnant or nursing women Negative pregnancy test
        required of fertile women Effective contraception required of fertile patients

        PRIOR CONCURRENT THERAPY: No prior chemotherapy or radiotherapy
      </textblock>
    </criteria>
    <gender>All</gender>
    <minimum_age>N/A</minimum_age>
    <maximum_age>N/A</maximum_age>
    <healthy_volunteers>No</healthy_volunteers>
  </eligibility>
  <overall_official>
    <last_name>David Paul Kelsen, MD</last_name>
    <role>Study Chair</role>
    <affiliation>Memorial Sloan Kettering Cancer Center</affiliation>
  </overall_official>
  <location>
    <facility>
      <name>Memorial Sloan-Kettering Cancer Center</name>
      <address>
        <city>New York</city>
        <state>New York</state>
        <zip>10021</zip>
        <country>United States</country>
      </address>
    </facility>
  </location>
  <location_countries>
    <country>United States</country>
  </location_countries>
  <verification_date>July 2013</verification_date>
  <study_first_submitted>November 1, 1999</study_first_submitted>
  <study_first_submitted_qc>August 23, 2004</study_first_submitted_qc>
  <study_first_posted type="Estimate">August 24, 2004</study_first_posted>
  <last_update_submitted>July 1, 2013</last_update_submitted>
  <last_update_submitted_qc>July 1, 2013</last_update_submitted_qc>
  <last_update_posted type="Estimate">July 3, 2013</last_update_posted>
  <keyword>stage II gastric cancer</keyword>
  <keyword>stage III gastric cancer</keyword>
  <keyword>stage IV gastric cancer</keyword>
  <keyword>adenocarcinoma of the stomach</keyword>
  <condition_browse>
    <!-- CAUTION:  The following MeSH terms are assigned with an imperfect algorithm            -->
    <mesh_term>Stomach Neoplasms</mesh_term>
  </condition_browse>
  <intervention_browse>
    <!-- CAUTION:  The following MeSH terms are assigned with an imperfect algorithm            -->
    <mesh_term>Leucovorin</mesh_term>
    <mesh_term>Fluorouracil</mesh_term>
    <mesh_term>Floxuridine</mesh_term>
    <mesh_term>Calcium</mesh_term>
    <mesh_term>Levoleucovorin</mesh_term>
  </intervention_browse>
  <!-- Results have not yet been posted for this study                                          -->
</clinical_study>

