<clinical_study>
  <!-- This xml conforms to an XML Schema at:
    https://clinicaltrials.gov/ct2/html/images/info/public.xsd -->
  <required_header>
    <download_date>ClinicalTrials.gov processed this data on July 31, 2020</download_date>
    <link_text>Link to the current ClinicalTrials.gov record.</link_text>
    <url>https://clinicaltrials.gov/show/NCT00000606</url>
  </required_header>
  <id_info>
    <org_study_id>218</org_study_id>
    <nct_id>NCT00000606</nct_id>
  </id_info>
  <brief_title>National Emphysema Treatment Trial (NETT)</brief_title>
  <sponsors>
    <lead_sponsor>
      <agency>National Heart, Lung, and Blood Institute (NHLBI)</agency>
      <agency_class>NIH</agency_class>
    </lead_sponsor>
  </sponsors>
  <source>National Heart, Lung, and Blood Institute (NHLBI)</source>
  <brief_summary>
    <textblock>
      To evaluate the long term efficacy, morbidity and mortality associated with medical therapy
      with lung volume reduction surgery (LVRS) as compared to medical therapy alone and to define
      patient selection criteria. The trial, conducted in conjunction with a patient registry, is
      supported by the NHLBI, the Centers for Medicare and Medicaid Services (CMS), and the Agency
      for Healthcare Research and Quality (AHRQ).
    </textblock>
  </brief_summary>
  <detailed_description>
    <textblock>
      BACKGROUND:

      LVRS is intended primarily for those patients whose chronic obstructive pulmonary disease
      (COPD) is predominantly emphysema. Emphysema is characterized anatomically &quot;by abnormal,
      persistent enlargement of the airspaces distal to the terminal bronchioles, accompanied by
      the destruction of the airspace walls and without obvious fibrosis&quot;. The loss of the lung
      architecture leads to compressible peripheral airways that close at higher than normal lung
      volumes (early airway closure). The increased compliance and the air trapping from early
      closure leads to hyperinflation of the lung, over distention of the chest wall, a flattened,
      disadvantaged diaphragm, and ventilation-perfusion mismatch. In the 1950s and 1960s, Dr. Otto
      Brantigan theorized that surgical excision of multiple wedges of lung would reduce lung
      volumes, thereby restoring the outward elastic pull on the small airways and reduce airway
      obstruction. Dr. Brantigan reported that the surgical excision of lung tissue resulted in
      significant clinical improvement in some cases, but mortality was high. With little objective
      data and high mortality, the procedure did not gain widespread acceptance.

      The experience that diaphragmatic and chest wall function could be restored in emphysema with
      lung transplantation renewed interest in Dr. Brantigan's work. Improvements in surgical
      technique have opened the possibility of performing surgical excisions of lung tissue. Recent
      reports on LVRS have shown improvements in FEV1, FVC, TLC, RV and dyspnea and quality of life
      assessments.

      These reports generated enormous excitement among patients and their doctors. Many centers
      around the country started performing LVRS with the result that hundreds of patients had the
      procedure, despite the preliminary nature of the results, the lack of rigorous patient
      selection criteria and the lack of information on long term outcome. Basic questions remain
      such as which patient should have the surgery, what protocol should be followed, what
      physiological tests should be obtained, and what is the long term efficacy of the technique
      on morbidity, mortality, and quality of life. The mechanisms of benefit and the full
      cardiopulmonary consequences are unknown.

      The concept for the trial originated in the NHLBI Workshop on Evaluation and Research in Lung
      Volume Reduction Surgery. The initiative was reviewed and approved at the May 1996 National
      Heart, Lung, and Blood Advisory Council meeting. The Requests for Proposals were released in
      June, 1996.

      DESIGN NARRATIVE:

      In the trial, 1218 eligible patients were randomized to receive either medical therapy (610)
      or medical therapy with LVRS(608). LVRS was performed by median sternotomy or video-assisted
      thorascopic surgery (VATS). Centers randomized their patients to either a) medical therapy
      alone versus medical therapy with LVRS by median sternotomy, b) medical therapy alone versus
      medical therapy with LVRS by VATS, or c) medical therapy alone versus medical therapy with
      LVRS by median sternotomy versus medical therapy with LVRS by bilateral VATS. Medical therapy
      included pulmonary rehabilitation and education. Direct comparisons of the two surgical
      techniques were possible only at the centers that performed both techniques. All arms
      included intensive pulmonary rehabilitation. The primary endpoints were survival and
      functional improvement as assessed by maximum workload. Secondary endpoints included
      morbidity, improvement in pulmonary function, quality of life and performance of activities
      of daily living. Follow-up exams, including history, physical exams, pulmonary function
      tests, exercise tests and quality of life assessments, occurred after pre-operative
      rehabilitation and six and twelve months after surgery and every twelve months thereafter.
      Recruitment ended July 31, 2002 and follow-up ended in December, 2002.
    </textblock>
  </detailed_description>
  <overall_status>Completed</overall_status>
  <start_date>December 1996</start_date>
  <completion_date type="Actual">December 2005</completion_date>
  <primary_completion_date type="Actual">December 2005</primary_completion_date>
  <phase>Phase 3</phase>
  <study_type>Interventional</study_type>
  <has_expanded_access>No</has_expanded_access>
  <study_design_info>
    <allocation>Randomized</allocation>
    <primary_purpose>Treatment</primary_purpose>
  </study_design_info>
  <condition>Emphysema</condition>
  <condition>Lung Diseases</condition>
  <condition>Lung Diseases, Obstructive</condition>
  <condition>Chronic Obstructive Pulmonary Disease</condition>
  <intervention>
    <intervention_type>Procedure</intervention_type>
    <intervention_name>Lung volume reduction surgery</intervention_name>
  </intervention>
  <eligibility>
    <criteria>
      <textblock>
        Men and women with end-stage emphysema.
      </textblock>
    </criteria>
    <gender>All</gender>
    <minimum_age>N/A</minimum_age>
    <maximum_age>100 Years</maximum_age>
    <healthy_volunteers>No</healthy_volunteers>
  </eligibility>
  <overall_official>
    <last_name>Steven Piantadosi</last_name>
    <affiliation>Johns Hopkins University</affiliation>
  </overall_official>
  <reference>
    <citation>Rationale and design of the National Emphysema Treatment Trial (NETT): A prospective randomized trial of lung volume reduction surgery. J Thorac Cardiovasc Surg. 1999 Sep;118(3):518-28.</citation>
    <PMID>10469970</PMID>
  </reference>
  <reference>
    <citation>Rationale and design of The National Emphysema Treatment Trial: a prospective randomized trial of lung volume reduction surgery. The National Emphysema Treatment Trial Research Group. Chest. 1999 Dec;116(6):1750-61.</citation>
    <PMID>10593802</PMID>
  </reference>
  <reference>
    <citation>Ramsey SD, Sullivan SD, Kaplan RM, Wood DE, Chiang YP, Wagner JL. Economic analysis of lung volume reduction surgery as part of the National Emphysema Treatment Trial. NETT Research Group. Ann Thorac Surg. 2001 Mar;71(3):995-1002.</citation>
    <PMID>11269488</PMID>
  </reference>
  <reference>
    <citation>Drazen JM. Surgery for emphysema--not for everyone. N Engl J Med. 2001 Oct 11;345(15):1126-8.</citation>
    <PMID>11596594</PMID>
  </reference>
  <reference>
    <citation>National Emphysema Treatment Trial Research Group, Fishman A, Fessler H, Martinez F, McKenna RJ Jr, Naunheim K, Piantadosi S, Weinmann G, Wise R. Patients at high risk of death after lung-volume-reduction surgery. N Engl J Med. 2001 Oct 11;345(15):1075-83.</citation>
    <PMID>11596586</PMID>
  </reference>
  <reference>
    <citation>Rationale and design of the national emphysema treatment trial. A prospective randomized trial of lung volume reduction surgery. The national emphysema treatment trial research group. J Cardiopulm Rehabil. 2000 Jan;20(1):24-36.</citation>
    <PMID>10680095</PMID>
  </reference>
  <reference>
    <citation>Scharf SM, Iqbal M, Keller C, Criner G, Lee S, Fessler HE; National Emphysema Treatment Trial (NETT) Group. Hemodynamic characterization of patients with severe emphysema. Am J Respir Crit Care Med. 2002 Aug 1;166(3):314-22.</citation>
    <PMID>12153963</PMID>
  </reference>
  <reference>
    <citation>Ramsey SD, Berry K, Etzioni R, Kaplan RM, Sullivan SD, Wood DE; National Emphysema Treatment Trial Research Group. Cost effectiveness of lung-volume-reduction surgery for patients with severe emphysema. N Engl J Med. 2003 May 22;348(21):2092-102. Epub 2003 May 20.</citation>
    <PMID>12759480</PMID>
  </reference>
  <reference>
    <citation>Fishman A, Martinez F, Naunheim K, Piantadosi S, Wise R, Ries A, Weinmann G, Wood DE; National Emphysema Treatment Trial Research Group. A randomized trial comparing lung-volume-reduction surgery with medical therapy for severe emphysema. N Engl J Med. 2003 May 22;348(21):2059-73. Epub 2003 May 20.</citation>
    <PMID>12759479</PMID>
  </reference>
  <reference>
    <citation>Ware JH. The National Emphysema Treatment Trial--how strong is the evidence? N Engl J Med. 2003 May 22;348(21):2055-6. Epub 2003 May 20.</citation>
    <PMID>12759478</PMID>
  </reference>
  <reference>
    <citation>Drazen JM, Epstein AM. Guidance concerning surgery for emphysema. N Engl J Med. 2003 May 22;348(21):2134-6. Epub 2003 May 20.</citation>
    <PMID>12759481</PMID>
  </reference>
  <reference>
    <citation>Sciurba F, Criner GJ, Lee SM, Mohsenifar Z, Shade D, Slivka W, Wise RA; National Emphysema Treatment Trial Research Group. Six-minute walk distance in chronic obstructive pulmonary disease: reproducibility and effect of walking course layout and length. Am J Respir Crit Care Med. 2003 Jun 1;167(11):1522-7. Epub 2003 Feb 20.</citation>
    <PMID>12615634</PMID>
  </reference>
  <reference>
    <citation>McKenna RJ Jr, Benditt JO, DeCamp M, Deschamps C, Kaiser L, Lee SM, Mohsenifar Z, Piantadosi S, Ramsey S, Reilly J, Utz J; National Emphysema Treatment Trial Research Group. Safety and efficacy of median sternotomy versus video-assisted thoracic surgery for lung volume reduction surgery. J Thorac Cardiovasc Surg. 2004 May;127(5):1350-60.</citation>
    <PMID>15115992</PMID>
  </reference>
  <reference>
    <citation>Kaplan RM, Ries AL, Reilly J, Mohsenifar Z; National Emphysema Treatment Trial Research Group. Measurement of health-related quality of life in the national emphysema treatment trial. Chest. 2004 Sep;126(3):781-9.</citation>
    <PMID>15364757</PMID>
  </reference>
  <verification_date>April 2009</verification_date>
  <study_first_submitted>October 27, 1999</study_first_submitted>
  <study_first_submitted_qc>October 27, 1999</study_first_submitted_qc>
  <study_first_posted type="Estimate">October 28, 1999</study_first_posted>
  <last_update_submitted>April 13, 2016</last_update_submitted>
  <last_update_submitted_qc>April 13, 2016</last_update_submitted_qc>
  <last_update_posted type="Estimate">April 14, 2016</last_update_posted>
  <condition_browse>
    <!-- CAUTION:  The following MeSH terms are assigned with an imperfect algorithm            -->
    <mesh_term>Lung Diseases</mesh_term>
    <mesh_term>Lung Diseases, Obstructive</mesh_term>
    <mesh_term>Pulmonary Disease, Chronic Obstructive</mesh_term>
    <mesh_term>Pulmonary Emphysema</mesh_term>
    <mesh_term>Emphysema</mesh_term>
  </condition_browse>
  <study_docs>
    <study_doc>
      <doc_id>NETT</doc_id>
      <doc_type>Individual Participant Data Set</doc_type>
      <doc_url>http://biolincc.nhlbi.nih.gov/studies/nett/</doc_url>
      <doc_comment>NHLBI provides controlled access to IPD through BioLINCC. Access requires registration, evidence of local IRB approval or certification of exemption from IRB review, and completion of a data use agreement.</doc_comment>
    </study_doc>
    <study_doc>
      <doc_type>Study Protocol</doc_type>
      <doc_url>http://biolincc.nhlbi.nih.gov/studies/nett/</doc_url>
    </study_doc>
    <study_doc>
      <doc_type>Study Forms</doc_type>
      <doc_url>http://biolincc.nhlbi.nih.gov/studies/nett/</doc_url>
    </study_doc>
  </study_docs>
  <!-- Results have not yet been posted for this study                                          -->
</clinical_study>

