<clinical_study>
  <!-- This xml conforms to an XML Schema at:
    https://clinicaltrials.gov/ct2/html/images/info/public.xsd -->
  <required_header>
    <download_date>ClinicalTrials.gov processed this data on July 31, 2020</download_date>
    <link_text>Link to the current ClinicalTrials.gov record.</link_text>
    <url>https://clinicaltrials.gov/show/NCT00002553</url>
  </required_header>
  <id_info>
    <org_study_id>160.06</org_study_id>
    <secondary_id>CDR0000063397</secondary_id>
    <secondary_id>NCI-H94-0372</secondary_id>
    <nct_id>NCT00002553</nct_id>
  </id_info>
  <brief_title>Chemotherapy Plus Radiation Therapy and Biological Therapy in Treating Patients With Hematologic Cancer</brief_title>
  <official_title>TREATMENT OF PATIENTS WITH HEMATOLOGIC MALIGNANCIES USING MARROW TRANSPLANTATION FROM UNRELATED DONORS MATCHED FOR HLA OR INCOMPATIBLE FOR ONE HLA LOCUS ANTIGEN</official_title>
  <sponsors>
    <lead_sponsor>
      <agency>Fred Hutchinson Cancer Research Center</agency>
      <agency_class>Other</agency_class>
    </lead_sponsor>
    <collaborator>
      <agency>National Cancer Institute (NCI)</agency>
      <agency_class>NIH</agency_class>
    </collaborator>
  </sponsors>
  <source>Fred Hutchinson Cancer Research Center</source>
  <brief_summary>
    <textblock>
      RATIONALE: Drugs used in chemotherapy use different ways to stop tumor cells from dividing so
      they stop growing or die. Radiation therapy uses high-energy x-rays to damage tumor cells.
      Bone marrow transplantation may be able to replace immune cells that were destroyed by
      chemotherapy or radiation therapy used to kill tumor cells.

      PURPOSE: Phase II trial to study the effectiveness of bone marrow transplantation using
      unrelated bone marrow donors in treating patients who have hematologic cancer.
    </textblock>
  </brief_summary>
  <detailed_description>
    <textblock>
      OBJECTIVES: I. Determine whether the use of donors with a one non crossreactive group (CREG)
      mismatch for HLA-A or B in patients less than 36 years of age is associated with more
      frequent graft versus host disease (GVHD) of grades III-IV than previously observed with
      donors with one CREG mismatch. II. Determine whether the use of donors with a one CREG
      mismatch for HLA-A or B in patients 36-50 years of age is associated with more frequent GVHD
      of grades III-IV than previously observed with matched donors. III. Determine the relevance
      of HLA-A allele mismatching in bone marrow transplants from donors matched for HLA-A, B, and
      DR phenotypes.

      OUTLINE: This is a parallel, open label study. Patients are assigned to 1 of 3 treatment
      arms. Arm I: Patients receive cyclophosphamide IV on days -7 and -6 and total body
      irradiation (TBI) 3 times a day on days -4 through -1. Allogeneic bone marrow (ABM) is
      infused on day 0. Arm II: Patients receive therapy as in arm I, except TBI is administered
      twice a day on day -1 only. ABM is infused on day 0. Arm III: Patients receive
      cyclophosphamide IV on days -6 and -5 and TBI twice a day on days -3 through -1. ABM is
      infused on day 0. Males with ALL receive an additional radiation boost to the testes during
      TBI. Patients are followed at least every 6 months for 2 years, then annually thereafter.

      PROJECTED ACCRUAL: A total of 50 patients under 36 years old and 50 patients 36-50 years old
      will be accrued for this study within 5 years. Additional patients will be accrued for the
      standard therapy arm of this study.
    </textblock>
  </detailed_description>
  <overall_status>Completed</overall_status>
  <start_date>August 1990</start_date>
  <completion_date type="Actual">June 2003</completion_date>
  <phase>Phase 2</phase>
  <study_type>Interventional</study_type>
  <has_expanded_access>No</has_expanded_access>
  <study_design_info>
    <primary_purpose>Treatment</primary_purpose>
  </study_design_info>
  <enrollment type="Anticipated">50</enrollment>
  <condition>Leukemia</condition>
  <condition>Lymphoma</condition>
  <intervention>
    <intervention_type>Drug</intervention_type>
    <intervention_name>cyclophosphamide</intervention_name>
  </intervention>
  <intervention>
    <intervention_type>Procedure</intervention_type>
    <intervention_name>allogeneic bone marrow transplantation</intervention_name>
  </intervention>
  <intervention>
    <intervention_type>Radiation</intervention_type>
    <intervention_name>low-LET cobalt-60 gamma ray therapy</intervention_name>
  </intervention>
  <eligibility>
    <criteria>
      <textblock>
        DISEASE CHARACTERISTICS: Hematologic malignancies of the following types: Chronic
        myelogenous leukemia (CML) in chronic or accelerated phase Newly diagnosed acute leukemia
        at high risk of relapse following chemotherapy alone Early referral encouraged so that
        donor search can begin as soon as possible Acute leukemia failing one cycle of induction
        chemotherapy Acute leukemia beyond first remission High-risk Hodgkin's disease and
        non-Hodgkin's lymphoma in first remission Hodgkin's disease, non-Hodgkin's lymphoma, or
        other malignant lymphoproliferative disease after first remission No suitable related donor
        available (i.e., no HLA genotypically identical sibling) No haploidentical relative with no
        more than 1 unshared haplotype for an HLA-A, -B, or -D locus Acute leukemia in relapse and
        CML in blast crisis eligible only under the following conditions: Patient's clinical
        condition is likely to remain stable for the 2-6 month period necessary to find a marrow
        donor Remission induction has been attempted Local physician and patient accept that the
        search or transplant may be canceled if the patient's condition deteriorates during the
        search No leukoencephalopathy Donor requirements: Age less than 60 In good health
        Phenotypically identical for HLA-A, -B, and -DRB1 1-antigen mismatch for HLA-A, -B, or
        -DRB1 locus allowed for patients below age 36 Patients for whom TBI is contraindicated may
        be treated on protocol FHCRC-739 Severe aplastic anemia should be transplanted according to
        protocols FHCRC-174.2 or FHCRC-800 Myelodysplastic syndrome should be transplanted
        according to protocol FHCRC-179.3 or FHCRC-844

        PATIENT CHARACTERISTICS: Age: Under 56 Performance status: Not specified Life expectancy:
        Not specified Hematopoietic: Not specified Hepatic: No acute hepatitis No other severe
        hepatic disease Renal: Creatinine less than 2 times normal for age, weight, and sex
        Cardiovascular: No symptomatic cardiac disease Pulmonary: No active pulmonary disease No
        history of pulmonary fibrosis No severe hypoxemia (pO2 less than 70 mm Hg and DLCO less
        than 70%) No mild hypoxemia (pO2 less than 80 mm Hg and DLCO less than 60%) Other: HIV
        negative No severe limitations due to diseases other than malignancy

        PRIOR CONCURRENT THERAPY: No more than 3,000 cGy to the whole brain No more than 1,500 cGy
        to the chest or abdomen At least 6 months since involved-field irradiation to the chest or
        abdomen
      </textblock>
    </criteria>
    <gender>All</gender>
    <minimum_age>N/A</minimum_age>
    <maximum_age>55 Years</maximum_age>
    <healthy_volunteers>No</healthy_volunteers>
  </eligibility>
  <overall_official>
    <last_name>Claudio Anasetti, MD</last_name>
    <role>Study Chair</role>
    <affiliation>Fred Hutchinson Cancer Research Center</affiliation>
  </overall_official>
  <location>
    <facility>
      <name>Fred Hutchinson Cancer Research Center</name>
      <address>
        <city>Seattle</city>
        <state>Washington</state>
        <zip>98109</zip>
        <country>United States</country>
      </address>
    </facility>
  </location>
  <location_countries>
    <country>United States</country>
  </location_countries>
  <reference>
    <citation>Anasetti C, Etzioni R, Petersdorf EW, Martin PJ, Hansen JA. Marrow transplantation from unrelated volunteer donors. Annu Rev Med. 1995;46:169-79. Review.</citation>
    <PMID>7598453</PMID>
  </reference>
  <results_reference>
    <citation>Petersdorf EW, Longton GM, Anasetti C, Martin PJ, Mickelson EM, Smith AG, Hansen JA. The significance of HLA-DRB1 matching on clinical outcome after HLA-A, B, DR identical unrelated donor marrow transplantation. Blood. 1995 Aug 15;86(4):1606-13.</citation>
    <PMID>7632970</PMID>
  </results_reference>
  <results_reference>
    <citation>Beatty PG, Anasetti C, Hansen JA, Longton GM, Sanders JE, Martin PJ, Mickelson EM, Choo SY, Petersdorf EW, Pepe MS, et al. Marrow transplantation from unrelated donors for treatment of hematologic malignancies: effect of mismatching for one HLA locus. Blood. 1993 Jan 1;81(1):249-53.</citation>
    <PMID>8417795</PMID>
  </results_reference>
  <results_reference>
    <citation>Beatty PG, Hansen JA, Longton GM, Thomas ED, Sanders JE, Martin PJ, Bearman SI, Anasetti C, Petersdorf EW, Mickelson EM, et al. Marrow transplantation from HLA-matched unrelated donors for treatment of hematologic malignancies. Transplantation. 1991 Feb;51(2):443-7.</citation>
    <PMID>1994541</PMID>
  </results_reference>
  <verification_date>November 2011</verification_date>
  <study_first_submitted>November 1, 1999</study_first_submitted>
  <study_first_submitted_qc>April 23, 2004</study_first_submitted_qc>
  <study_first_posted type="Estimate">April 26, 2004</study_first_posted>
  <last_update_submitted>November 28, 2011</last_update_submitted>
  <last_update_submitted_qc>November 28, 2011</last_update_submitted_qc>
  <last_update_posted type="Estimate">November 30, 2011</last_update_posted>
  <keyword>stage IV adult Hodgkin lymphoma</keyword>
  <keyword>recurrent childhood acute lymphoblastic leukemia</keyword>
  <keyword>recurrent adult Hodgkin lymphoma</keyword>
  <keyword>Waldenstrom macroglobulinemia</keyword>
  <keyword>stage IV childhood lymphoblastic lymphoma</keyword>
  <keyword>recurrent childhood lymphoblastic lymphoma</keyword>
  <keyword>recurrent childhood acute myeloid leukemia</keyword>
  <keyword>recurrent adult acute myeloid leukemia</keyword>
  <keyword>recurrent adult acute lymphoblastic leukemia</keyword>
  <keyword>relapsing chronic myelogenous leukemia</keyword>
  <keyword>chronic phase chronic myelogenous leukemia</keyword>
  <keyword>accelerated phase chronic myelogenous leukemia</keyword>
  <keyword>blastic phase chronic myelogenous leukemia</keyword>
  <keyword>untreated adult acute lymphoblastic leukemia</keyword>
  <keyword>untreated adult acute myeloid leukemia</keyword>
  <keyword>untreated childhood acute myeloid leukemia and other myeloid malignancies</keyword>
  <keyword>untreated childhood acute lymphoblastic leukemia</keyword>
  <keyword>adult acute myeloid leukemia in remission</keyword>
  <keyword>adult acute lymphoblastic leukemia in remission</keyword>
  <keyword>childhood acute myeloid leukemia in remission</keyword>
  <keyword>childhood acute lymphoblastic leukemia in remission</keyword>
  <keyword>stage IV childhood Hodgkin lymphoma</keyword>
  <keyword>recurrent/refractory childhood Hodgkin lymphoma</keyword>
  <keyword>recurrent adult non-Hodgkin lymphoma</keyword>
  <keyword>recurrent grade 1 follicular lymphoma</keyword>
  <keyword>recurrent grade 2 follicular lymphoma</keyword>
  <keyword>recurrent grade 3 follicular lymphoma</keyword>
  <keyword>recurrent adult diffuse small cleaved cell lymphoma</keyword>
  <keyword>recurrent adult diffuse mixed cell lymphoma</keyword>
  <keyword>recurrent adult diffuse large cell lymphoma</keyword>
  <keyword>recurrent adult immunoblastic large cell lymphoma</keyword>
  <keyword>recurrent adult lymphoblastic lymphoma</keyword>
  <keyword>recurrent adult Burkitt lymphoma</keyword>
  <keyword>stage IV childhood small noncleaved cell lymphoma</keyword>
  <keyword>stage IV childhood large cell lymphoma</keyword>
  <keyword>recurrent childhood small noncleaved cell lymphoma</keyword>
  <keyword>recurrent childhood large cell lymphoma</keyword>
  <keyword>recurrent mantle cell lymphoma</keyword>
  <keyword>recurrent marginal zone lymphoma</keyword>
  <keyword>recurrent small lymphocytic lymphoma</keyword>
  <keyword>extranodal marginal zone B-cell lymphoma of mucosa-associated lymphoid tissue</keyword>
  <keyword>nodal marginal zone B-cell lymphoma</keyword>
  <keyword>splenic marginal zone lymphoma</keyword>
  <condition_browse>
    <!-- CAUTION:  The following MeSH terms are assigned with an imperfect algorithm            -->
    <mesh_term>Lymphoma</mesh_term>
    <mesh_term>Leukemia</mesh_term>
  </condition_browse>
  <intervention_browse>
    <!-- CAUTION:  The following MeSH terms are assigned with an imperfect algorithm            -->
    <mesh_term>Cobalt</mesh_term>
    <mesh_term>Cyclophosphamide</mesh_term>
  </intervention_browse>
  <!-- Results have not yet been posted for this study                                          -->
</clinical_study>

