<clinical_study>
  <!-- This xml conforms to an XML Schema at:
    https://clinicaltrials.gov/ct2/html/images/info/public.xsd -->
  <required_header>
    <download_date>ClinicalTrials.gov processed this data on July 31, 2020</download_date>
    <link_text>Link to the current ClinicalTrials.gov record.</link_text>
    <url>https://clinicaltrials.gov/show/NCT00002737</url>
  </required_header>
  <id_info>
    <org_study_id>EORTC-30951</org_study_id>
    <secondary_id>EORTC-30951</secondary_id>
    <nct_id>NCT00002737</nct_id>
  </id_info>
  <brief_title>Interferon Alfa With or Without Isotretinoin in Treating Patients With Metastatic Kidney Cancer</brief_title>
  <official_title>A RANDOMIZED PHASE II TRIAL OF INTERFERON ALPHA-2A WITH AND WITHOUT 13-CIS RETINOIC ACID IN PATIENTS WITH PROGRESSIVE MEASURABLE METASTATIC RENAL CELL CARCINOMA. Amendment Protocol: Extension to a Randomized Phase III Trial</official_title>
  <sponsors>
    <lead_sponsor>
      <agency>European Organisation for Research and Treatment of Cancer - EORTC</agency>
      <agency_class>Other</agency_class>
    </lead_sponsor>
  </sponsors>
  <source>European Organisation for Research and Treatment of Cancer - EORTC</source>
  <brief_summary>
    <textblock>
      RATIONALE: Interferon alfa may interfere with the growth of the cancer cells and slow the
      growth of kidney cancer. Isotretinoin may help kidney cancer cells develop into normal cells.
      It is not yet known whether interferon alfa plus isotretinoin is more effective than
      interferon alfa alone for kidney cancer.

      PURPOSE: Randomized phase III trial to compare the effectiveness of interferon alfa with or
      without isotretinoin in treating patients who have metastatic kidney cancer.
    </textblock>
  </brief_summary>
  <detailed_description>
    <textblock>
      OBJECTIVES: I. Assess the response rate and response duration of interferon alfa with vs
      without isotretinoin in patients with bidimensionally measurable progressive metastases from
      renal cell cancer. II. Assess the toxic effects of these regimens in this patients
      population. III. Determine the overall survival of this patient population treated with these
      regimens.

      OUTLINE: This is a randomized, multicenter study. Patients are stratified according to
      participating center. Patients are randomized to one of two treatment arms. Arm I: Patients
      receive interferon alfa subcutaneously daily. Arm II: Patients receive interferon alfa as in
      arm I plus oral isotretinoin daily. Treatment continues for up to 1 year in the absence of
      disease progression or unacceptable toxicity. Patients are followed until death.

      PROJECTED ACCRUAL: A total of 296 patients will be accrued for this study.
    </textblock>
  </detailed_description>
  <overall_status>Completed</overall_status>
  <start_date>March 1996</start_date>
  <primary_completion_date type="Actual">January 2001</primary_completion_date>
  <phase>Phase 3</phase>
  <study_type>Interventional</study_type>
  <has_expanded_access>No</has_expanded_access>
  <study_design_info>
    <allocation>Randomized</allocation>
    <primary_purpose>Treatment</primary_purpose>
  </study_design_info>
  <enrollment type="Actual">320</enrollment>
  <condition>Kidney Cancer</condition>
  <intervention>
    <intervention_type>Biological</intervention_type>
    <intervention_name>recombinant interferon alfa</intervention_name>
  </intervention>
  <intervention>
    <intervention_type>Drug</intervention_type>
    <intervention_name>chemotherapy</intervention_name>
  </intervention>
  <intervention>
    <intervention_type>Drug</intervention_type>
    <intervention_name>isotretinoin</intervention_name>
  </intervention>
  <eligibility>
    <criteria>
      <textblock>
        DISEASE CHARACTERISTICS: Histologically confirmed metastatic renal cell adenocarcinoma
        Histologic confirmation of metastases desirable Progression of metastases within 2 months
        of study No clinically manifest CNS metastasis Bidimensionally measurable metastases, as
        follows: Lung lesion with diameter greater than 2 cm Superficial lymph node or skin or
        subcutaneous lesion with diameter greater than 2.5 cm Lymph node in the mediastinum or
        retroperitoneal region, liver lesion, or soft tissue lesion visible on CT or ultrasound
        with initial diameter greater than 2.5 cm No bone lesion without surrounding, measurable
        soft tissue lesion

        PATIENT CHARACTERISTICS: Age: 18 to 75 Performance status: WHO 0 or 1 Life expectancy: At
        least 90 days Hematopoietic: WBC greater than 3,000/mm3 OR Absolute granulocyte count
        greater than 1,500/mm3 OR Platelet count greater than 100,000/mm3 Hepatic: Bilirubin no
        greater than 1.1 mg/dL Lipids no greater than 1.5 times normal Renal: Creatinine no greater
        than 1.6 mg/dL Cardiovascular: No congestive heart failure No significant arrhythmia No
        complete bundle branch block Pulmonary: No serious concurrent pulmonary illness Other: No
        recent uncontrolled bleeding No serous effusion No history of autoimmune disease No
        controlled or uncontrolled active infection No seizure disorder or compromised CNS function
        No secondary gastrointestinal dysfunction that could interfere with drug absorption No
        psychological condition that would preclude participation or consent No second malignancy
        except basal cell skin cancer or carcinoma in situ of the cervix Not pregnant or nursing
        Fertile patients must use effective contraception

        PRIOR CONCURRENT THERAPY: Biologic therapy: No prior immunotherapy Chemotherapy: No prior
        chemotherapy Endocrine therapy: No concurrent hormonal therapy Radiotherapy: At least 3
        months since irradiation of target lesions Subsequent progression or new lesion required No
        concurrent radiotherapy Surgery: Prior nephrectomy required No concurrent surgery Other: No
        concurrent tetracyclines or hepatotoxic drugs
      </textblock>
    </criteria>
    <gender>All</gender>
    <minimum_age>18 Years</minimum_age>
    <maximum_age>75 Years</maximum_age>
    <healthy_volunteers>No</healthy_volunteers>
  </eligibility>
  <overall_official>
    <last_name>Nina Aass, MD</last_name>
    <role>Study Chair</role>
    <affiliation>Norwegian Radium Hospital</affiliation>
  </overall_official>
  <location>
    <facility>
      <name>Onze Lieve Vrouw Ziekenhuis Aalst</name>
      <address>
        <city>Aalst</city>
        <zip>B-9300</zip>
        <country>Belgium</country>
      </address>
    </facility>
  </location>
  <location>
    <facility>
      <name>Algemeen Ziekenhuis Middelheim</name>
      <address>
        <city>Antwerp</city>
        <zip>2020</zip>
        <country>Belgium</country>
      </address>
    </facility>
  </location>
  <location>
    <facility>
      <name>Institut Jules Bordet</name>
      <address>
        <city>Brussels</city>
        <zip>1000</zip>
        <country>Belgium</country>
      </address>
    </facility>
  </location>
  <location>
    <facility>
      <name>Universitair Ziekenhuis Antwerpen</name>
      <address>
        <city>Edegem</city>
        <zip>B-2650</zip>
        <country>Belgium</country>
      </address>
    </facility>
  </location>
  <location>
    <facility>
      <name>U.Z. Gasthuisberg</name>
      <address>
        <city>Leuven</city>
        <zip>B-3000</zip>
        <country>Belgium</country>
      </address>
    </facility>
  </location>
  <location>
    <facility>
      <name>National Institute of Oncology</name>
      <address>
        <city>Budapest</city>
        <zip>1125</zip>
        <country>Hungary</country>
      </address>
    </facility>
  </location>
  <location>
    <facility>
      <name>Ospedale di Circolo e Fondazione Macchi</name>
      <address>
        <city>Varese</city>
        <zip>21100</zip>
        <country>Italy</country>
      </address>
    </facility>
  </location>
  <location>
    <facility>
      <name>Antoni van Leeuwenhoekhuis</name>
      <address>
        <city>Amsterdam</city>
        <zip>1066 CX</zip>
        <country>Netherlands</country>
      </address>
    </facility>
  </location>
  <location>
    <facility>
      <name>Academisch Medisch Centrum</name>
      <address>
        <city>Amsterdam</city>
        <zip>1105 AZ</zip>
        <country>Netherlands</country>
      </address>
    </facility>
  </location>
  <location>
    <facility>
      <name>Groot Ziekengasthuis 's-Hertogenbosch</name>
      <address>
        <city>Hertogenbosch</city>
        <zip>5211 NL</zip>
        <country>Netherlands</country>
      </address>
    </facility>
  </location>
  <location>
    <facility>
      <name>Leiden University Medical Center</name>
      <address>
        <city>Leiden</city>
        <zip>2300 CA</zip>
        <country>Netherlands</country>
      </address>
    </facility>
  </location>
  <location>
    <facility>
      <name>University Medical Center Nijmegen</name>
      <address>
        <city>Nijmegen</city>
        <zip>NL-6252 HB</zip>
        <country>Netherlands</country>
      </address>
    </facility>
  </location>
  <location>
    <facility>
      <name>University Hospital - Rotterdam Dijkzigt</name>
      <address>
        <city>Rotterdam</city>
        <zip>3000 CA</zip>
        <country>Netherlands</country>
      </address>
    </facility>
  </location>
  <location>
    <facility>
      <name>Rotterdam Cancer Institute</name>
      <address>
        <city>Rotterdam</city>
        <zip>3075 EA</zip>
        <country>Netherlands</country>
      </address>
    </facility>
  </location>
  <location>
    <facility>
      <name>Academisch Ziekenhuis Utrecht</name>
      <address>
        <city>Utrecht</city>
        <zip>3508 GA</zip>
        <country>Netherlands</country>
      </address>
    </facility>
  </location>
  <location>
    <facility>
      <name>Norwegian Radium Hospital</name>
      <address>
        <city>Oslo</city>
        <zip>N-0310</zip>
        <country>Norway</country>
      </address>
    </facility>
  </location>
  <location>
    <facility>
      <name>Russian Academy of Medical Sciences Cancer Research Center</name>
      <address>
        <city>Moscow</city>
        <zip>115478</zip>
        <country>Russian Federation</country>
      </address>
    </facility>
  </location>
  <location>
    <facility>
      <name>Kantonspital Aarau</name>
      <address>
        <city>Aarau</city>
        <zip>5001</zip>
        <country>Switzerland</country>
      </address>
    </facility>
  </location>
  <location>
    <facility>
      <name>Ospedale San Giovanni</name>
      <address>
        <city>Bellinzona</city>
        <zip>CH-6500</zip>
        <country>Switzerland</country>
      </address>
    </facility>
  </location>
  <location>
    <facility>
      <name>Inselspital, Bern</name>
      <address>
        <city>Bern</city>
        <zip>CH-3010</zip>
        <country>Switzerland</country>
      </address>
    </facility>
  </location>
  <location>
    <facility>
      <name>Ratisches Kantons und Regionalspital</name>
      <address>
        <city>Chur</city>
        <zip>CH-7000</zip>
        <country>Switzerland</country>
      </address>
    </facility>
  </location>
  <location>
    <facility>
      <name>Centre Hospitalier Universitaire Vaudois</name>
      <address>
        <city>Lausanne</city>
        <zip>CH-1011</zip>
        <country>Switzerland</country>
      </address>
    </facility>
  </location>
  <location>
    <facility>
      <name>Kantonsspital - Saint Gallen</name>
      <address>
        <city>Saint Gallen</city>
        <zip>CH-9007</zip>
        <country>Switzerland</country>
      </address>
    </facility>
  </location>
  <location>
    <facility>
      <name>Universitaetsspital</name>
      <address>
        <city>Zurich</city>
        <zip>CH-8091</zip>
        <country>Switzerland</country>
      </address>
    </facility>
  </location>
  <location>
    <facility>
      <name>Marmara University Hospital</name>
      <address>
        <city>Istanbul</city>
        <zip>81190</zip>
        <country>Turkey</country>
      </address>
    </facility>
  </location>
  <location>
    <facility>
      <name>Bristol Royal Infirmary</name>
      <address>
        <city>Bristol</city>
        <state>England</state>
        <zip>BS2 8HW</zip>
        <country>United Kingdom</country>
      </address>
    </facility>
  </location>
  <location>
    <facility>
      <name>Beatson Oncology Centre</name>
      <address>
        <city>Glasgow</city>
        <state>Scotland</state>
        <zip>G11 6NT</zip>
        <country>United Kingdom</country>
      </address>
    </facility>
  </location>
  <location_countries>
    <country>Belgium</country>
    <country>Hungary</country>
    <country>Italy</country>
    <country>Netherlands</country>
    <country>Norway</country>
    <country>Russian Federation</country>
    <country>Switzerland</country>
    <country>Turkey</country>
    <country>United Kingdom</country>
  </location_countries>
  <results_reference>
    <citation>Aass N, De Mulder PH, Mickisch GH, Mulders P, van Oosterom AT, van Poppel H, Fossa SD, de Prijck L, Sylvester RJ. Randomized phase II/III trial of interferon Alfa-2a with and without 13-cis-retinoic acid in patients with progressive metastatic renal cell Carcinoma: the European Organisation for Research and Treatment of Cancer Genito-Urinary Tract Cancer Group (EORTC 30951). J Clin Oncol. 2005 Jun 20;23(18):4172-8.</citation>
    <PMID>15961764</PMID>
  </results_reference>
  <verification_date>July 2012</verification_date>
  <study_first_submitted>November 1, 1999</study_first_submitted>
  <study_first_submitted_qc>May 10, 2004</study_first_submitted_qc>
  <study_first_posted type="Estimate">May 11, 2004</study_first_posted>
  <last_update_submitted>July 10, 2012</last_update_submitted>
  <last_update_submitted_qc>July 10, 2012</last_update_submitted_qc>
  <last_update_posted type="Estimate">July 11, 2012</last_update_posted>
  <responsible_party>
    <responsible_party_type>Sponsor</responsible_party_type>
  </responsible_party>
  <keyword>stage IV renal cell cancer</keyword>
  <keyword>recurrent renal cell cancer</keyword>
  <condition_browse>
    <!-- CAUTION:  The following MeSH terms are assigned with an imperfect algorithm            -->
    <mesh_term>Kidney Neoplasms</mesh_term>
    <mesh_term>Carcinoma, Renal Cell</mesh_term>
  </condition_browse>
  <intervention_browse>
    <!-- CAUTION:  The following MeSH terms are assigned with an imperfect algorithm            -->
    <mesh_term>Interferons</mesh_term>
    <mesh_term>Interferon-alpha</mesh_term>
    <mesh_term>Isotretinoin</mesh_term>
  </intervention_browse>
  <!-- Results have not yet been posted for this study                                          -->
</clinical_study>

