<clinical_study>
  <!-- This xml conforms to an XML Schema at:
    https://clinicaltrials.gov/ct2/html/images/info/public.xsd -->
  <required_header>
    <download_date>ClinicalTrials.gov processed this data on July 31, 2020</download_date>
    <link_text>Link to the current ClinicalTrials.gov record.</link_text>
    <url>https://clinicaltrials.gov/show/NCT00002374</url>
  </required_header>
  <id_info>
    <org_study_id>229G</org_study_id>
    <secondary_id>NR15521</secondary_id>
    <nct_id>NCT00002374</nct_id>
  </id_info>
  <brief_title>A Study of Saquinavir Soft Gelatin Capsules Combined With Other Anti-HIV Drugs in HIV-1 Infected Patients</brief_title>
  <official_title>A Phase IIIB Open-Label Trial Replacing Saquinavir HGC (Ro 31-8959) With Saquinavir SGC (Ro 31-8959) in Combination With Other Antiretroviral Drugs in Patients With HIV-1 Infection</official_title>
  <sponsors>
    <lead_sponsor>
      <agency>Hoffmann-La Roche</agency>
      <agency_class>Industry</agency_class>
    </lead_sponsor>
  </sponsors>
  <source>NIH AIDS Clinical Trials Information Service</source>
  <brief_summary>
    <textblock>
      To examine the efficacy of saquinavir SGC (soft gel capsules) in combination with other
      antiretrovirals in HIV-1 infected patients currently treated with saquinavir HGC (hard gel
      capsules) measured by the absolute change in plasma HIV-1 RNA during the 24 weeks of study
      treatment.
    </textblock>
  </brief_summary>
  <detailed_description>
    <textblock>
      Eligible patients will be stratified by HIV-1 RNA level into 2 populations: 1) &gt;=
      5,000-30,000 HIV-1 RNA, 2) &gt; 30,000 HIV-1 RNA. All patients will be randomized to 1 of 3
      treatment arms: Arm A - Saquinavir soft gel capsules (SQV SGC) + 2 new nucleoside analogs
      (reverse transcriptase inhibitors [RTIs]), Arm B - SQV SGC + nelfinavir + stavudine (d4T) or
      a new RTI, or Arm C - SQV SGC + ritonavir + d4T or a new RTI. All patients will undergo
      plasma HIV-1 RNA determinations, CD4 lymphocyte counts, hematology and chemistry blood work
      at baseline, weeks 4, 8, 12, 16 and 24.
    </textblock>
  </detailed_description>
  <overall_status>Completed</overall_status>
  <phase>Phase 3</phase>
  <study_type>Interventional</study_type>
  <has_expanded_access>No</has_expanded_access>
  <study_design_info>
    <primary_purpose>Treatment</primary_purpose>
  </study_design_info>
  <enrollment>120</enrollment>
  <condition>HIV Infections</condition>
  <intervention>
    <intervention_type>Drug</intervention_type>
    <intervention_name>Ritonavir</intervention_name>
  </intervention>
  <intervention>
    <intervention_type>Drug</intervention_type>
    <intervention_name>Nelfinavir mesylate</intervention_name>
  </intervention>
  <intervention>
    <intervention_type>Drug</intervention_type>
    <intervention_name>Saquinavir</intervention_name>
  </intervention>
  <intervention>
    <intervention_type>Drug</intervention_type>
    <intervention_name>Stavudine</intervention_name>
  </intervention>
  <eligibility>
    <criteria>
      <textblock>
        Inclusion Criteria

        Patients must have:

          -  Documented HIV infection.

          -  CD4 &gt; 100 cells/mm3.

          -  Saquinavir HGC-experienced patients (&gt;= 3 months cumulative therapy).

        Required:

        &gt;= 3 months cumulative saquinavir HGC therapy.
      </textblock>
    </criteria>
    <gender>All</gender>
    <minimum_age>16 Years</minimum_age>
    <maximum_age>N/A</maximum_age>
    <healthy_volunteers>No</healthy_volunteers>
  </eligibility>
  <location>
    <facility>
      <name>Pacific Oaks Med Ctr</name>
      <address>
        <city>Beverly Hills</city>
        <state>California</state>
        <zip>90211</zip>
        <country>United States</country>
      </address>
    </facility>
  </location>
  <location>
    <facility>
      <name>Tower Infectious Diseases / Med Associates Inc</name>
      <address>
        <city>Los Angeles</city>
        <state>California</state>
        <zip>90048</zip>
        <country>United States</country>
      </address>
    </facility>
  </location>
  <location>
    <facility>
      <name>Community Research Initiative of South Florida</name>
      <address>
        <city>Coral Gables</city>
        <state>Florida</state>
        <zip>33146</zip>
        <country>United States</country>
      </address>
    </facility>
  </location>
  <location>
    <facility>
      <name>Ctr for Quality Care</name>
      <address>
        <city>Tampa</city>
        <state>Florida</state>
        <zip>33609</zip>
        <country>United States</country>
      </address>
    </facility>
  </location>
  <location>
    <facility>
      <name>Community Research Initiative of New England</name>
      <address>
        <city>Brookline</city>
        <state>Massachusetts</state>
        <zip>02445</zip>
        <country>United States</country>
      </address>
    </facility>
  </location>
  <location>
    <facility>
      <name>AIDS Ctr</name>
      <address>
        <city>New York</city>
        <state>New York</state>
        <zip>10011</zip>
        <country>United States</country>
      </address>
    </facility>
  </location>
  <location>
    <facility>
      <name>Anderson Clinical Research / Inc</name>
      <address>
        <city>Pittsburgh</city>
        <state>Pennsylvania</state>
        <zip>15213</zip>
        <country>United States</country>
      </address>
    </facility>
  </location>
  <location_countries>
    <country>United States</country>
  </location_countries>
  <reference>
    <citation>Cadman J. Roche brings new formulation of saquinavir to FDA. Food and Drug Administration. GMHC Treat Issues. 1997 Apr-May;11(4/5):8.</citation>
    <PMID>11364377</PMID>
  </reference>
  <verification_date>August 1997</verification_date>
  <study_first_submitted>November 2, 1999</study_first_submitted>
  <study_first_submitted_qc>August 30, 2001</study_first_submitted_qc>
  <study_first_posted type="Estimate">August 31, 2001</study_first_posted>
  <last_update_submitted>June 23, 2005</last_update_submitted>
  <last_update_submitted_qc>June 23, 2005</last_update_submitted_qc>
  <last_update_posted type="Estimate">June 24, 2005</last_update_posted>
  <keyword>HIV-1</keyword>
  <keyword>Drug Therapy, Combination</keyword>
  <keyword>Acquired Immunodeficiency Syndrome</keyword>
  <keyword>HIV Protease Inhibitors</keyword>
  <keyword>RNA, Viral</keyword>
  <keyword>Saquinavir</keyword>
  <keyword>Anti-HIV Agents</keyword>
  <keyword>Viral Load</keyword>
  <condition_browse>
    <!-- CAUTION:  The following MeSH terms are assigned with an imperfect algorithm            -->
    <mesh_term>Infection</mesh_term>
  </condition_browse>
  <intervention_browse>
    <!-- CAUTION:  The following MeSH terms are assigned with an imperfect algorithm            -->
    <mesh_term>Ritonavir</mesh_term>
    <mesh_term>Nelfinavir</mesh_term>
    <mesh_term>Saquinavir</mesh_term>
    <mesh_term>Stavudine</mesh_term>
  </intervention_browse>
  <!-- Results have not yet been posted for this study                                          -->
</clinical_study>

