<clinical_study>
  <!-- This xml conforms to an XML Schema at:
    https://clinicaltrials.gov/ct2/html/images/info/public.xsd -->
  <required_header>
    <download_date>ClinicalTrials.gov processed this data on July 31, 2020</download_date>
    <link_text>Link to the current ClinicalTrials.gov record.</link_text>
    <url>https://clinicaltrials.gov/show/NCT00000444</url>
  </required_header>
  <id_info>
    <org_study_id>NIAAAJOS11124</org_study_id>
    <secondary_id>R01AA011124</secondary_id>
    <nct_id>NCT00000444</nct_id>
  </id_info>
  <brief_title>Timing of Smoking Intervention in Alcohol Treatment (Nicotine Patch)</brief_title>
  <official_title>Timing of Smoking Intervention in Alcohol Treatment</official_title>
  <sponsors>
    <lead_sponsor>
      <agency>Minneapolis Veterans Affairs Medical Center</agency>
      <agency_class>U.S. Fed</agency_class>
    </lead_sponsor>
    <collaborator>
      <agency>National Institute on Alcohol Abuse and Alcoholism (NIAAA)</agency>
      <agency_class>NIH</agency_class>
    </collaborator>
  </sponsors>
  <source>Minneapolis Veterans Affairs Medical Center</source>
  <brief_summary>
    <textblock>
      This study will attempt to determine the best time to begin a smoking cessation program in
      individuals who undergo intensive treatment for alcohol dependence. The goal of this trial is
      to determine whether a smoking cessation program is more effective if it occurs at the same
      time as or after treatment for alcohol dependence. The study also will attempt to determine
      the effect of smoking cessation programs on the outcome of treatment for alcohol dependence.
    </textblock>
  </brief_summary>
  <overall_status>Completed</overall_status>
  <start_date>September 1997</start_date>
  <completion_date type="Actual">January 2004</completion_date>
  <primary_completion_date type="Actual">January 2004</primary_completion_date>
  <phase>Phase 4</phase>
  <study_type>Interventional</study_type>
  <has_expanded_access>No</has_expanded_access>
  <study_design_info>
    <allocation>Randomized</allocation>
    <primary_purpose>Treatment</primary_purpose>
    <masking>None (Open Label)</masking>
  </study_design_info>
  <enrollment>500</enrollment>
  <condition>Alcoholism</condition>
  <condition>Smoking</condition>
  <intervention>
    <intervention_type>Drug</intervention_type>
    <intervention_name>nicotine replacement patch</intervention_name>
  </intervention>
  <eligibility>
    <criteria>
      <textblock>
        Inclusion Criteria:

          -  Meets criteria for alcohol use disorder and other drug dependence.

          -  Complete first week of alcohol treatment program.

          -  Current cigarette smoker (more than 5 cigarettes/day, smoking more than 1 year).

        Exclusion Criteria:

          -  Lifetime diagnosis of an excluding psychiatric disorder: bipolar disorder,
             schizophrenia or other psychotic disorder, panic disorder with or without agoraphobia,
             obsessive-compulsive disorder, generalized anxiety disorder, eating disorder, post-
             traumatic stress disorder, antisocial personality disorder, or borderline personality
             disorder.

          -  Unable to participate in protocol due to functional deficits or severe depression.

          -  Suicidal or homicidal ideation.

          -  Current use of disulfiram (Antabuse) or naltrexone (Revia).

          -  Current use of pipes, cigars, or smokeless tobacco and unwillingness to stop.

          -  Lives more than 100 miles from alcohol treatment facility.

          -  No telephone.
      </textblock>
    </criteria>
    <gender>All</gender>
    <minimum_age>21 Years</minimum_age>
    <maximum_age>75 Years</maximum_age>
    <healthy_volunteers>No</healthy_volunteers>
  </eligibility>
  <location>
    <facility>
      <name>General Internal Medicine, VA Medical Center</name>
      <address>
        <city>Minneapolis</city>
        <state>Minnesota</state>
        <zip>55417</zip>
        <country>United States</country>
      </address>
    </facility>
  </location>
  <location_countries>
    <country>United States</country>
  </location_countries>
  <verification_date>January 2008</verification_date>
  <study_first_submitted>November 2, 1999</study_first_submitted>
  <study_first_submitted_qc>November 2, 1999</study_first_submitted_qc>
  <study_first_posted type="Estimate">November 3, 1999</study_first_posted>
  <last_update_submitted>February 10, 2011</last_update_submitted>
  <last_update_submitted_qc>February 10, 2011</last_update_submitted_qc>
  <last_update_posted type="Estimate">February 11, 2011</last_update_posted>
  <condition_browse>
    <!-- CAUTION:  The following MeSH terms are assigned with an imperfect algorithm            -->
    <mesh_term>Alcoholism</mesh_term>
  </condition_browse>
  <intervention_browse>
    <!-- CAUTION:  The following MeSH terms are assigned with an imperfect algorithm            -->
    <mesh_term>Nicotine</mesh_term>
  </intervention_browse>
  <!-- Results have not yet been posted for this study                                          -->
</clinical_study>

