<clinical_study>
  <!-- This xml conforms to an XML Schema at:
    https://clinicaltrials.gov/ct2/html/images/info/public.xsd -->
  <required_header>
    <download_date>ClinicalTrials.gov processed this data on July 31, 2020</download_date>
    <link_text>Link to the current ClinicalTrials.gov record.</link_text>
    <url>https://clinicaltrials.gov/show/NCT00002000</url>
  </required_header>
  <id_info>
    <org_study_id>104A</org_study_id>
    <secondary_id>08</secondary_id>
    <nct_id>NCT00002000</nct_id>
  </id_info>
  <brief_title>A Study to Compare the Efficacy and Safety of Valacyclovir Hydrochloride ( 256U87 ) Versus Acyclovir in the Treatment of Recurrent Anogenital Herpes Infections in HIV Infected Patients</brief_title>
  <official_title>A Study to Compare the Efficacy and Safety of Valacyclovir Hydrochloride ( 256U87 ) Versus Acyclovir in the Treatment of Recurrent Anogenital Herpes Infections in HIV Infected Patients</official_title>
  <sponsors>
    <lead_sponsor>
      <agency>Glaxo Wellcome</agency>
      <agency_class>Industry</agency_class>
    </lead_sponsor>
  </sponsors>
  <source>NIH AIDS Clinical Trials Information Service</source>
  <brief_summary>
    <textblock>
      To evaluate the safety and efficacy of oral valacyclovir hydrochloride (256U87) vs. acyclovir
      in the treatment of recurrent anogenital herpes in HIV-infected patients (CD4 greater than or
      equal to 100).
    </textblock>
  </brief_summary>
  <detailed_description>
    <textblock>
      Efficacy variables include the length of the episode, the time to lesion healing, the
      duration and severity of pain/discomfort, the duration of viral shedding, the proportion of
      patients with aborted episodes, the proportion of patients requiring extended therapy.
    </textblock>
  </detailed_description>
  <overall_status>Completed</overall_status>
  <phase>N/A</phase>
  <study_type>Interventional</study_type>
  <has_expanded_access>No</has_expanded_access>
  <study_design_info>
    <primary_purpose>Treatment</primary_purpose>
  </study_design_info>
  <condition>Herpes Simplex</condition>
  <condition>HIV Infections</condition>
  <intervention>
    <intervention_type>Drug</intervention_type>
    <intervention_name>Valacyclovir hydrochloride</intervention_name>
  </intervention>
  <intervention>
    <intervention_type>Drug</intervention_type>
    <intervention_name>Acyclovir</intervention_name>
  </intervention>
  <eligibility>
    <criteria>
      <textblock>
        Inclusion Criteria

        Patients must have the following:

          -  HIV-infected individual (CD4 = or &gt; 100) with a history of recurrent anogenital
             herpes.

          -  Signed the consent form or present a signed parental consent form if below 18 years.

        Exclusion Criteria

        Co-existing Condition:

        Patients with the following conditions or symptoms are excluded:

          -  Hepatic impairments as evidenced by a three-fold increase from the upper limit of
             normal in alanine or aspartate transaminase. Impairment of renal function as evidenced
             by any elevation above the upper limit of normal for serum creatinine. History of
             hypersensitivity to acyclovir. Malabsorption or vomiting that would, in the
             investigators opinion, potentially limit the retention and absorption of oral therapy.

        Patients with the following are excluded:

          -  Hepatic impairment as evidenced by a three-fold increase from the upper limit of
             normal in alanine or aspartate transaminase. Impairment of renal function as evidenced
             by any elevation above the upper limit of normal for serum creatinine.

          -  History of hypersensitivity to acyclovir. Malabsorption or vomiting that would, in the
             investigator's opinion, potentially limit the retention and absorption of oral
             therapy.

        Prior Medication:

        Excluded:

          -  Systemic antiherpes or immunomodulatory therapy within 30 days prior to entry.
      </textblock>
    </criteria>
    <gender>All</gender>
    <minimum_age>13 Years</minimum_age>
    <maximum_age>N/A</maximum_age>
    <healthy_volunteers>No</healthy_volunteers>
  </eligibility>
  <location>
    <facility>
      <name>Univ of South Alabama</name>
      <address>
        <city>Mobile</city>
        <state>Alabama</state>
        <zip>36604</zip>
        <country>United States</country>
      </address>
    </facility>
  </location>
  <location>
    <facility>
      <name>ViRx Inc</name>
      <address>
        <city>San Francisco</city>
        <state>California</state>
        <zip>94103</zip>
        <country>United States</country>
      </address>
    </facility>
  </location>
  <location>
    <facility>
      <name>UCSF - San Francisco Gen Hosp</name>
      <address>
        <city>San Francisco</city>
        <state>California</state>
        <zip>94110</zip>
        <country>United States</country>
      </address>
    </facility>
  </location>
  <location>
    <facility>
      <name>Denver Public Health Dept / Disease Control Services</name>
      <address>
        <city>Denver</city>
        <state>Colorado</state>
        <zip>80204</zip>
        <country>United States</country>
      </address>
    </facility>
  </location>
  <location>
    <facility>
      <name>West Haven Veterans Administration Med Ctr</name>
      <address>
        <city>West Haven</city>
        <state>Connecticut</state>
        <zip>06516</zip>
        <country>United States</country>
      </address>
    </facility>
  </location>
  <location>
    <facility>
      <name>Univ of South Florida</name>
      <address>
        <city>Tampa</city>
        <state>Florida</state>
        <zip>33612</zip>
        <country>United States</country>
      </address>
    </facility>
  </location>
  <location>
    <facility>
      <name>Emory Univ School of Medicine</name>
      <address>
        <city>Atlanta</city>
        <state>Georgia</state>
        <zip>30303</zip>
        <country>United States</country>
      </address>
    </facility>
  </location>
  <location>
    <facility>
      <name>Northwestern Memorial Hosp</name>
      <address>
        <city>Chicago</city>
        <state>Illinois</state>
        <zip>60611</zip>
        <country>United States</country>
      </address>
    </facility>
  </location>
  <location>
    <facility>
      <name>Rush Presbyterian - Saint Luke's Med Ctr</name>
      <address>
        <city>Chicago</city>
        <state>Illinois</state>
        <zip>60612</zip>
        <country>United States</country>
      </address>
    </facility>
  </location>
  <location>
    <facility>
      <name>Infectious Diseases Research Clinic / Indiana Univ Hosp</name>
      <address>
        <city>Indianapolis</city>
        <state>Indiana</state>
        <zip>46202</zip>
        <country>United States</country>
      </address>
    </facility>
  </location>
  <location>
    <facility>
      <name>Louisiana State Univ Med School</name>
      <address>
        <city>New Orleans</city>
        <state>Louisiana</state>
        <zip>701122822</zip>
        <country>United States</country>
      </address>
    </facility>
  </location>
  <location>
    <facility>
      <name>Univ of Mississippi Med Ctr</name>
      <address>
        <city>Jackson</city>
        <state>Mississippi</state>
        <zip>39216</zip>
        <country>United States</country>
      </address>
    </facility>
  </location>
  <location>
    <facility>
      <name>Univ of New Mexico School of Medicine</name>
      <address>
        <city>Albuquerque</city>
        <state>New Mexico</state>
        <zip>87131</zip>
        <country>United States</country>
      </address>
    </facility>
  </location>
  <location>
    <facility>
      <name>Saint Vincent's Hosp and Med Ctr</name>
      <address>
        <city>New York</city>
        <state>New York</state>
        <zip>10011</zip>
        <country>United States</country>
      </address>
    </facility>
  </location>
  <location>
    <facility>
      <name>Univ of Cincinnati</name>
      <address>
        <city>Cincinnati</city>
        <state>Ohio</state>
        <zip>452670560</zip>
        <country>United States</country>
      </address>
    </facility>
  </location>
  <location>
    <facility>
      <name>Portland Veterans Adm Med Ctr / Rsch &amp; Education Grp</name>
      <address>
        <city>Portland</city>
        <state>Oregon</state>
        <zip>97210</zip>
        <country>United States</country>
      </address>
    </facility>
  </location>
  <location>
    <facility>
      <name>Roger Williams Med Ctr</name>
      <address>
        <city>Providence</city>
        <state>Rhode Island</state>
        <zip>02908</zip>
        <country>United States</country>
      </address>
    </facility>
  </location>
  <location>
    <facility>
      <name>Vanderbilt School of Medicine</name>
      <address>
        <city>Nashville</city>
        <state>Tennessee</state>
        <zip>37232</zip>
        <country>United States</country>
      </address>
    </facility>
  </location>
  <location>
    <facility>
      <name>Univ TX Galveston Med Branch</name>
      <address>
        <city>Galveston</city>
        <state>Texas</state>
        <zip>77550</zip>
        <country>United States</country>
      </address>
    </facility>
  </location>
  <location>
    <facility>
      <name>Baylor College of Medicine</name>
      <address>
        <city>Houston</city>
        <state>Texas</state>
        <zip>77030</zip>
        <country>United States</country>
      </address>
    </facility>
  </location>
  <location>
    <facility>
      <name>Infectious Disease Physicians Inc</name>
      <address>
        <city>Annandale</city>
        <state>Virginia</state>
        <zip>22203</zip>
        <country>United States</country>
      </address>
    </facility>
  </location>
  <location>
    <facility>
      <name>Univ of Washington / Pacific Med Ctr</name>
      <address>
        <city>Seattle</city>
        <state>Washington</state>
        <zip>98144</zip>
        <country>United States</country>
      </address>
    </facility>
  </location>
  <location_countries>
    <country>United States</country>
  </location_countries>
  <verification_date>April 1996</verification_date>
  <study_first_submitted>November 2, 1999</study_first_submitted>
  <study_first_submitted_qc>August 30, 2001</study_first_submitted_qc>
  <study_first_posted type="Estimate">August 31, 2001</study_first_posted>
  <last_update_submitted>June 23, 2005</last_update_submitted>
  <last_update_submitted_qc>June 23, 2005</last_update_submitted_qc>
  <last_update_posted type="Estimate">June 24, 2005</last_update_posted>
  <keyword>Acyclovir</keyword>
  <keyword>Acquired Immunodeficiency Syndrome</keyword>
  <keyword>AIDS-Related Complex</keyword>
  <keyword>Antiviral Agents</keyword>
  <keyword>Anus Diseases</keyword>
  <keyword>Herpes Genitalis</keyword>
  <condition_browse>
    <!-- CAUTION:  The following MeSH terms are assigned with an imperfect algorithm            -->
    <mesh_term>Infection</mesh_term>
    <mesh_term>Communicable Diseases</mesh_term>
    <mesh_term>Herpes Simplex</mesh_term>
    <mesh_term>Herpesviridae Infections</mesh_term>
  </condition_browse>
  <intervention_browse>
    <!-- CAUTION:  The following MeSH terms are assigned with an imperfect algorithm            -->
    <mesh_term>Valacyclovir</mesh_term>
    <mesh_term>Acyclovir</mesh_term>
  </intervention_browse>
  <!-- Results have not yet been posted for this study                                          -->
</clinical_study>

