<clinical_study>
  <!-- This xml conforms to an XML Schema at:
    https://clinicaltrials.gov/ct2/html/images/info/public.xsd -->
  <required_header>
    <download_date>ClinicalTrials.gov processed this data on July 31, 2020</download_date>
    <link_text>Link to the current ClinicalTrials.gov record.</link_text>
    <url>https://clinicaltrials.gov/show/NCT00002143</url>
  </required_header>
  <id_info>
    <org_study_id>239A</org_study_id>
    <secondary_id>65-93(2)</secondary_id>
    <nct_id>NCT00002143</nct_id>
  </id_info>
  <brief_title>Treatment of Psoriasis Using Acitretin in HIV-Positive Patients</brief_title>
  <official_title>Treatment of Psoriasis Using Acitretin in HIV-Positive Patients</official_title>
  <sponsors>
    <lead_sponsor>
      <agency>Hoffmann-La Roche</agency>
      <agency_class>Industry</agency_class>
    </lead_sponsor>
  </sponsors>
  <source>NIH AIDS Clinical Trials Information Service</source>
  <brief_summary>
    <textblock>
      To determine the efficacy of acitretin in the treatment of psoriasis in HIV/AIDS patients.

      Etretinate, a retinoid, has proven successful in the treatment of HIV-infected patients with
      psoriasis, but it has an elimination half-life of 100 days. Acitretin, a metabolite of
      etretinate, has a much shorter half-life of 2 to 3 days. Acitretin has proven effective in
      treating psoriasis in patients without HIV infection by reducing skin involvement and
      clearing of the condition, but it has not been thoroughly evaluated in HIV-infected patients.
    </textblock>
  </brief_summary>
  <detailed_description>
    <textblock>
      Etretinate, a retinoid, has proven successful in the treatment of HIV-infected patients with
      psoriasis, but it has an elimination half-life of 100 days. Acitretin, a metabolite of
      etretinate, has a much shorter half-life of 2 to 3 days. Acitretin has proven effective in
      treating psoriasis in patients without HIV infection by reducing skin involvement and
      clearing of the condition, but it has not been thoroughly evaluated in HIV-infected patients.

      Patients receive acitretin daily, with dose increases every 4 weeks based on quantitative
      assessment of the skin using the Psoriasis Area and Severity Index (PASI). Treatment
      continues for a total of 20 weeks. Patients are followed every 2 weeks.
    </textblock>
  </detailed_description>
  <overall_status>Completed</overall_status>
  <phase>Phase 3</phase>
  <study_type>Interventional</study_type>
  <has_expanded_access>No</has_expanded_access>
  <study_design_info>
    <primary_purpose>Treatment</primary_purpose>
  </study_design_info>
  <enrollment>30</enrollment>
  <condition>HIV Infections</condition>
  <condition>Psoriasis</condition>
  <intervention>
    <intervention_type>Drug</intervention_type>
    <intervention_name>Acitretin</intervention_name>
  </intervention>
  <eligibility>
    <criteria>
      <textblock>
        Inclusion Criteria

        Concurrent Medication:

        Allowed:

          -  Any nondermatologic medication.

        Patients must have:

          -  HIV infection.

          -  Psoriasis involving at least 10 percent of body surface.
      </textblock>
    </criteria>
    <gender>All</gender>
    <minimum_age>18 Years</minimum_age>
    <maximum_age>55 Years</maximum_age>
    <healthy_volunteers>No</healthy_volunteers>
  </eligibility>
  <location>
    <facility>
      <name>Beth Israel Med Ctr</name>
      <address>
        <city>New York</city>
        <state>New York</state>
        <zip>10003</zip>
        <country>United States</country>
      </address>
    </facility>
  </location>
  <location_countries>
    <country>United States</country>
  </location_countries>
  <verification_date>April 1999</verification_date>
  <study_first_submitted>November 2, 1999</study_first_submitted>
  <study_first_submitted_qc>August 30, 2001</study_first_submitted_qc>
  <study_first_posted type="Estimate">August 31, 2001</study_first_posted>
  <last_update_submitted>June 23, 2005</last_update_submitted>
  <last_update_submitted_qc>June 23, 2005</last_update_submitted_qc>
  <last_update_posted type="Estimate">June 24, 2005</last_update_posted>
  <keyword>Psoriasis</keyword>
  <keyword>Acquired Immunodeficiency Syndrome</keyword>
  <keyword>AIDS-Related Complex</keyword>
  <keyword>Acitretin</keyword>
  <condition_browse>
    <!-- CAUTION:  The following MeSH terms are assigned with an imperfect algorithm            -->
    <mesh_term>Psoriasis</mesh_term>
  </condition_browse>
  <intervention_browse>
    <!-- CAUTION:  The following MeSH terms are assigned with an imperfect algorithm            -->
    <mesh_term>Acitretin</mesh_term>
  </intervention_browse>
  <!-- Results have not yet been posted for this study                                          -->
</clinical_study>

