<clinical_study>
  <!-- This xml conforms to an XML Schema at:
    https://clinicaltrials.gov/ct2/html/images/info/public.xsd -->
  <required_header>
    <download_date>ClinicalTrials.gov processed this data on July 31, 2020</download_date>
    <link_text>Link to the current ClinicalTrials.gov record.</link_text>
    <url>https://clinicaltrials.gov/show/NCT00002754</url>
  </required_header>
  <id_info>
    <org_study_id>CDR0000064690</org_study_id>
    <secondary_id>DUMC-0334-99-2R6</secondary_id>
    <secondary_id>DUMC-219-96-2R3</secondary_id>
    <secondary_id>DUMC-302-97-2R4</secondary_id>
    <secondary_id>DUMC-308-98-2R5</secondary_id>
    <secondary_id>NCI-V96-1071</secondary_id>
    <nct_id>NCT00002754</nct_id>
  </id_info>
  <brief_title>Monoclonal Antibody Therapy in Treating Patients With Primary or Metastatic Melanoma or Brain Tumors</brief_title>
  <official_title>PHASE I STUDY OF MONOCLONAL ANTIBODY FRAGMENT 131I MEL-14 F(AB')2 VIA SURGICALLY CREATED CYSTIC RESECTION CAVITY IN THE TREATMENT OF PATIENTS WITH PRIMARY OR METASTATIC MALIGNANT MELANOMA AND OTHER BRAIN TUMORS</official_title>
  <sponsors>
    <lead_sponsor>
      <agency>Duke University</agency>
      <agency_class>Other</agency_class>
    </lead_sponsor>
    <collaborator>
      <agency>National Cancer Institute (NCI)</agency>
      <agency_class>NIH</agency_class>
    </collaborator>
  </sponsors>
  <source>Duke University</source>
  <brief_summary>
    <textblock>
      RATIONALE: Monoclonal antibodies can locate tumor cells and either kill them or deliver
      tumor-killing substances to them without harming normal cells.

      PURPOSE: Phase I/II trial to determine the effectiveness of monoclonal antibody therapy in
      treating patients who have primary or metastatic melanoma or brain tumors.
    </textblock>
  </brief_summary>
  <detailed_description>
    <textblock>
      OBJECTIVES: I. Determine the toxicity and maximum tolerated dose of iodine-131-labeled
      monoclonal antibody fragment ME1-14 F(ab')2 administered intracystically in patients with
      recurrent or newly diagnosed primary or metastatic malignant melanoma or other brain tumors.
      II. Identify any objective therapeutic responses to this treatment.

      OUTLINE: All patients receive a fixed dose of monoclonal antibody fragment ME1-14 F(ab')2 via
      an intralesional catheter; cohorts of 3-6 patients receive escalating doses of isotope
      conjugated to the antibody until the maximum tolerated dose is determined. Patients with
      newly diagnosed disease at entry may receive additional therapy with external-beam
      radiotherapy beginning 4 months after radioimmunotherapy (or sooner if disease progression
      occurs). Patients with recurrent disease at entry are followed without further therapy for at
      least 4 months after radioimmunotherapy; alternative therapy may be offered upon progression.
      All patients are followed at 4, 8, 16, and 24 weeks after treatment, then every 12 weeks for
      1 year.

      PROJECTED ACCRUAL: Three to six patients will be entered at each dose studied.
    </textblock>
  </detailed_description>
  <overall_status>Completed</overall_status>
  <start_date>February 1993</start_date>
  <completion_date type="Actual">April 2001</completion_date>
  <primary_completion_date type="Actual">April 2001</primary_completion_date>
  <phase>Phase 1</phase>
  <study_type>Interventional</study_type>
  <has_expanded_access>No</has_expanded_access>
  <study_design_info>
    <primary_purpose>Treatment</primary_purpose>
  </study_design_info>
  <enrollment type="Anticipated">6</enrollment>
  <condition>Brain and Central Nervous System Tumors</condition>
  <condition>Melanoma (Skin)</condition>
  <condition>Metastatic Cancer</condition>
  <intervention>
    <intervention_type>Biological</intervention_type>
    <intervention_name>monoclonal antibody Me1-14 F(ab')2</intervention_name>
  </intervention>
  <eligibility>
    <criteria>
      <textblock>
        DISEASE CHARACTERISTICS: Histologically confirmed primary or metastatic malignant melanoma
        OR Histologically confirmed supratentorial malignant brain tumor Newly diagnosed or
        recurrent primary or metastatic tumor Eligible primary histologies, including but not
        limited to: Glioblastoma multiforme Mixed anaplastic glioma Anaplastic astrocytoma Other
        astrocytoma Gliosarcoma Anaplastic oligodendroglioma The following excluded: Diffusely
        infiltrating tumors Multifocal tumors Infratentorial tumors Subependymal spread No
        measurable enhancing lesion extending more than 1 cm beyond margins of surgical cavity on
        contrast-enhanced CT or MRI performed within 72 hours after resection Intralesional
        catheter placed at resection Patency of catheter demonstrated by radiolabeled albumin flow
        Reactivity of neoplastic cells with intact Me1-14 IgG2a or Me1-14 F(ab')2 demonstrated by
        immunohistology with polyclonal rabbit antibody or monoclonal mouse antibody

        PATIENT CHARACTERISTICS: Age: 3 and over Performance status: Karnofsky 50%-100%
        Hematopoietic: Absolute neutrophil count greater than 1,000/mm3 Platelet count greater than
        100,000/mm3 Hepatic: Bilirubin less than 1.5 mg/dL AST less than 1.5 times normal Alkaline
        phosphatase less than 1.5 times normal Renal: Creatinine less than 1.2 mg/dL Other: Not
        pregnant

        PRIOR CONCURRENT THERAPY: Biologic therapy: Not specified Chemotherapy: At least 6 weeks
        since antineoplastic chemotherapy unless unequivocal tumor progression Endocrine therapy:
        Concurrent corticosteroids allowed at lowest possible dose and stable for at least 10 days
        prior to entry Radiotherapy: At least 3 months since radiotherapy to site of measurable
        disease within the nervous system unless unequivocal tumor progression Surgery: See Disease
        Characteristics
      </textblock>
    </criteria>
    <gender>All</gender>
    <minimum_age>3 Years</minimum_age>
    <maximum_age>N/A</maximum_age>
    <healthy_volunteers>No</healthy_volunteers>
  </eligibility>
  <overall_official>
    <last_name>Darell D. Bigner, MD, PhD</last_name>
    <role>Study Chair</role>
    <affiliation>Duke Cancer Institute</affiliation>
  </overall_official>
  <location>
    <facility>
      <name>Duke Comprehensive Cancer Center</name>
      <address>
        <city>Durham</city>
        <state>North Carolina</state>
        <zip>27710</zip>
        <country>United States</country>
      </address>
    </facility>
  </location>
  <location_countries>
    <country>United States</country>
  </location_countries>
  <verification_date>February 2013</verification_date>
  <study_first_submitted>November 1, 1999</study_first_submitted>
  <study_first_submitted_qc>July 28, 2004</study_first_submitted_qc>
  <study_first_posted type="Estimate">July 29, 2004</study_first_posted>
  <last_update_submitted>February 15, 2013</last_update_submitted>
  <last_update_submitted_qc>February 15, 2013</last_update_submitted_qc>
  <last_update_posted type="Estimate">February 20, 2013</last_update_posted>
  <responsible_party>
    <responsible_party_type>Sponsor</responsible_party_type>
  </responsible_party>
  <keyword>recurrent adult brain tumor</keyword>
  <keyword>adult glioblastoma</keyword>
  <keyword>stage IV melanoma</keyword>
  <keyword>tumors metastatic to brain</keyword>
  <keyword>childhood high-grade cerebral astrocytoma</keyword>
  <keyword>adult anaplastic astrocytoma</keyword>
  <keyword>adult anaplastic oligodendroglioma</keyword>
  <keyword>adult mixed glioma</keyword>
  <keyword>recurrent childhood cerebral astrocytoma</keyword>
  <keyword>adult giant cell glioblastoma</keyword>
  <keyword>adult gliosarcoma</keyword>
  <condition_browse>
    <!-- CAUTION:  The following MeSH terms are assigned with an imperfect algorithm            -->
    <mesh_term>Melanoma</mesh_term>
    <mesh_term>Brain Neoplasms</mesh_term>
    <mesh_term>Nervous System Neoplasms</mesh_term>
    <mesh_term>Central Nervous System Neoplasms</mesh_term>
  </condition_browse>
  <intervention_browse>
    <!-- CAUTION:  The following MeSH terms are assigned with an imperfect algorithm            -->
    <mesh_term>Antibodies</mesh_term>
    <mesh_term>Antibodies, Monoclonal</mesh_term>
  </intervention_browse>
  <!-- Results have not yet been posted for this study                                          -->
</clinical_study>

