<clinical_study>
  <!-- This xml conforms to an XML Schema at:
    https://clinicaltrials.gov/ct2/html/images/info/public.xsd -->
  <required_header>
    <download_date>ClinicalTrials.gov processed this data on July 31, 2020</download_date>
    <link_text>Link to the current ClinicalTrials.gov record.</link_text>
    <url>https://clinicaltrials.gov/show/NCT00000215</url>
  </required_header>
  <id_info>
    <org_study_id>NIDA-06234-4</org_study_id>
    <secondary_id>R01-06234-4</secondary_id>
    <nct_id>NCT00000215</nct_id>
  </id_info>
  <brief_title>IV Cocaine Abuse: A Laboratory Model - 4</brief_title>
  <official_title>IV Cocaine Abuse: A Laboratory Model</official_title>
  <sponsors>
    <lead_sponsor>
      <agency>National Institute on Drug Abuse (NIDA)</agency>
      <agency_class>NIH</agency_class>
    </lead_sponsor>
    <collaborator>
      <agency>Columbia University</agency>
      <agency_class>Other</agency_class>
    </collaborator>
  </sponsors>
  <source>National Institute on Drug Abuse (NIDA)</source>
  <brief_summary>
    <textblock>
      The purpose of this study is to evaluate the effects of pergolide on cocaine taking and on
      the physiological and subjective effects of cocaine, including cocaine craving in non-opiate
      dependent cocaine users.
    </textblock>
  </brief_summary>
  <overall_status>Completed</overall_status>
  <completion_date>December 2001</completion_date>
  <phase>Phase 2</phase>
  <study_type>Interventional</study_type>
  <has_expanded_access>No</has_expanded_access>
  <study_design_info>
    <primary_purpose>Treatment</primary_purpose>
  </study_design_info>
  <primary_outcome>
    <measure>Direct cocaine effects (cardio, subjective)</measure>
  </primary_outcome>
  <primary_outcome>
    <measure>Interaction of cocaine/pergolide on cardio</measure>
  </primary_outcome>
  <primary_outcome>
    <measure>Interaction of coc/pergolide on coc's subjective</measure>
  </primary_outcome>
  <primary_outcome>
    <measure>Effects of pergolide on cocaine craving</measure>
  </primary_outcome>
  <enrollment>0</enrollment>
  <condition>Cocaine-Related Disorders</condition>
  <intervention>
    <intervention_type>Drug</intervention_type>
    <intervention_name>Pergolide</intervention_name>
  </intervention>
  <eligibility>
    <criteria>
      <textblock>
        Please contact site for information.
      </textblock>
    </criteria>
    <gender>All</gender>
    <minimum_age>18 Years</minimum_age>
    <maximum_age>45 Years</maximum_age>
    <healthy_volunteers>No</healthy_volunteers>
  </eligibility>
  <overall_official>
    <last_name>Richard Foltin, Ph.D.</last_name>
    <role>Principal Investigator</role>
    <affiliation>Columbia University</affiliation>
  </overall_official>
  <location>
    <facility>
      <name>Columbia University</name>
      <address>
        <city>New York</city>
        <state>New York</state>
        <zip>10023</zip>
        <country>United States</country>
      </address>
    </facility>
  </location>
  <location_countries>
    <country>United States</country>
  </location_countries>
  <verification_date>October 2016</verification_date>
  <study_first_submitted>September 20, 1999</study_first_submitted>
  <study_first_submitted_qc>September 20, 1999</study_first_submitted_qc>
  <study_first_posted type="Estimate">September 21, 1999</study_first_posted>
  <last_update_submitted>January 11, 2017</last_update_submitted>
  <last_update_submitted_qc>January 11, 2017</last_update_submitted_qc>
  <last_update_posted type="Estimate">January 12, 2017</last_update_posted>
  <keyword>cocaine dependence</keyword>
  <condition_browse>
    <!-- CAUTION:  The following MeSH terms are assigned with an imperfect algorithm            -->
    <mesh_term>Cocaine-Related Disorders</mesh_term>
  </condition_browse>
  <intervention_browse>
    <!-- CAUTION:  The following MeSH terms are assigned with an imperfect algorithm            -->
    <mesh_term>Pergolide</mesh_term>
  </intervention_browse>
  <!-- Results have not yet been posted for this study                                          -->
</clinical_study>

