<clinical_study>
  <!-- This xml conforms to an XML Schema at:
    https://clinicaltrials.gov/ct2/html/images/info/public.xsd -->
  <required_header>
    <download_date>ClinicalTrials.gov processed this data on July 31, 2020</download_date>
    <link_text>Link to the current ClinicalTrials.gov record.</link_text>
    <url>https://clinicaltrials.gov/show/NCT00002974</url>
  </required_header>
  <id_info>
    <org_study_id>CDR0000065489</org_study_id>
    <secondary_id>WCCC-CO-9672</secondary_id>
    <secondary_id>NCI-G97-1217</secondary_id>
    <nct_id>NCT00002974</nct_id>
  </id_info>
  <brief_title>Whole-Body Hyperthermia Plus Chemotherapy in Treating Patients With Advanced Sarcoma</brief_title>
  <official_title>A Phase II Study of Whole Blood Hyperthermia and Ice Chemotherapy in Sarcoma Patients</official_title>
  <sponsors>
    <lead_sponsor>
      <agency>University of Wisconsin, Madison</agency>
      <agency_class>Other</agency_class>
    </lead_sponsor>
    <collaborator>
      <agency>National Cancer Institute (NCI)</agency>
      <agency_class>NIH</agency_class>
    </collaborator>
  </sponsors>
  <source>University of Wisconsin, Madison</source>
  <oversight_info>
    <has_dmc>No</has_dmc>
  </oversight_info>
  <brief_summary>
    <textblock>
      RATIONALE: Hyperthermia therapy kills tumor cells by heating them to several degrees above
      body temperature. Drugs used in chemotherapy use different ways to stop tumor cells from
      dividing so they stop growing or die. Combining chemotherapy with whole-body hyperthermia may
      kill more tumor cells.

      PURPOSE: Phase II trial to study the effectiveness of whole-body hyperthermia plus
      combination chemotherapy in treating patients who have advanced sarcoma that is metastatic or
      that cannot be surgically removed.
    </textblock>
  </brief_summary>
  <detailed_description>
    <textblock>
      OBJECTIVES: I. Evaluate the combination of 41.8 degrees Celsius whole body hyperthermia (WBH)
      and ifosfamide/carboplatin/etoposide (ICE) chemotherapy in patients with advanced sarcoma.
      II. Assess the efficacy of this combination of therapy. III. Assess the clinical toxicity of
      WBH and ICE in these patients. IV. Obtain pilot data on the effect of WBH and ICE on cytokine
      induction in these patients.

      OUTLINE: Treatment of whole body hyperthermia (WBH) and ifosfamide/carboplatin/etoposide
      (ICE) is given every 3-4 weeks. On day 1 of the treatment, ifosfamide is administered
      intravenously over 60 minutes at the beginning of hyperthermia. Carboplatin is administered
      intravenously over 20 minutes while at the maximum temperature. Etoposide is administered
      intravenously over 60 minutes while receiving hyperthermia and on day 2 and 3 after
      hyperthermia. Patient disease status is reevaluated after 2 courses. If there is no disease
      progression, treatment continues for a maximum of 4 courses.

      PROJECTED ACCRUAL: Approximately 17-34 patients will be accrued for this study.
    </textblock>
  </detailed_description>
  <overall_status>Completed</overall_status>
  <start_date>July 1996</start_date>
  <completion_date type="Actual">April 2003</completion_date>
  <primary_completion_date type="Actual">July 2001</primary_completion_date>
  <phase>Phase 2</phase>
  <study_type>Interventional</study_type>
  <has_expanded_access>No</has_expanded_access>
  <study_design_info>
    <primary_purpose>Treatment</primary_purpose>
  </study_design_info>
  <enrollment type="Anticipated">34</enrollment>
  <condition>Sarcoma</condition>
  <intervention>
    <intervention_type>Drug</intervention_type>
    <intervention_name>carboplatin</intervention_name>
  </intervention>
  <intervention>
    <intervention_type>Drug</intervention_type>
    <intervention_name>etoposide</intervention_name>
  </intervention>
  <intervention>
    <intervention_type>Drug</intervention_type>
    <intervention_name>ifosfamide</intervention_name>
  </intervention>
  <intervention>
    <intervention_type>Procedure</intervention_type>
    <intervention_name>hyperthermia treatment</intervention_name>
  </intervention>
  <eligibility>
    <criteria>
      <textblock>
        DISEASE CHARACTERISTICS: Histologically confirmed advanced sarcoma that is metastatic or
        incurable surgically Evaluable or measurable disease Must be refractory to all known forms
        of effective therapy No CNS tumor involvement No major liver involvement (more than 33%
        replacement of liver by tumor)

        PATIENT CHARACTERISTICS: Age: 18-65 Performance status: ECOG 0-2 Life expectancy: At least
        12 weeks Hematopoietic: WBC greater than 3,000/mm3 Absolute granulocyte count at least
        1,000/mm3 Platelet count at least 100,000/mm3 Hepatic: Bilirubin no greater than 1.5 mg/dL
        Alkaline phosphatase no greater than 3 times normal SGOT no greater than 3 times normal
        Protein no less than 15% below lower limit of normal Renal: BUN less than 30 mg/dL
        Creatinine less than 1.5 mg/dL OR Creatinine clearance no less than 60 mL/min Calcium no
        greater than 11.0 mg/dL Sodium 130-150 mmol/L Potassium 3.0-5.0 mmol/L Cardiovascular: No
        organic heart disease - coronary artery disease - history of angina - history of
        dysrhythmia requiring ongoing medical intervention - uncontrolled hypertension - patients
        that require beta blockers - congestive heart failure Neurologic: No tumor involvement of
        CNS No moderate or severe peripheral neuropathy No history of severe emotional instability
        by psychiatric history Pulmonary: FEV1 at least 60% of predicted Maximum voluntary volume
        at least 60% of predicted Partial pressure of oxygen at least 60 OR Oxygen saturation at
        least 90% Other: No history of secondary primary cancer which conceivably could be active
        No active nonmalignant gastric and/or duodenal ulcer No serious infection requiring
        hospitalization within the previous 14 days No history of hepatitis related to general
        anesthesia No history of allergy to lidocaine or related compound No development of
        malignant hyperthermia after general anesthesia No unexplained persistent fever Not
        pregnant or nursing

        PRIOR CONCURRENT THERAPY: Biologic therapy: Not specified Chemotherapy: At least 8 weeks
        since nitrosoureas (e.g., CCNU, BCNU, mitomycin) At least 4 weeks since any other
        chemotherapy Recovered from all toxic effects Endocrine therapy: Not specified
        Radiotherapy: No prior irradiation of more than 25% of the marrow Surgery: Not specified
        Other: No concurrent nonsteroidal anti-inflammatory agents or aspirin
      </textblock>
    </criteria>
    <gender>All</gender>
    <minimum_age>18 Years</minimum_age>
    <maximum_age>65 Years</maximum_age>
    <healthy_volunteers>No</healthy_volunteers>
  </eligibility>
  <overall_official>
    <last_name>H. I. Robins, MD, PhD</last_name>
    <role>Study Chair</role>
    <affiliation>University of Wisconsin, Madison</affiliation>
  </overall_official>
  <location>
    <facility>
      <name>University of Wisconsin Comprehensive Cancer Center</name>
      <address>
        <city>Madison</city>
        <state>Wisconsin</state>
        <zip>53792-6164</zip>
        <country>United States</country>
      </address>
    </facility>
  </location>
  <location_countries>
    <country>United States</country>
  </location_countries>
  <verification_date>May 2011</verification_date>
  <study_first_submitted>November 1, 1999</study_first_submitted>
  <study_first_submitted_qc>March 29, 2004</study_first_submitted_qc>
  <study_first_posted type="Estimate">March 30, 2004</study_first_posted>
  <last_update_submitted>December 12, 2019</last_update_submitted>
  <last_update_submitted_qc>December 12, 2019</last_update_submitted_qc>
  <last_update_posted type="Actual">December 13, 2019</last_update_posted>
  <responsible_party>
    <responsible_party_type>Sponsor</responsible_party_type>
  </responsible_party>
  <keyword>recurrent adult soft tissue sarcoma</keyword>
  <keyword>stage IV adult soft tissue sarcoma</keyword>
  <condition_browse>
    <!-- CAUTION:  The following MeSH terms are assigned with an imperfect algorithm            -->
    <mesh_term>Sarcoma</mesh_term>
    <mesh_term>Fever</mesh_term>
  </condition_browse>
  <intervention_browse>
    <!-- CAUTION:  The following MeSH terms are assigned with an imperfect algorithm            -->
    <mesh_term>Carboplatin</mesh_term>
    <mesh_term>Etoposide</mesh_term>
    <mesh_term>Ifosfamide</mesh_term>
  </intervention_browse>
  <!-- Results have not yet been posted for this study                                          -->
</clinical_study>

