<clinical_study>
  <!-- This xml conforms to an XML Schema at:
    https://clinicaltrials.gov/ct2/html/images/info/public.xsd -->
  <required_header>
    <download_date>ClinicalTrials.gov processed this data on July 31, 2020</download_date>
    <link_text>Link to the current ClinicalTrials.gov record.</link_text>
    <url>https://clinicaltrials.gov/show/NCT00002149</url>
  </required_header>
  <id_info>
    <org_study_id>243A</org_study_id>
    <nct_id>NCT00002149</nct_id>
  </id_info>
  <brief_title>Acupuncture and Herbal Treatment of Chronic HIV Sinusitis</brief_title>
  <official_title>Acupuncture and Herbal Treatment of Chronic HIV Sinusitis</official_title>
  <sponsors>
    <lead_sponsor>
      <agency>Immune Enhancement Project</agency>
      <agency_class>Other</agency_class>
    </lead_sponsor>
  </sponsors>
  <source>NIH AIDS Clinical Trials Information Service</source>
  <brief_summary>
    <textblock>
      To compare Traditional Chinese Medicine versus standard antibiotic therapy consisting of
      pseudoephedrine ( Sudafed ) plus amoxicillin / clavulanate potassium combination ( Augmentin
      ) in reducing symptoms and recurrence of acute HIV-related sinusitis.

      Chronic sinusitis in HIV-infected individuals is a recurrent and persistent infection with
      potentially serious complications: it can exacerbate pulmonary disease, cause recurrences of
      life-threatening sepsis, and progress to central nervous system involvement. Symptoms of
      sinusitis in HIV patients are often refractory to aggressive Western medical management, and
      antibiotic intolerance can occur. Traditional Chinese Medicine consisting of acupuncture and
      herbal treatment may provide a low-risk, low-cost alternative to conventional antibiotic
      therapy.
    </textblock>
  </brief_summary>
  <detailed_description>
    <textblock>
      Chronic sinusitis in HIV-infected individuals is a recurrent and persistent infection with
      potentially serious complications: it can exacerbate pulmonary disease, cause recurrences of
      life-threatening sepsis, and progress to central nervous system involvement. Symptoms of
      sinusitis in HIV patients are often refractory to aggressive Western medical management, and
      antibiotic intolerance can occur. Traditional Chinese Medicine consisting of acupuncture and
      herbal treatment may provide a low-risk, low-cost alternative to conventional antibiotic
      therapy.

      Patients are randomized to receive either Traditional Chinese Medicine (acupuncture and
      herbal treatment) or conventional antibiotic therapy (Sudafed and Augmentin). Treatment
      continues for 8 weeks, followed by a 4 week washout, with final follow-up at week 12.
      Patients must undergo endoscopic nasal exam and CT scan of paranasal sinus prior to study
      entry and at week 12.
    </textblock>
  </detailed_description>
  <overall_status>Completed</overall_status>
  <phase>N/A</phase>
  <study_type>Interventional</study_type>
  <has_expanded_access>No</has_expanded_access>
  <study_design_info>
    <intervention_model>Parallel Assignment</intervention_model>
    <primary_purpose>Treatment</primary_purpose>
  </study_design_info>
  <enrollment>40</enrollment>
  <condition>HIV Infections</condition>
  <condition>Sinusitis</condition>
  <intervention>
    <intervention_type>Drug</intervention_type>
    <intervention_name>Clavulanate potassium</intervention_name>
  </intervention>
  <intervention>
    <intervention_type>Drug</intervention_type>
    <intervention_name>Pseudoephedrine hydrochloride</intervention_name>
  </intervention>
  <intervention>
    <intervention_type>Drug</intervention_type>
    <intervention_name>Amoxicillin trihydrate</intervention_name>
  </intervention>
  <eligibility>
    <criteria>
      <textblock>
        Inclusion Criteria

        Concurrent Medication:

        Allowed:

          -  Antiviral medication.

        Patients must have:

          -  HIV infection.

          -  CD4 count &gt;= 50 cells/mm3.

          -  Recurrent sinusitis.

          -  No active opportunistic infection.

          -  No disease progression.

        Exclusion Criteria

        Co-existing Condition:

        Patients with the following symptoms or conditions are excluded:

          -  Active infection with fever &gt; 102 F.

          -  Neurological symptoms such as epidural abscess, subdural hematoma, meningitis, and
             dementia.

          -  Malignant neoplasm of nasal passages.

          -  Not expected to remain clinically stable for the next 6 months.

          -  Inability to comply with protocol requirements.

          -  Malabsorption or inability to take oral medication.

          -  Concurrent participation on another study where antibiotics will be used.

        Concurrent Medication:

        Excluded:

          -  Antibiotics other than Septra.

        Concurrent Treatment:

        Excluded:

          -  Chinese herbal medicine or acupuncture unless on that study arm.

          -  Surgical intervention that has abated symptoms.

        Patients with the following prior condition are excluded:

        History of allergic reaction to the study antibiotics.
      </textblock>
    </criteria>
    <gender>All</gender>
    <minimum_age>18 Years</minimum_age>
    <maximum_age>60 Years</maximum_age>
    <healthy_volunteers>No</healthy_volunteers>
  </eligibility>
  <location>
    <facility>
      <name>Immune Enhancement Project</name>
      <address>
        <city>San Francisco</city>
        <state>California</state>
        <zip>94114</zip>
        <country>United States</country>
      </address>
    </facility>
  </location>
  <location_countries>
    <country>United States</country>
  </location_countries>
  <verification_date>September 1997</verification_date>
  <study_first_submitted>November 2, 1999</study_first_submitted>
  <study_first_submitted_qc>August 30, 2001</study_first_submitted_qc>
  <study_first_posted type="Estimate">August 31, 2001</study_first_posted>
  <last_update_submitted>June 23, 2005</last_update_submitted>
  <last_update_submitted_qc>June 23, 2005</last_update_submitted_qc>
  <last_update_posted type="Estimate">June 24, 2005</last_update_posted>
  <keyword>AIDS-Related Opportunistic Infections</keyword>
  <keyword>Drug Therapy, Combination</keyword>
  <keyword>Acquired Immunodeficiency Syndrome</keyword>
  <keyword>AIDS-Related Complex</keyword>
  <keyword>Sinusitis</keyword>
  <keyword>Ephedrine</keyword>
  <keyword>Acupuncture Therapy</keyword>
  <keyword>Drugs, Chinese Herbal</keyword>
  <keyword>Medicine, Chinese Traditional</keyword>
  <keyword>Drug Combinations</keyword>
  <keyword>Antibiotics, Combined</keyword>
  <keyword>Amoxicillin-Potassium Clavulanate Combination</keyword>
  <condition_browse>
    <!-- CAUTION:  The following MeSH terms are assigned with an imperfect algorithm            -->
    <mesh_term>Sinusitis</mesh_term>
  </condition_browse>
  <intervention_browse>
    <!-- CAUTION:  The following MeSH terms are assigned with an imperfect algorithm            -->
    <mesh_term>Amoxicillin</mesh_term>
    <mesh_term>Clavulanic Acid</mesh_term>
    <mesh_term>Clavulanic Acids</mesh_term>
    <mesh_term>Pseudoephedrine</mesh_term>
    <mesh_term>Ephedrine</mesh_term>
  </intervention_browse>
  <!-- Results have not yet been posted for this study                                          -->
</clinical_study>

