<clinical_study>
  <!-- This xml conforms to an XML Schema at:
    https://clinicaltrials.gov/ct2/html/images/info/public.xsd -->
  <required_header>
    <download_date>ClinicalTrials.gov processed this data on July 31, 2020</download_date>
    <link_text>Link to the current ClinicalTrials.gov record.</link_text>
    <url>https://clinicaltrials.gov/show/NCT00002402</url>
  </required_header>
  <id_info>
    <org_study_id>VAX 002</org_study_id>
    <nct_id>NCT00002402</nct_id>
  </id_info>
  <brief_title>A Study of AIDSVAX B/B and AIDSVAX B/E, Two Possible Vaccines</brief_title>
  <official_title>Phase I/II Trial to Evaluate the Safety and Immunogenicity of AIDSVAX B/B and B/E Vaccines in the United States</official_title>
  <sponsors>
    <lead_sponsor>
      <agency>VaxGen</agency>
      <agency_class>Industry</agency_class>
    </lead_sponsor>
  </sponsors>
  <source>NIH AIDS Clinical Trials Information Service</source>
  <brief_summary>
    <textblock>
      The purpose of this study is to see if it is safe and effective to give AIDSVAX B/B or
      AIDSVAX B/E, two potential HIV vaccines, to HIV-negative volunteers.
    </textblock>
  </brief_summary>
  <detailed_description>
    <textblock>
      Patients are randomized to 1 of the 2 following arms and administered 1 or 2 injections into
      the deltoid muscle at 0, 1, 6, and 12 months:

      Arm A: Patients receive 1 of 3 doses of AIDSVAX B/B vaccine (MN rgp120/HIV-1 plus GNE8
      rgp120/HIV-1) in alum adjuvant.

      Arm B: Patients receive AIDSVAX B/E (MN rgp120/HIV-1 plus A244 rgp120/HIV-1) vaccine in alum
      adjuvant.

      Patients are evaluated at 1 hr, 3 days, and 14 days after each immunization and at 18 months
      after the first immunization.

      An interim analysis is performed after all patients receive the second dose (at 1 month).
    </textblock>
  </detailed_description>
  <overall_status>Completed</overall_status>
  <phase>Phase 1</phase>
  <study_type>Interventional</study_type>
  <has_expanded_access>No</has_expanded_access>
  <study_design_info>
    <primary_purpose>Prevention</primary_purpose>
  </study_design_info>
  <enrollment>120</enrollment>
  <condition>HIV Infections</condition>
  <intervention>
    <intervention_type>Biological</intervention_type>
    <intervention_name>MN rgp120/HIV-1 and GNE8 rgp120/HIV-1</intervention_name>
  </intervention>
  <intervention>
    <intervention_type>Biological</intervention_type>
    <intervention_name>MN rgp120/HIV-1 and A244 rgp120/HIV-1</intervention_name>
  </intervention>
  <intervention>
    <intervention_type>Biological</intervention_type>
    <intervention_name>Aluminum hydroxide</intervention_name>
  </intervention>
  <eligibility>
    <criteria>
      <textblock>
        Patients must:

        Be HIV-uninfected men and women at low or intermediate risk for HIV-1 infection.
      </textblock>
    </criteria>
    <gender>All</gender>
    <minimum_age>18 Years</minimum_age>
    <maximum_age>N/A</maximum_age>
    <healthy_volunteers>Accepts Healthy Volunteers</healthy_volunteers>
  </eligibility>
  <location>
    <facility>
      <name>Dr Frank Judson / Director of Public Health Dept</name>
      <address>
        <city>Denver</city>
        <state>Colorado</state>
        <zip>80204</zip>
        <country>United States</country>
      </address>
    </facility>
  </location>
  <location>
    <facility>
      <name>Johns Hopkins Bloomberg School of Public Health</name>
      <address>
        <city>Washington</city>
        <state>District of Columbia</state>
        <zip>20037</zip>
        <country>United States</country>
      </address>
    </facility>
  </location>
  <location>
    <facility>
      <name>Fenway Community Health Ctr</name>
      <address>
        <city>Boston</city>
        <state>Massachusetts</state>
        <zip>02115</zip>
        <country>United States</country>
      </address>
    </facility>
  </location>
  <location>
    <facility>
      <name>Saint Louis Univ Health Sciences Ctr</name>
      <address>
        <city>Saint Louis</city>
        <state>Missouri</state>
        <zip>63110</zip>
        <country>United States</country>
      </address>
    </facility>
  </location>
  <location_countries>
    <country>United States</country>
  </location_countries>
  <reference>
    <citation>Mayer K, Judson F, Gorse G, Harro C, Peterson M, Zaharias E, Good J, Shibata R, Lee S, Eastman D, Chernow M, Francis D, Berman P. A phase I/II trial to evaluate the safety and immunogenicity of the AIDSVAX B/B vaccine in the United States (final report). 8th Conf Retro and Opportun Infect. 2001 Feb 4-8 (abstract no 178)</citation>
  </reference>
  <verification_date>August 1998</verification_date>
  <study_first_submitted>November 2, 1999</study_first_submitted>
  <study_first_submitted_qc>August 30, 2001</study_first_submitted_qc>
  <study_first_posted type="Estimate">August 31, 2001</study_first_posted>
  <last_update_submitted>June 23, 2005</last_update_submitted>
  <last_update_submitted_qc>June 23, 2005</last_update_submitted_qc>
  <last_update_posted type="Estimate">June 24, 2005</last_update_posted>
  <keyword>HIV-1</keyword>
  <keyword>Dose-Response Relationship, Drug</keyword>
  <keyword>Acquired Immunodeficiency Syndrome</keyword>
  <keyword>AIDS Vaccines</keyword>
  <keyword>HIV Seronegativity</keyword>
  <keyword>Antigens, Viral</keyword>
  <keyword>Alum Compounds</keyword>
  <condition_browse>
    <!-- CAUTION:  The following MeSH terms are assigned with an imperfect algorithm            -->
    <mesh_term>HIV Infections</mesh_term>
  </condition_browse>
  <intervention_browse>
    <!-- CAUTION:  The following MeSH terms are assigned with an imperfect algorithm            -->
    <mesh_term>Aluminum Hydroxide</mesh_term>
  </intervention_browse>
  <!-- Results have not yet been posted for this study                                          -->
</clinical_study>

