<clinical_study>
  <!-- This xml conforms to an XML Schema at:
    https://clinicaltrials.gov/ct2/html/images/info/public.xsd -->
  <required_header>
    <download_date>ClinicalTrials.gov processed this data on July 31, 2020</download_date>
    <link_text>Link to the current ClinicalTrials.gov record.</link_text>
    <url>https://clinicaltrials.gov/show/NCT00002005</url>
  </required_header>
  <id_info>
    <org_study_id>064B</org_study_id>
    <secondary_id>CO036g</secondary_id>
    <secondary_id>Serial Number 002</secondary_id>
    <nct_id>NCT00002005</nct_id>
  </id_info>
  <brief_title>A Phase I Study of Recombinant CD4(rCD4) in Patients With AIDS and AIDS-Related Complex</brief_title>
  <official_title>A Phase I Study of Recombinant CD4(rCD4) in Patients With AIDS and AIDS-Related Complex</official_title>
  <sponsors>
    <lead_sponsor>
      <agency>Genentech, Inc.</agency>
      <agency_class>Industry</agency_class>
    </lead_sponsor>
  </sponsors>
  <source>NIH AIDS Clinical Trials Information Service</source>
  <brief_summary>
    <textblock>
      To determine the safety profile and maximum tolerated dose (MTD) of recombinant soluble human
      CD4 (rCD4) therapy in patients with AIDS or AIDS related complex (ARC). To obtain a
      preliminary indication of the antiviral effects of rCD4 in patients with AIDS and ARC. To
      measure steady state serum levels of rCD4 following continuous infusion therapy.
    </textblock>
  </brief_summary>
  <overall_status>Completed</overall_status>
  <phase>N/A</phase>
  <study_type>Interventional</study_type>
  <has_expanded_access>No</has_expanded_access>
  <study_design_info>
    <primary_purpose>Treatment</primary_purpose>
  </study_design_info>
  <condition>HIV Infections</condition>
  <intervention>
    <intervention_type>Drug</intervention_type>
    <intervention_name>CD4 Antigens</intervention_name>
  </intervention>
  <eligibility>
    <criteria>
      <textblock>
        Inclusion Criteria

        Patients must have:

          -  HIV-1 seropositivity.

          -  Diagnosis of AIDS or AIDS related complex (ARC).

          -  Failure to tolerate or respond to zidovudine (AZT) or decided to decline AZT therapy.

          -  The ability to sign a written informed consent form prior to treatment.

          -  A willingness to abstain from all other experimental therapy for HIV infection during
             the entire study period.

          -  A life expectancy of at least 3 months.

        Exclusion Criteria

        Co-existing Condition:

        Patients with the following conditions or symptoms are excluded:

          -  Serious active opportunistic infections.

          -  Malignancies other than Kaposi's sarcoma.

        Concurrent Medication:

        Excluded:

          -  Zidovudine (AZT).

          -  Corticosteroids.

          -  Nonsteroidal anti-inflammatory agents (NSAI).

          -  Other experimental therapy.

        Patients with the following are excluded:

          -  Serious active opportunistic infections.

          -  Malignancies other than Kaposi's sarcoma.

        Prior Medication:

        Excluded within 3 weeks of study entry:

          -  Zidovudine (AZT).

          -  Chemotherapy.

          -  Immunomodulators.

          -  Other experimental therapy.
      </textblock>
    </criteria>
    <gender>All</gender>
    <minimum_age>18 Years</minimum_age>
    <maximum_age>N/A</maximum_age>
    <healthy_volunteers>No</healthy_volunteers>
  </eligibility>
  <location>
    <facility>
      <name>Genentech Inc</name>
      <address>
        <city>South San Francisco</city>
        <state>California</state>
        <zip>94080</zip>
        <country>United States</country>
      </address>
    </facility>
  </location>
  <location_countries>
    <country>United States</country>
  </location_countries>
  <verification_date>January 1990</verification_date>
  <study_first_submitted>November 2, 1999</study_first_submitted>
  <study_first_submitted_qc>August 30, 2001</study_first_submitted_qc>
  <study_first_posted type="Estimate">August 31, 2001</study_first_posted>
  <last_update_submitted>June 23, 2005</last_update_submitted>
  <last_update_submitted_qc>June 23, 2005</last_update_submitted_qc>
  <last_update_posted type="Estimate">June 24, 2005</last_update_posted>
  <keyword>Acquired Immunodeficiency Syndrome</keyword>
  <keyword>Antigens, CD4</keyword>
  <keyword>AIDS-Related Complex</keyword>
  <condition_browse>
    <!-- CAUTION:  The following MeSH terms are assigned with an imperfect algorithm            -->
    <mesh_term>AIDS-Related Complex</mesh_term>
  </condition_browse>
  <!-- Results have not yet been posted for this study                                          -->
</clinical_study>

