<clinical_study>
  <!-- This xml conforms to an XML Schema at:
    https://clinicaltrials.gov/ct2/html/images/info/public.xsd -->
  <required_header>
    <download_date>ClinicalTrials.gov processed this data on July 31, 2020</download_date>
    <link_text>Link to the current ClinicalTrials.gov record.</link_text>
    <url>https://clinicaltrials.gov/show/NCT00001672</url>
  </required_header>
  <id_info>
    <org_study_id>970175</org_study_id>
    <secondary_id>97-N-0175</secondary_id>
    <nct_id>NCT00001672</nct_id>
  </id_info>
  <brief_title>Language Localization Using Repetitive Transcranial Magnetic Stimulation (rTMS) in Patients With Epilepsy</brief_title>
  <official_title>Language Localization Using Repetitive Transcranial Magnetic Stimulation (rTMS) in Patients With Epilepsy</official_title>
  <sponsors>
    <lead_sponsor>
      <agency>National Institute of Neurological Disorders and Stroke (NINDS)</agency>
      <agency_class>NIH</agency_class>
    </lead_sponsor>
  </sponsors>
  <source>National Institutes of Health Clinical Center (CC)</source>
  <brief_summary>
    <textblock>
      Repetitive transcranial magnetic stimulation (rTMS) may be able to provide a moderately
      detailed localization of language functions in the brain. We propose to test the ability of
      rTMS to locate the substrate of visual naming to a limited area of the temporal lobe in
      patients with temporal lobe epilepsy before and after surgical resections. The study is
      expected to yield information on the organization of language in the temporal lobes and how
      unilateral temporal lobe lesions and lobectomy cause relocation of language mechanisms in the
      lesioned and in the other hemisphere. It will also be a preliminary step in the development
      of a clinically useful procedure for locating critical language areas in potential surgical
      candidates.
    </textblock>
  </brief_summary>
  <detailed_description>
    <textblock>
      Repetitive transcranial magnetic stimulation (rTMS) may be able to provide a moderately
      detailed localization of language functions in the brain. We propose to test the ability of
      rTMS to locate the substrate of visual naming to a limited area of the temporal lobe in
      patients with temporal lobe epilepsy before and after surgical resections. The study is
      expected to yield information on the organization of language in the temporal lobes and how
      unilateral temporal lobe lesions and lobectomy cause relocation of language mechanisms in the
      lesioned and in the other hemisphere. It will also be a preliminary step in the development
      of a clinically useful procedure for locating critical language areas in potential surgical
      candidates.
    </textblock>
  </detailed_description>
  <overall_status>Completed</overall_status>
  <start_date>September 1997</start_date>
  <completion_date>March 2000</completion_date>
  <study_type>Observational</study_type>
  <has_expanded_access>No</has_expanded_access>
  <enrollment>40</enrollment>
  <condition>Epilepsy, Temporal Lobe</condition>
  <eligibility>
    <criteria>
      <textblock>
        Patients will be drawn from among those referred to the NINDS Epilepsy Research Branch.

        No patients with evidence for a progressive neurological disorder.

        No subjects with metal hardware in the cranial cavity, cardiac pacemakers, indwelling
        medication pumps, cochlear implants, intracardiac lines, significant intracranial masses or
        evidence of increased intracranial pressure.

        Women must not be pregnant.
      </textblock>
    </criteria>
    <gender>All</gender>
    <minimum_age>N/A</minimum_age>
    <maximum_age>N/A</maximum_age>
    <healthy_volunteers>No</healthy_volunteers>
  </eligibility>
  <location>
    <facility>
      <name>National Institute of Neurological Disorders and Stroke (NINDS)</name>
      <address>
        <city>Bethesda</city>
        <state>Maryland</state>
        <zip>20892</zip>
        <country>United States</country>
      </address>
    </facility>
  </location>
  <location_countries>
    <country>United States</country>
  </location_countries>
  <reference>
    <citation>Claus D, Weis M, Treig T, Lang C, Eichhorn KF, Sembach O. Influence of repetitive magnetic stimuli on verbal comprehension. J Neurol. 1993;240(3):149-50.</citation>
    <PMID>8482986</PMID>
  </reference>
  <reference>
    <citation>Desmond JE, Sum JM, Wagner AD, Demb JB, Shear PK, Glover GH, Gabrieli JD, Morrell MJ. Functional MRI measurement of language lateralization in Wada-tested patients. Brain. 1995 Dec;118 ( Pt 6):1411-9.</citation>
    <PMID>8595473</PMID>
  </reference>
  <reference>
    <citation>Epstein CM, Lah JJ, Meador K, Weissman JD, Gaitan LE, Dihenia B. Optimum stimulus parameters for lateralized suppression of speech with magnetic brain stimulation. Neurology. 1996 Dec;47(6):1590-3.</citation>
    <PMID>8960755</PMID>
  </reference>
  <verification_date>August 1999</verification_date>
  <study_first_submitted>November 3, 1999</study_first_submitted>
  <study_first_submitted_qc>December 9, 2002</study_first_submitted_qc>
  <study_first_posted type="Estimate">December 10, 2002</study_first_posted>
  <last_update_submitted>March 3, 2008</last_update_submitted>
  <last_update_submitted_qc>March 3, 2008</last_update_submitted_qc>
  <last_update_posted type="Estimate">March 4, 2008</last_update_posted>
  <keyword>Brain Mapping</keyword>
  <keyword>Cognition</keyword>
  <keyword>Noninvasive</keyword>
  <keyword>Temporal Lobe</keyword>
  <keyword>Visual Naming</keyword>
  <condition_browse>
    <!-- CAUTION:  The following MeSH terms are assigned with an imperfect algorithm            -->
    <mesh_term>Epilepsy</mesh_term>
    <mesh_term>Epilepsy, Temporal Lobe</mesh_term>
  </condition_browse>
  <!-- Results have not yet been posted for this study                                          -->
</clinical_study>

