<clinical_study>
  <!-- This xml conforms to an XML Schema at:
    https://clinicaltrials.gov/ct2/html/images/info/public.xsd -->
  <required_header>
    <download_date>ClinicalTrials.gov processed this data on July 31, 2020</download_date>
    <link_text>Link to the current ClinicalTrials.gov record.</link_text>
    <url>https://clinicaltrials.gov/show/NCT00000908</url>
  </required_header>
  <id_info>
    <org_study_id>ACTG 888</org_study_id>
    <nct_id>NCT00000908</nct_id>
  </id_info>
  <brief_title>A Study to Evaluate the Impact of Stopping Treatment for the Prevention of Pneumonia in HIV-Positive Patients Receiving Anti-HIV Drugs Who Have Increased CD4 Cell Counts</brief_title>
  <official_title>Impact of Discontinuing PCP Prophylaxis in Subjects Receiving Antiretroviral Therapies Who Have Had Increases in CD4 Counts to &gt; 200 Cells/mm3</official_title>
  <sponsors>
    <lead_sponsor>
      <agency>National Institute of Allergy and Infectious Diseases (NIAID)</agency>
      <agency_class>NIH</agency_class>
    </lead_sponsor>
  </sponsors>
  <source>National Institute of Allergy and Infectious Diseases (NIAID)</source>
  <brief_summary>
    <textblock>
      The purpose of this study is to see how often Pneumocystis carinii pneumonia (PCP) occurs in
      HIV-positive patients who have stopped taking medications that help prevent PCP.

      The risk of developing PCP may be decreased when an HIV-positive patient's CD4 cell counts
      (cells of the immune system which fight infection) are more than 200 cells/mm3. This study
      looks at whether it is acceptable to stop PCP prevention treatment in these patients.
    </textblock>
  </brief_summary>
  <detailed_description>
    <textblock>
      The risk of developing PCP may be decreased with treatment-induced recovery of CD4 counts to
      &gt; 200 cells/mm3. Few data exist to confirm or negate the continued necessity of PCP
      prophylaxis for such patients. This study will assess the effects of discontinuing therapy.

      Subjects are asked to discontinue PCP prophylaxis if antiretroviral therapy has resulted in a
      sustained CD4 increase greater than 200 cells/mm3 on two measurements at least 12 weeks
      apart. They will be evaluated for symptoms and CD4 counts every 8 weeks as well as plasma for
      HIV-RNA every 16 weeks for 18 months. Subjects whose CD4 count falls to less than 150
      cells/mm3 or between 150 and 200 cells/mm3 will have the CD4 count re-evaluated immediately
      or within 4 weeks. If the second CD4 count is less than 200 cells/mm3 for either case,
      conventional PCP prophylaxis will be resumed and the subject will be followed on study.
      Subjects will be followed during study by physical exams and laboratory tests at Weeks 4, 8,
      and every 8 weeks thereafter.
    </textblock>
  </detailed_description>
  <overall_status>Completed</overall_status>
  <study_type>Observational</study_type>
  <has_expanded_access>No</has_expanded_access>
  <study_design_info>
    <observational_model>Natural History</observational_model>
  </study_design_info>
  <enrollment>250</enrollment>
  <condition>Pneumonia, Pneumocystis Carinii</condition>
  <condition>HIV Infections</condition>
  <eligibility>
    <criteria>
      <textblock>
        Inclusion Criteria

        You may be eligible for this study if you:

          -  Are HIV-positive.

          -  Have had 1 CD4 cell count of less than 100 cells/mm3 and have never had PCP, or have
             had at least 2 CD4 cell counts over 200 cells/mm3 and have had PCP within 6 months
             prior to study entry.

          -  Have received PCP prevention medication within 3 months of study entry.

          -  Are at least 13 years old (need consent if under 18).

          -  Are taking anti-HIV (antiretroviral) medication at study entry.

        Exclusion Criteria

        You will not be eligible for this study if you:

          -  Have active PCP or symptoms of PCP within 2 weeks of study entry.

          -  Have a fever lasting more than 2 weeks.

          -  Have oral candidiasis (thrush).
      </textblock>
    </criteria>
    <gender>All</gender>
    <minimum_age>13 Years</minimum_age>
    <maximum_age>N/A</maximum_age>
    <healthy_volunteers>No</healthy_volunteers>
  </eligibility>
  <overall_official>
    <last_name>Susan Koletar</last_name>
    <role>Study Chair</role>
  </overall_official>
  <overall_official>
    <last_name>Alison Heald</last_name>
    <role>Study Chair</role>
  </overall_official>
  <overall_official>
    <last_name>Robert Murphy</last_name>
    <role>Study Chair</role>
  </overall_official>
  <location>
    <facility>
      <name>Univ of Alabama at Birmingham</name>
      <address>
        <city>Birmingham</city>
        <state>Alabama</state>
        <zip>35294</zip>
        <country>United States</country>
      </address>
    </facility>
  </location>
  <location>
    <facility>
      <name>Kaiser Foundation Hosp</name>
      <address>
        <city>Harbor City</city>
        <state>California</state>
        <zip>90710</zip>
        <country>United States</country>
      </address>
    </facility>
  </location>
  <location>
    <facility>
      <name>Kaiser Permanente LAMC</name>
      <address>
        <city>Los Angeles</city>
        <state>California</state>
        <zip>90027</zip>
        <country>United States</country>
      </address>
    </facility>
  </location>
  <location>
    <facility>
      <name>Univ of Southern California / LA County USC Med Ctr</name>
      <address>
        <city>Los Angeles</city>
        <state>California</state>
        <zip>900331079</zip>
        <country>United States</country>
      </address>
    </facility>
  </location>
  <location>
    <facility>
      <name>Willow Clinic</name>
      <address>
        <city>Menlo Park</city>
        <state>California</state>
        <zip>94025</zip>
        <country>United States</country>
      </address>
    </facility>
  </location>
  <location>
    <facility>
      <name>Univ of California / San Diego Treatment Ctr</name>
      <address>
        <city>San Diego</city>
        <state>California</state>
        <zip>921036325</zip>
        <country>United States</country>
      </address>
    </facility>
  </location>
  <location>
    <facility>
      <name>San Francisco AIDS Clinic / San Francisco Gen Hosp</name>
      <address>
        <city>San Francisco</city>
        <state>California</state>
        <zip>941102859</zip>
        <country>United States</country>
      </address>
    </facility>
  </location>
  <location>
    <facility>
      <name>San Francisco Gen Hosp</name>
      <address>
        <city>San Francisco</city>
        <state>California</state>
        <zip>941102859</zip>
        <country>United States</country>
      </address>
    </facility>
  </location>
  <location>
    <facility>
      <name>Santa Clara Valley Med Ctr / AIDS Community Rsch Consortium</name>
      <address>
        <city>San Jose</city>
        <state>California</state>
        <zip>951282699</zip>
        <country>United States</country>
      </address>
    </facility>
  </location>
  <location>
    <facility>
      <name>Marin County Specialty Clinic</name>
      <address>
        <city>San Rafael</city>
        <state>California</state>
        <zip>94903</zip>
        <country>United States</country>
      </address>
    </facility>
  </location>
  <location>
    <facility>
      <name>San Mateo AIDS Program / Stanford Univ</name>
      <address>
        <city>Stanford</city>
        <state>California</state>
        <zip>943055107</zip>
        <country>United States</country>
      </address>
    </facility>
  </location>
  <location>
    <facility>
      <name>Stanford Univ Med Ctr</name>
      <address>
        <city>Stanford</city>
        <state>California</state>
        <zip>943055107</zip>
        <country>United States</country>
      </address>
    </facility>
  </location>
  <location>
    <facility>
      <name>Univ of Colorado Health Sciences Ctr</name>
      <address>
        <city>Denver</city>
        <state>Colorado</state>
        <zip>80262</zip>
        <country>United States</country>
      </address>
    </facility>
  </location>
  <location>
    <facility>
      <name>Howard Univ</name>
      <address>
        <city>Washington</city>
        <state>District of Columbia</state>
        <zip>20059</zip>
        <country>United States</country>
      </address>
    </facility>
  </location>
  <location>
    <facility>
      <name>Univ of Miami School of Medicine</name>
      <address>
        <city>Miami</city>
        <state>Florida</state>
        <zip>331361013</zip>
        <country>United States</country>
      </address>
    </facility>
  </location>
  <location>
    <facility>
      <name>Emory Univ</name>
      <address>
        <city>Atlanta</city>
        <state>Georgia</state>
        <zip>30308</zip>
        <country>United States</country>
      </address>
    </facility>
  </location>
  <location>
    <facility>
      <name>Queens Med Ctr</name>
      <address>
        <city>Honolulu</city>
        <state>Hawaii</state>
        <zip>96816</zip>
        <country>United States</country>
      </address>
    </facility>
  </location>
  <location>
    <facility>
      <name>Univ of Hawaii / Leahi Hosp</name>
      <address>
        <city>Honolulu</city>
        <state>Hawaii</state>
        <zip>96816</zip>
        <country>United States</country>
      </address>
    </facility>
  </location>
  <location>
    <facility>
      <name>Northwestern Univ Med School</name>
      <address>
        <city>Chicago</city>
        <state>Illinois</state>
        <zip>60611</zip>
        <country>United States</country>
      </address>
    </facility>
  </location>
  <location>
    <facility>
      <name>Cook County Hosp</name>
      <address>
        <city>Chicago</city>
        <state>Illinois</state>
        <zip>60612</zip>
        <country>United States</country>
      </address>
    </facility>
  </location>
  <location>
    <facility>
      <name>Rush Presbyterian - Saint Luke's Med Ctr</name>
      <address>
        <city>Chicago</city>
        <state>Illinois</state>
        <zip>60612</zip>
        <country>United States</country>
      </address>
    </facility>
  </location>
  <location>
    <facility>
      <name>Louis A Weiss Memorial Hosp</name>
      <address>
        <city>Chicago</city>
        <state>Illinois</state>
        <zip>60640</zip>
        <country>United States</country>
      </address>
    </facility>
  </location>
  <location>
    <facility>
      <name>Indiana Univ Hosp</name>
      <address>
        <city>Indianapolis</city>
        <state>Indiana</state>
        <zip>462025250</zip>
        <country>United States</country>
      </address>
    </facility>
  </location>
  <location>
    <facility>
      <name>Division of Inf Diseases/ Indiana Univ Hosp</name>
      <address>
        <city>Indianapolis</city>
        <state>Indiana</state>
        <zip>46202</zip>
        <country>United States</country>
      </address>
    </facility>
  </location>
  <location>
    <facility>
      <name>Methodist Hosp of Indiana / Life Care Clinic</name>
      <address>
        <city>Indianapolis</city>
        <state>Indiana</state>
        <zip>46202</zip>
        <country>United States</country>
      </address>
    </facility>
  </location>
  <location>
    <facility>
      <name>Johns Hopkins Hosp</name>
      <address>
        <city>Baltimore</city>
        <state>Maryland</state>
        <zip>21287</zip>
        <country>United States</country>
      </address>
    </facility>
  </location>
  <location>
    <facility>
      <name>Harvard (Massachusetts Gen Hosp)</name>
      <address>
        <city>Boston</city>
        <state>Massachusetts</state>
        <zip>02114</zip>
        <country>United States</country>
      </address>
    </facility>
  </location>
  <location>
    <facility>
      <name>Boston Med Ctr</name>
      <address>
        <city>Boston</city>
        <state>Massachusetts</state>
        <zip>02118</zip>
        <country>United States</country>
      </address>
    </facility>
  </location>
  <location>
    <facility>
      <name>Beth Israel Deaconess - West Campus</name>
      <address>
        <city>Boston</city>
        <state>Massachusetts</state>
        <zip>02215</zip>
        <country>United States</country>
      </address>
    </facility>
  </location>
  <location>
    <facility>
      <name>Beth Israel Deaconess Med Ctr</name>
      <address>
        <city>Boston</city>
        <state>Massachusetts</state>
        <zip>02215</zip>
        <country>United States</country>
      </address>
    </facility>
  </location>
  <location>
    <facility>
      <name>Univ of Minnesota</name>
      <address>
        <city>Minneapolis</city>
        <state>Minnesota</state>
        <zip>55455</zip>
        <country>United States</country>
      </address>
    </facility>
  </location>
  <location>
    <facility>
      <name>St Louis Regional Hosp / St Louis Regional Med Ctr</name>
      <address>
        <city>St. Louis</city>
        <state>Missouri</state>
        <zip>63112</zip>
        <country>United States</country>
      </address>
    </facility>
  </location>
  <location>
    <facility>
      <name>Univ of Nebraska Med Ctr</name>
      <address>
        <city>Omaha</city>
        <state>Nebraska</state>
        <zip>681985130</zip>
        <country>United States</country>
      </address>
    </facility>
  </location>
  <location>
    <facility>
      <name>SUNY / Erie County Med Ctr at Buffalo</name>
      <address>
        <city>Buffalo</city>
        <state>New York</state>
        <zip>14215</zip>
        <country>United States</country>
      </address>
    </facility>
  </location>
  <location>
    <facility>
      <name>Beth Israel Med Ctr</name>
      <address>
        <city>New York</city>
        <state>New York</state>
        <zip>10003</zip>
        <country>United States</country>
      </address>
    </facility>
  </location>
  <location>
    <facility>
      <name>Bellevue Hosp / New York Univ Med Ctr</name>
      <address>
        <city>New York</city>
        <state>New York</state>
        <zip>10016</zip>
        <country>United States</country>
      </address>
    </facility>
  </location>
  <location>
    <facility>
      <name>Chelsea Ctr</name>
      <address>
        <city>New York</city>
        <state>New York</state>
        <zip>10021</zip>
        <country>United States</country>
      </address>
    </facility>
  </location>
  <location>
    <facility>
      <name>Cornell Univ Med Ctr</name>
      <address>
        <city>New York</city>
        <state>New York</state>
        <zip>10021</zip>
        <country>United States</country>
      </address>
    </facility>
  </location>
  <location>
    <facility>
      <name>Mount Sinai Med Ctr</name>
      <address>
        <city>New York</city>
        <state>New York</state>
        <zip>10029</zip>
        <country>United States</country>
      </address>
    </facility>
  </location>
  <location>
    <facility>
      <name>St Mary's Hosp (Univ of Rochester/Infectious Diseases)</name>
      <address>
        <city>Rochester</city>
        <state>New York</state>
        <zip>14642</zip>
        <country>United States</country>
      </address>
    </facility>
  </location>
  <location>
    <facility>
      <name>Univ of Rochester Medical Center</name>
      <address>
        <city>Rochester</city>
        <state>New York</state>
        <zip>14642</zip>
        <country>United States</country>
      </address>
    </facility>
  </location>
  <location>
    <facility>
      <name>Univ of North Carolina</name>
      <address>
        <city>Chapel Hill</city>
        <state>North Carolina</state>
        <zip>275997215</zip>
        <country>United States</country>
      </address>
    </facility>
  </location>
  <location>
    <facility>
      <name>Duke Univ Med Ctr</name>
      <address>
        <city>Durham</city>
        <state>North Carolina</state>
        <zip>27710</zip>
        <country>United States</country>
      </address>
    </facility>
  </location>
  <location>
    <facility>
      <name>Univ of Cincinnati</name>
      <address>
        <city>Cincinnati</city>
        <state>Ohio</state>
        <zip>452670405</zip>
        <country>United States</country>
      </address>
    </facility>
  </location>
  <location>
    <facility>
      <name>Univ of Kentucky Lexington</name>
      <address>
        <city>Cincinnati</city>
        <state>Ohio</state>
        <zip>45267</zip>
        <country>United States</country>
      </address>
    </facility>
  </location>
  <location>
    <facility>
      <name>Case Western Reserve Univ</name>
      <address>
        <city>Cleveland</city>
        <state>Ohio</state>
        <zip>44106</zip>
        <country>United States</country>
      </address>
    </facility>
  </location>
  <location>
    <facility>
      <name>MetroHealth Med Ctr</name>
      <address>
        <city>Cleveland</city>
        <state>Ohio</state>
        <zip>441091998</zip>
        <country>United States</country>
      </address>
    </facility>
  </location>
  <location>
    <facility>
      <name>Ohio State Univ Hosp Clinic</name>
      <address>
        <city>Columbus</city>
        <state>Ohio</state>
        <zip>432101228</zip>
        <country>United States</country>
      </address>
    </facility>
  </location>
  <location>
    <facility>
      <name>Philadelphia Veterans Administration Med Ctr</name>
      <address>
        <city>Philadelphia</city>
        <state>Pennsylvania</state>
        <zip>19104</zip>
        <country>United States</country>
      </address>
    </facility>
  </location>
  <location>
    <facility>
      <name>Univ of Pennsylvania at Philadelphia</name>
      <address>
        <city>Philadelphia</city>
        <state>Pennsylvania</state>
        <zip>19104</zip>
        <country>United States</country>
      </address>
    </facility>
  </location>
  <location>
    <facility>
      <name>Univ of Pittsburgh Med Ctr</name>
      <address>
        <city>Pittsburgh</city>
        <state>Pennsylvania</state>
        <zip>15213</zip>
        <country>United States</country>
      </address>
    </facility>
  </location>
  <location>
    <facility>
      <name>Julio Arroyo</name>
      <address>
        <city>West Columbia</city>
        <state>South Carolina</state>
        <zip>29169</zip>
        <country>United States</country>
      </address>
    </facility>
  </location>
  <location>
    <facility>
      <name>Univ of Washington</name>
      <address>
        <city>Seattle</city>
        <state>Washington</state>
        <zip>98104</zip>
        <country>United States</country>
      </address>
    </facility>
  </location>
  <location>
    <facility>
      <name>Univ of Puerto Rico</name>
      <address>
        <city>San Juan</city>
        <zip>009365067</zip>
        <country>Puerto Rico</country>
      </address>
    </facility>
  </location>
  <location_countries>
    <country>Puerto Rico</country>
    <country>United States</country>
  </location_countries>
  <reference>
    <citation>Koletar SL, Heald AE, Finkelstein D, Hafner R, Currier JS, McCutchan JA, Vallee M, Torriani FJ, Powderly WG, Fass RJ, Murphy RL; ACTG 888 Study Team. A prospective study of discontinuing primary and secondary Pneumocystis carinii pneumonia prophylaxis after CD4 cell count increase to &gt; 200 x 106 /l. AIDS. 2001 Aug 17;15(12):1509-15.</citation>
    <PMID>11504983</PMID>
  </reference>
  <verification_date>February 2003</verification_date>
  <study_first_submitted>November 2, 1999</study_first_submitted>
  <study_first_submitted_qc>August 30, 2001</study_first_submitted_qc>
  <study_first_posted type="Estimate">August 31, 2001</study_first_posted>
  <last_update_submitted>June 23, 2005</last_update_submitted>
  <last_update_submitted_qc>June 23, 2005</last_update_submitted_qc>
  <last_update_posted type="Estimate">June 24, 2005</last_update_posted>
  <keyword>AIDS-Related Opportunistic Infections</keyword>
  <keyword>Pneumonia, Pneumocystis carinii</keyword>
  <keyword>Antiviral Agents</keyword>
  <keyword>CD4 Lymphocyte Count</keyword>
  <keyword>RNA, Viral</keyword>
  <condition_browse>
    <!-- CAUTION:  The following MeSH terms are assigned with an imperfect algorithm            -->
    <mesh_term>Pneumonia, Pneumocystis</mesh_term>
    <mesh_term>Pneumonia</mesh_term>
  </condition_browse>
  <!-- Results have not yet been posted for this study                                          -->
</clinical_study>

