<clinical_study>
  <!-- This xml conforms to an XML Schema at:
    https://clinicaltrials.gov/ct2/html/images/info/public.xsd -->
  <required_header>
    <download_date>ClinicalTrials.gov processed this data on July 31, 2020</download_date>
    <link_text>Link to the current ClinicalTrials.gov record.</link_text>
    <url>https://clinicaltrials.gov/show/NCT00002236</url>
  </required_header>
  <id_info>
    <org_study_id>228G</org_study_id>
    <secondary_id>M/3331/0072</secondary_id>
    <nct_id>NCT00002236</nct_id>
  </id_info>
  <brief_title>A Study to Find the Best Dosing Schedule for Delavirdine, Zidovudine, and Indinavir in HIV-Positive Patients</brief_title>
  <official_title>An Open-Label, Parallel Group, Pilot Study of Safety, Tolerance, Pharmacokinetics and Pharmacodynamics of BID and TID Regimens of Delavirdine Mesylate, Zidovudine, and Indinavir Sulfate in HIV-1 Infected Individuals</official_title>
  <sponsors>
    <lead_sponsor>
      <agency>Pharmacia and Upjohn</agency>
      <agency_class>Industry</agency_class>
    </lead_sponsor>
  </sponsors>
  <source>NIH AIDS Clinical Trials Information Service</source>
  <brief_summary>
    <textblock>
      The purpose of this study is to see whether it is better to take delavirdine (DLV) plus
      indinavir (IDV) plus zidovudine (ZDV) twice a day or three times a day.
    </textblock>
  </brief_summary>
  <detailed_description>
    <textblock>
      Patients are divided into 2 treatment groups; the groups are balanced with respect to viral
      load. Group A receives ZDV, DLV, and IDV 3 times daily. Group B receives ZDV, DLV, and IDV 2
      times daily. Patients are evaluated for changes from baseline in viral load and CD4 cell
      count.
    </textblock>
  </detailed_description>
  <overall_status>Completed</overall_status>
  <phase>N/A</phase>
  <study_type>Interventional</study_type>
  <has_expanded_access>No</has_expanded_access>
  <study_design_info>
    <primary_purpose>Treatment</primary_purpose>
    <masking>None (Open Label)</masking>
  </study_design_info>
  <enrollment>32</enrollment>
  <condition>HIV Infections</condition>
  <intervention>
    <intervention_type>Drug</intervention_type>
    <intervention_name>Indinavir sulfate</intervention_name>
  </intervention>
  <intervention>
    <intervention_type>Drug</intervention_type>
    <intervention_name>Delavirdine mesylate</intervention_name>
  </intervention>
  <intervention>
    <intervention_type>Drug</intervention_type>
    <intervention_name>Zidovudine</intervention_name>
  </intervention>
  <eligibility>
    <criteria>
      <textblock>
        Inclusion Criteria

        You may be eligible for this study if you:

          -  Are HIV-positive.

          -  Have a viral load (level of HIV in the blood) of at least 20,000 copies/ml.

          -  Have a CD4 cell count of at least 50 cells/mm3.

          -  Are at least 14 years old (consent of parent or guardian is required if under 18).

        Exclusion Criteria

        You will not be eligible for this study if you:

          -  Have ever taken an anti-HIV drug other than ZDV.

          -  Have taken ZDV for more than 1 month.
      </textblock>
    </criteria>
    <gender>All</gender>
    <minimum_age>14 Years</minimum_age>
    <maximum_age>N/A</maximum_age>
    <healthy_volunteers>No</healthy_volunteers>
  </eligibility>
  <location>
    <facility>
      <name>AIDS Healthcare Foundation</name>
      <address>
        <city>Los Angeles</city>
        <state>California</state>
        <zip>90027</zip>
        <country>United States</country>
      </address>
    </facility>
  </location>
  <location>
    <facility>
      <name>UCSF AIDS Research Institute</name>
      <address>
        <city>San Francisco</city>
        <state>California</state>
        <zip>94105</zip>
        <country>United States</country>
      </address>
    </facility>
  </location>
  <location>
    <facility>
      <name>Saint Luke's - Roosevelt Hosp Ctr</name>
      <address>
        <city>New York</city>
        <state>New York</state>
        <zip>10019</zip>
        <country>United States</country>
      </address>
    </facility>
  </location>
  <location>
    <facility>
      <name>Anderson Clinical Research</name>
      <address>
        <city>Pittsburgh</city>
        <state>Pennsylvania</state>
        <zip>15213</zip>
        <country>United States</country>
      </address>
    </facility>
  </location>
  <location>
    <facility>
      <name>Univ of Tennessee / Div of Infect Dis / Dept of Med</name>
      <address>
        <city>Memphis</city>
        <state>Tennessee</state>
        <zip>38165</zip>
        <country>United States</country>
      </address>
    </facility>
  </location>
  <location>
    <facility>
      <name>Infectious Disease Physicians Inc</name>
      <address>
        <city>Annandale</city>
        <state>Virginia</state>
        <zip>22203</zip>
        <country>United States</country>
      </address>
    </facility>
  </location>
  <location_countries>
    <country>United States</country>
  </location_countries>
  <verification_date>April 2000</verification_date>
  <study_first_submitted>November 2, 1999</study_first_submitted>
  <study_first_submitted_qc>August 30, 2001</study_first_submitted_qc>
  <study_first_posted type="Estimate">August 31, 2001</study_first_posted>
  <last_update_submitted>June 23, 2005</last_update_submitted>
  <last_update_submitted_qc>June 23, 2005</last_update_submitted_qc>
  <last_update_posted type="Estimate">June 24, 2005</last_update_posted>
  <keyword>Drug Therapy, Combination</keyword>
  <keyword>Zidovudine</keyword>
  <keyword>Drug Administration Schedule</keyword>
  <keyword>HIV Protease Inhibitors</keyword>
  <keyword>CD4 Lymphocyte Count</keyword>
  <keyword>Indinavir</keyword>
  <keyword>Delavirdine</keyword>
  <keyword>Reverse Transcriptase Inhibitors</keyword>
  <keyword>Anti-HIV Agents</keyword>
  <keyword>Viral Load</keyword>
  <condition_browse>
    <!-- CAUTION:  The following MeSH terms are assigned with an imperfect algorithm            -->
    <mesh_term>HIV Infections</mesh_term>
  </condition_browse>
  <intervention_browse>
    <!-- CAUTION:  The following MeSH terms are assigned with an imperfect algorithm            -->
    <mesh_term>Zidovudine</mesh_term>
    <mesh_term>Delavirdine</mesh_term>
    <mesh_term>Indinavir</mesh_term>
  </intervention_browse>
  <!-- Results have not yet been posted for this study                                          -->
</clinical_study>

