<clinical_study>
  <!-- This xml conforms to an XML Schema at:
    https://clinicaltrials.gov/ct2/html/images/info/public.xsd -->
  <required_header>
    <download_date>ClinicalTrials.gov processed this data on July 31, 2020</download_date>
    <link_text>Link to the current ClinicalTrials.gov record.</link_text>
    <url>https://clinicaltrials.gov/show/NCT00003250</url>
  </required_header>
  <id_info>
    <org_study_id>CDR0000066130</org_study_id>
    <secondary_id>U01CA062487</secondary_id>
    <secondary_id>P30CA022453</secondary_id>
    <secondary_id>WSU-C-1605</secondary_id>
    <secondary_id>NCI-T97-0098</secondary_id>
    <nct_id>NCT00003250</nct_id>
  </id_info>
  <brief_title>Fenretinide in Treating Patients With Solid Tumors</brief_title>
  <official_title>Phase I Evaluation of Fenretinide (NSC# 374551)</official_title>
  <sponsors>
    <lead_sponsor>
      <agency>Barbara Ann Karmanos Cancer Institute</agency>
      <agency_class>Other</agency_class>
    </lead_sponsor>
    <collaborator>
      <agency>National Cancer Institute (NCI)</agency>
      <agency_class>NIH</agency_class>
    </collaborator>
  </sponsors>
  <source>Barbara Ann Karmanos Cancer Institute</source>
  <oversight_info>
    <has_dmc>Yes</has_dmc>
  </oversight_info>
  <brief_summary>
    <textblock>
      RATIONALE: Drugs used in chemotherapy use different ways to stop tumor cells from dividing so
      they stop growing or die.

      PURPOSE: Phase I trial to study the effectiveness of fenretinide in treating patients who
      have solid tumors.
    </textblock>
  </brief_summary>
  <detailed_description>
    <textblock>
      OBJECTIVES: I. Determine the maximum tolerated dose and toxicity of oral fenretinide in
      patients with solid malignant tumors. II. Determine the pharmacokinetics of fenretinide and
      its metabolites. III. Determine the preliminary antitumor activity of fenretinide in this
      patient population. IV. Determine the recommended phase II starting dose of fenretinide. V.
      Determine whether fenretinide induces apoptosis in clinical specimens.

      OUTLINE: This is a dose escalation study. Patients receive oral fenretinide once daily on
      days 1, 8 and 9 and three times a day on days 2-7. Courses repeat every 3 weeks in the
      absence of disease progression or unacceptable toxicity. Treatment continues for up to 6
      months following complete remission. Accessible tumors are biopsied on day 8. Cohorts of 3-6
      patients receive escalating doses of fenretinide until the maximum tolerated dose (MTD) is
      determined. The MTD is defined as the dose preceding that at which 2 of 6 patients experience
      dose limiting toxicity.

      PROJECTED ACCRUAL: Approximately 21 patients will be accrued for this study within 6-9
      months.
    </textblock>
  </detailed_description>
  <overall_status>Completed</overall_status>
  <start_date>May 1998</start_date>
  <completion_date type="Actual">December 2008</completion_date>
  <primary_completion_date type="Actual">December 2008</primary_completion_date>
  <phase>Phase 1</phase>
  <study_type>Interventional</study_type>
  <has_expanded_access>No</has_expanded_access>
  <study_design_info>
    <allocation>N/A</allocation>
    <intervention_model>Single Group Assignment</intervention_model>
    <primary_purpose>Treatment</primary_purpose>
    <masking>None (Open Label)</masking>
  </study_design_info>
  <primary_outcome>
    <measure>Determine the maximum tolerated dose (MTD) and toxicities of 4-HPR</measure>
    <time_frame>per cycle</time_frame>
    <description>When drug is administered orally three times daily for 21 doses, repeated every 21 days.</description>
  </primary_outcome>
  <secondary_outcome>
    <measure>Characterize the pharmacokinetics of 4-HPR and its metabolite(s)</measure>
    <time_frame>Pre-treatment; Cycle 1 Days 1 &amp; 8: 1, 2, 4, 6, 8, 12, 24 hrs &amp; day</time_frame>
  </secondary_outcome>
  <enrollment type="Actual">31</enrollment>
  <condition>Unspecified Adult Solid Tumor, Protocol Specific</condition>
  <intervention>
    <intervention_type>Drug</intervention_type>
    <intervention_name>fenretinide</intervention_name>
  </intervention>
  <eligibility>
    <criteria>
      <textblock>
        DISEASE CHARACTERISTICS: Histologically proven solid malignant tumors (carcinoma or
        sarcoma) Not eligible for any known treatment or regimen of higher potential efficacy No
        history of CNS tumors or prior CNS metastases

        PATIENT CHARACTERISTICS: Age: 15 and over Performance status: ECOG 0-2 Life expectancy: At
        least 12 weeks Hematopoietic: Absolute neutrophil count at least 1,500/mm3 Platelet count
        greater than 100,000/mm3 Hepatic: Bilirubin no greater than 1.5 mg/mL SGOT/SGPT no greater
        than 2 times upper limit of normal Renal: Creatinine no greater than 1.5 mg/mL OR
        Creatinine clearance at least 60 mL/min Cardiovascular: At least 6 months since any acute
        myocardial infarction No congestive heart failure No New York Heart Association class III
        or IV heart disease No clinically significant cardiac arrhythmias Pulmonary: Not specified
        Other: Not pregnant or nursing Fertile patients must use effective contraception No
        gastrointestinal bleeding or bleeding tendency

        PRIOR CONCURRENT THERAPY: Biologic therapy: Not specified Chemotherapy: At least 4 weeks
        since prior chemotherapy (at least 6 weeks since nitrosoureas or mitomycin) and recovered
        No concurrent chemotherapy Endocrine therapy: Not specified Radiotherapy: At least 4 weeks
        since prior radiotherapy and recovered No concurrent radiotherapy Surgery: Not specified
        Other: No prior systemic retinoid therapy
      </textblock>
    </criteria>
    <gender>All</gender>
    <minimum_age>15 Years</minimum_age>
    <maximum_age>N/A</maximum_age>
    <healthy_volunteers>No</healthy_volunteers>
  </eligibility>
  <overall_official>
    <last_name>Patricia M. LoRusso, DO</last_name>
    <role>Study Chair</role>
    <affiliation>Barbara Ann Karmanos Cancer Institute</affiliation>
  </overall_official>
  <location>
    <facility>
      <name>Barbara Ann Karmanos Cancer Institute</name>
      <address>
        <city>Detroit</city>
        <state>Michigan</state>
        <zip>48201</zip>
        <country>United States</country>
      </address>
    </facility>
  </location>
  <location_countries>
    <country>United States</country>
  </location_countries>
  <verification_date>April 2014</verification_date>
  <study_first_submitted>November 1, 1999</study_first_submitted>
  <study_first_submitted_qc>May 20, 2004</study_first_submitted_qc>
  <study_first_posted type="Estimate">May 21, 2004</study_first_posted>
  <last_update_submitted>April 9, 2014</last_update_submitted>
  <last_update_submitted_qc>April 9, 2014</last_update_submitted_qc>
  <last_update_posted type="Estimate">April 11, 2014</last_update_posted>
  <responsible_party>
    <responsible_party_type>Sponsor</responsible_party_type>
  </responsible_party>
  <keyword>unspecified adult solid tumor, protocol specific</keyword>
  <intervention_browse>
    <!-- CAUTION:  The following MeSH terms are assigned with an imperfect algorithm            -->
    <mesh_term>Fenretinide</mesh_term>
  </intervention_browse>
  <!-- Results have not yet been posted for this study                                          -->
</clinical_study>

