<clinical_study>
  <!-- This xml conforms to an XML Schema at:
    https://clinicaltrials.gov/ct2/html/images/info/public.xsd -->
  <required_header>
    <download_date>ClinicalTrials.gov processed this data on July 31, 2020</download_date>
    <link_text>Link to the current ClinicalTrials.gov record.</link_text>
    <url>https://clinicaltrials.gov/show/NCT00002321</url>
  </required_header>
  <id_info>
    <org_study_id>086A</org_study_id>
    <secondary_id>CS-L293-10</secondary_id>
    <nct_id>NCT00002321</nct_id>
  </id_info>
  <brief_title>A Phase I Study of the Safety of Proleukin (Aldesleukin) in Combination With Ganciclovir and Antiretroviral Therapy in HIV Seropositive Patients With Cytomegalovirus (CMV) Retinitis</brief_title>
  <official_title>A Phase I Study of the Safety of Proleukin (Aldesleukin) in Combination With Ganciclovir and Antiretroviral Therapy in HIV Seropositive Patients With Cytomegalovirus (CMV) Retinitis</official_title>
  <sponsors>
    <lead_sponsor>
      <agency>Chiron Corporation</agency>
      <agency_class>Industry</agency_class>
    </lead_sponsor>
  </sponsors>
  <source>NIH AIDS Clinical Trials Information Service</source>
  <brief_summary>
    <textblock>
      To determine the MTD and dose-limiting toxicities of a regimen of therapeutic ganciclovir,
      antiretroviral therapy, and recombinant interleukin-2 (aldesleukin; Proleukin) as an immune
      adjuvant in HIV-seropositive patients. To investigate the effect of increasing doses of
      Proleukin on the time to progression of CMV retinitis in patients being treated with
      therapeutic ganciclovir and antiretroviral therapy. To evaluate the incidence and level of
      anti-IL-2 antibody formation to subcutaneously administered Proleukin in this patient
      population.
    </textblock>
  </brief_summary>
  <detailed_description>
    <textblock>
      Patients will receive subcutaneous Proleukin in combination with ganciclovir and
      antiretroviral therapy, and the MTD will be determined.
    </textblock>
  </detailed_description>
  <overall_status>Completed</overall_status>
  <phase>Phase 1</phase>
  <study_type>Interventional</study_type>
  <has_expanded_access>No</has_expanded_access>
  <study_design_info>
    <primary_purpose>Treatment</primary_purpose>
  </study_design_info>
  <condition>Cytomegalovirus Retinitis</condition>
  <condition>HIV Infections</condition>
  <intervention>
    <intervention_type>Drug</intervention_type>
    <intervention_name>Aldesleukin</intervention_name>
  </intervention>
  <eligibility>
    <criteria>
      <textblock>
        Inclusion Criteria

        Patients must have:

        Documented HIV seropositivity.

        Prior Medication:

        Required:

          -  FDA-approved antiretroviral therapy for at least 2 months prior to study entry.

        Allowed:

          -  Prior G-CSF.
      </textblock>
    </criteria>
    <gender>All</gender>
    <minimum_age>18 Years</minimum_age>
    <maximum_age>N/A</maximum_age>
    <healthy_volunteers>No</healthy_volunteers>
  </eligibility>
  <location>
    <facility>
      <name>Med College of Ohio</name>
      <address>
        <city>Toledo</city>
        <state>Ohio</state>
        <zip>43699</zip>
        <country>United States</country>
      </address>
    </facility>
  </location>
  <location_countries>
    <country>United States</country>
  </location_countries>
  <verification_date>October 1994</verification_date>
  <study_first_submitted>November 2, 1999</study_first_submitted>
  <study_first_submitted_qc>August 30, 2001</study_first_submitted_qc>
  <study_first_posted type="Estimate">August 31, 2001</study_first_posted>
  <last_update_submitted>June 23, 2005</last_update_submitted>
  <last_update_submitted_qc>June 23, 2005</last_update_submitted_qc>
  <last_update_posted type="Estimate">June 24, 2005</last_update_posted>
  <keyword>Retinitis</keyword>
  <keyword>Interleukin-2</keyword>
  <keyword>Ganciclovir</keyword>
  <keyword>Drug Therapy, Combination</keyword>
  <keyword>Acquired Immunodeficiency Syndrome</keyword>
  <keyword>Antiviral Agents</keyword>
  <condition_browse>
    <!-- CAUTION:  The following MeSH terms are assigned with an imperfect algorithm            -->
    <mesh_term>Cytomegalovirus Retinitis</mesh_term>
    <mesh_term>HIV Seropositivity</mesh_term>
    <mesh_term>Retinitis</mesh_term>
  </condition_browse>
  <intervention_browse>
    <!-- CAUTION:  The following MeSH terms are assigned with an imperfect algorithm            -->
    <mesh_term>Aldesleukin</mesh_term>
  </intervention_browse>
  <!-- Results have not yet been posted for this study                                          -->
</clinical_study>

