<clinical_study>
  <!-- This xml conforms to an XML Schema at:
    https://clinicaltrials.gov/ct2/html/images/info/public.xsd -->
  <required_header>
    <download_date>ClinicalTrials.gov processed this data on July 31, 2020</download_date>
    <link_text>Link to the current ClinicalTrials.gov record.</link_text>
    <url>https://clinicaltrials.gov/show/NCT00001018</url>
  </required_header>
  <id_info>
    <org_study_id>ACTG 198</org_study_id>
    <secondary_id>Protocol JRD 65731/1001</secondary_id>
    <nct_id>NCT00001018</nct_id>
  </id_info>
  <brief_title>A Study of Letrazuril in the Treatment of AIDS-Related Diarrhea</brief_title>
  <official_title>Blinded, Placebo-Controlled, Single-Dose Pharmacokinetics and Dose Escalation, Efficacy, and Safety Study of Letrazuril for AIDS-Related Cryptosporidial Diarrhea</official_title>
  <sponsors>
    <lead_sponsor>
      <agency>National Institute of Allergy and Infectious Diseases (NIAID)</agency>
      <agency_class>NIH</agency_class>
    </lead_sponsor>
    <collaborator>
      <agency>Janssen Pharmaceuticals</agency>
      <agency_class>Industry</agency_class>
    </collaborator>
  </sponsors>
  <source>National Institute of Allergy and Infectious Diseases (NIAID)</source>
  <brief_summary>
    <textblock>
      To determine the pharmacokinetic profile of single doses of letrazuril in patients with
      AIDS-related cryptosporidial diarrhea; to determine the dose proportionality of single
      escalating doses of letrazuril; to determine steady-state concentrations of letrazuril; to
      evaluate the safety and efficacy of escalating doses of letrazuril, compared with placebo,
      for patients with AIDS-related cryptosporidial diarrhea.

      Letrazuril, the p-fluor analog of diclazuril, has been shown in an animal model to prevent
      infections by organisms closely related to the intracellular parasite Cryptosporidium.
      Reliable data are needed to show the effectiveness of letrazuril in treating AIDS-related
      cryptosporidial diarrhea.
    </textblock>
  </brief_summary>
  <detailed_description>
    <textblock>
      Letrazuril, the p-fluor analog of diclazuril, has been shown in an animal model to prevent
      infections by organisms closely related to the intracellular parasite Cryptosporidium.
      Reliable data are needed to show the effectiveness of letrazuril in treating AIDS-related
      cryptosporidial diarrhea.

      Four groups of eight patients receive escalating doses of oral letrazuril (or placebo). In
      each group, six patients are randomized to receive letrazuril and two patients receive
      matching placebo. In the pharmacokinetics determination phase of the study, patients receive
      a single dose of letrazuril or placebo following a meal. Following a 72-hour blood
      collection, patients enter the blinded, treatment phase of the study and receive letrazuril
      or placebo as a single dose daily, after a meal, for 3 weeks. Patients with persistent
      Cryptosporidium oocysts in their stools at the end of the blinded treatment phase may
      continue with open-label treatment of letrazuril at the same dose for 4 weeks; the dose may
      subsequently be escalated every 4 weeks, to a maximum, if oocysts persist. Patients who have
      Cryptosporidium oocysts eradicated from their stools will discontinue treatment and be
      followed for 3 months. All patients undergo clinical follow-up at 3 and 6 months.
    </textblock>
  </detailed_description>
  <overall_status>Completed</overall_status>
  <phase>Phase 1</phase>
  <study_type>Interventional</study_type>
  <has_expanded_access>No</has_expanded_access>
  <study_design_info>
    <primary_purpose>Treatment</primary_purpose>
  </study_design_info>
  <enrollment>32</enrollment>
  <condition>Cryptosporidiosis</condition>
  <condition>HIV Infections</condition>
  <intervention>
    <intervention_type>Drug</intervention_type>
    <intervention_name>Letrazuril</intervention_name>
  </intervention>
  <eligibility>
    <criteria>
      <textblock>
        Inclusion Criteria

        Concurrent Medication:

        Allowed:

          -  Anti-diarrheal and antiemetic medications.

          -  Anti-HIV agents such as zidovudine, ddI, and ddC if dosing regimens were stable for at
             least 3 weeks prior to start of study drug.

        Patients must have:

          -  AIDS.

          -  Chronic diarrhea with presence of Cryptosporidium oocysts in a stool specimen.

          -  CD4 count &lt; 150/mm3 (not required if patient has had cryptosporidiosis for a minimum
             of 4 weeks).

          -  Life expectancy of at least 1 month.

        Prior Medication:

        Allowed:

          -  Anti-HIV agents such as zidovudine, ddI, and ddC if dosing regimens were stable for at
             least 3 weeks prior to start of study drug.

          -  Anti-diarrheal and antiemetic medications.

        Exclusion Criteria

        Co-existing Condition:

        Patients with the following symptoms or conditions are excluded:

          -  Grade 4 hematologic toxicity or grade 3 other toxicity ( patients with grade 3 hepatic
             toxicity may be enrolled if abnormalities are considered to be caused by biliary
             cryptosporidiosis).

          -  Presence of other diarrhea-causing pathogens.

          -  Active (defined as newly diagnosed, progressive, or requiring therapeutic
             intervention) opportunistic infection that requires antimicrobial therapy (patients
             receiving maintenance or prophylactic antimicrobial therapy for opportunistic
             infection may be enrolled if the dosing regimen has been stable for at least 3 weeks).

          -  Evidence of cytomegalovirus retinitis or colitis.

        Concurrent Medication:

        Excluded:

          -  Ganciclovir, cancer chemotherapy, or interferon-alpha or other immunomodulating
             agents.

          -  Any investigational drug (drugs available under an FDA-authorized expanded access
             program will not be considered investigational).

        Prior Medication:

        Excluded:

          -  Any investigational drug within 1 month prior to start of study drug (drugs available
             under an FDA-authorized expanded access program will not be considered
             investigational).

          -  Ganciclovir, cancer chemotherapy, or interferon-alpha or other immunomodulating agents
             within 7 days prior to start of study drug.
      </textblock>
    </criteria>
    <gender>All</gender>
    <minimum_age>13 Years</minimum_age>
    <maximum_age>N/A</maximum_age>
    <healthy_volunteers>No</healthy_volunteers>
  </eligibility>
  <overall_official>
    <last_name>Moskovitz BL</last_name>
    <role>Study Chair</role>
  </overall_official>
  <location>
    <facility>
      <name>USC School of Medicine</name>
      <address>
        <city>Los Angeles</city>
        <state>California</state>
        <zip>90033</zip>
        <country>United States</country>
      </address>
    </facility>
  </location>
  <location>
    <facility>
      <name>Dr Douglas Dieterich</name>
      <address>
        <city>New York</city>
        <state>New York</state>
        <zip>10016</zip>
        <country>United States</country>
      </address>
    </facility>
  </location>
  <location>
    <facility>
      <name>Cornell Univ Med Ctr</name>
      <address>
        <city>New York</city>
        <state>New York</state>
        <zip>10021</zip>
        <country>United States</country>
      </address>
    </facility>
  </location>
  <location>
    <facility>
      <name>Saint Luke's - Roosevelt Hosp Ctr</name>
      <address>
        <city>New York</city>
        <state>New York</state>
        <zip>10025</zip>
        <country>United States</country>
      </address>
    </facility>
  </location>
  <location_countries>
    <country>United States</country>
  </location_countries>
  <reference>
    <citation>Guillem S, Gomez M, Romeu J, Raventos A, Fernandez A, Condom MJ, Clotet B. Letrazuril for the treatment of severe cryptosporidial diarrhoea in AIDS. Int Conf AIDS. 1992 Jul 19-24;8(2):B129 (abstract no PoB 3257)</citation>
  </reference>
  <reference>
    <citation>Harris M, Deutsch G, MacLean JD, Tsoukas CM. A phase I study of letrazuril in AIDS-related cryptosporidiosis. AIDS. 1994 Aug;8(8):1109-13.</citation>
    <PMID>7986407</PMID>
  </reference>
  <reference>
    <citation>Rubbert A, Schwab J, Kalden JR, Nusslein H. Myositis, fever, rash and thrombopenia after letrazuril treatment of intestinal cryptosporidiosis: a case report. Int Conf AIDS. 1993 Jun 6-11;9(1):373 (abstract no PO-B10-1430)</citation>
  </reference>
  <verification_date>October 1992</verification_date>
  <study_first_submitted>November 2, 1999</study_first_submitted>
  <study_first_submitted_qc>August 30, 2001</study_first_submitted_qc>
  <study_first_posted type="Estimate">August 31, 2001</study_first_posted>
  <last_update_submitted>June 23, 2005</last_update_submitted>
  <last_update_submitted_qc>June 23, 2005</last_update_submitted_qc>
  <last_update_posted type="Estimate">June 24, 2005</last_update_posted>
  <keyword>Cryptosporidiosis</keyword>
  <keyword>Diarrhea</keyword>
  <keyword>Acquired Immunodeficiency Syndrome</keyword>
  <keyword>Antiprotozoal Agents</keyword>
  <keyword>Triazines</keyword>
  <condition_browse>
    <!-- CAUTION:  The following MeSH terms are assigned with an imperfect algorithm            -->
    <mesh_term>Cryptosporidiosis</mesh_term>
    <mesh_term>Diarrhea</mesh_term>
  </condition_browse>
  <!-- Results have not yet been posted for this study                                          -->
</clinical_study>

