<clinical_study>
  <!-- This xml conforms to an XML Schema at:
    https://clinicaltrials.gov/ct2/html/images/info/public.xsd -->
  <required_header>
    <download_date>ClinicalTrials.gov processed this data on July 31, 2020</download_date>
    <link_text>Link to the current ClinicalTrials.gov record.</link_text>
    <url>https://clinicaltrials.gov/show/NCT00000817</url>
  </required_header>
  <id_info>
    <org_study_id>CPCRA 022</org_study_id>
    <secondary_id>11572</secondary_id>
    <nct_id>NCT00000817</nct_id>
  </id_info>
  <brief_title>The Efficacy of a Standardized Acupuncture Regimen and Amitriptyline Compared With Placebo as a Treatment for Pain Caused by Peripheral Neuropathy in HIV-Infected Patients</brief_title>
  <official_title>The Efficacy of a Standardized Acupuncture Regimen and Amitriptyline Compared With Placebo as a Treatment for Pain Caused by Peripheral Neuropathy in HIV-Infected Patients</official_title>
  <sponsors>
    <lead_sponsor>
      <agency>National Institute of Allergy and Infectious Diseases (NIAID)</agency>
      <agency_class>NIH</agency_class>
    </lead_sponsor>
  </sponsors>
  <source>National Institute of Allergy and Infectious Diseases (NIAID)</source>
  <brief_summary>
    <textblock>
      To evaluate the separate and combined efficacy of a standardized acupuncture regimen and
      amitriptyline on the relief of pain due to peripheral neuropathy and on the quality of life
      of HIV-infected patients.

      Both amitriptyline, an antidepressant, and acupuncture, a Chinese medical approach that uses
      needles to relieve pain, have been used successfully to reduce pain in some people. It is not
      known how effectively these approaches relieve or reduce pain in patients with peripheral
      neuropathy secondary to HIV infection.
    </textblock>
  </brief_summary>
  <detailed_description>
    <textblock>
      Both amitriptyline, an antidepressant, and acupuncture, a Chinese medical approach that uses
      needles to relieve pain, have been used successfully to reduce pain in some people. It is not
      known how effectively these approaches relieve or reduce pain in patients with peripheral
      neuropathy secondary to HIV infection.

      Patients are randomized to receive either standardized point acupuncture or alternate point
      acupuncture treatment twice weekly for the first 6 weeks, then once weekly for the next 8
      weeks, plus either oral amitriptyline or placebo daily for the entire 14 weeks. Acupuncture
      points are located on the lower leg. Patients are evaluated at weeks 6 and 14 and are asked
      to keep a daily pain diary.
    </textblock>
  </detailed_description>
  <overall_status>Completed</overall_status>
  <start_date>November 1994</start_date>
  <completion_date type="Actual">May 1997</completion_date>
  <phase>N/A</phase>
  <study_type>Interventional</study_type>
  <has_expanded_access>No</has_expanded_access>
  <study_design_info>
    <allocation>Randomized</allocation>
    <intervention_model>Single Group Assignment</intervention_model>
    <primary_purpose>Treatment</primary_purpose>
    <masking>Double (Participant, Care Provider)</masking>
  </study_design_info>
  <primary_outcome>
    <measure>Change in intensity of pain as measured by the daily pain diary and the global pain relief rating</measure>
    <time_frame>At Weeks 6 and 14</time_frame>
  </primary_outcome>
  <primary_outcome>
    <measure>Change in quality life</measure>
    <time_frame>Throughout study</time_frame>
  </primary_outcome>
  <primary_outcome>
    <measure>Change in neurological status</measure>
    <time_frame>Throughout study</time_frame>
  </primary_outcome>
  <primary_outcome>
    <measure>Permanent discontinuation of study treatment due to treatment failure</measure>
    <time_frame>Throughout study</time_frame>
  </primary_outcome>
  <number_of_arms>1</number_of_arms>
  <enrollment type="Actual">260</enrollment>
  <condition>HIV Infections</condition>
  <condition>Peripheral Nervous System Disease</condition>
  <arm_group>
    <arm_group_label>1</arm_group_label>
    <arm_group_type>Experimental</arm_group_type>
    <description>Participants will receive standardized or alternate point acupuncture treatment twice weekly for the first 6 weeks, then once weekly for the next 8 weeks, plus either oral amitriptyline or placebo daily for the entire 14 weeks.</description>
  </arm_group>
  <intervention>
    <intervention_type>Drug</intervention_type>
    <intervention_name>Amitriptyline hydrochloride</intervention_name>
    <description>75 mg oral tablet taken daily</description>
    <arm_group_label>1</arm_group_label>
  </intervention>
  <intervention>
    <intervention_type>Drug</intervention_type>
    <intervention_name>Amitriptyline hydrochloride placebo</intervention_name>
    <description>Oral placebo tablet taken daily</description>
    <arm_group_label>1</arm_group_label>
  </intervention>
  <intervention>
    <intervention_type>Procedure</intervention_type>
    <intervention_name>Point acupuncture</intervention_name>
    <description>Standardized or alternate acupuncture procedure</description>
    <arm_group_label>1</arm_group_label>
  </intervention>
  <eligibility>
    <criteria>
      <textblock>
        Inclusion Criteria

        Concurrent Medication:

        Allowed:

          -  Antiretroviral therapy.

          -  Nonsystemic treatment of Kaposi's sarcoma.

          -  Maintenance with an existing regimen of analgesic medication or herbal treatment.

        Concurrent Treatment: Required:

          -  Acupuncture.

        Patients must have:

          -  HIV infection.

          -  Lower extremity peripheral neuropathy secondary to HIV infection.

          -  Pain for at least 2 weeks prior to study entry.

          -  Life expectancy of at least 6 months.

        NOTE:

          -  Co-enrollment in other experimental protocols is permitted as long as dual
             participation is allowed in those protocols.

        Prior Medication:

        Allowed:

          -  Antiretroviral therapy.

        Exclusion Criteria

        Co-existing Condition:

        Patients with the following symptoms or conditions are excluded:

          -  Known allergy to amitriptyline (not applicable for patients at sites using an
             acupuncture only study design).

          -  EKG indicating malignant arrhythmia or cardiac conduction disturbances (not applicable
             for patients at sites using an acupuncture only study design).

          -  Prison incarceration.

        Concurrent Medication:

        Excluded:

          -  Active treatment for an acute opportunistic infection or malignancy (nonsystemic
             treatment of Kaposi's sarcoma is permitted).

          -  Other tricyclic antidepressants.

          -  MAO inhibitors.

        Patients with the following prior conditions are excluded (not applicable for patients at
        sites using an acupuncture only study design):

          -  History of cardiac disease.

          -  History of seizure disorder.

        Prior Medication:

        Excluded within 2 weeks prior to study entry:

          -  MAO inhibitors.

          -  Tricyclic antidepressants.
      </textblock>
    </criteria>
    <gender>All</gender>
    <minimum_age>13 Years</minimum_age>
    <maximum_age>N/A</maximum_age>
    <healthy_volunteers>No</healthy_volunteers>
  </eligibility>
  <overall_official>
    <last_name>Shlay J</last_name>
    <role>Study Chair</role>
  </overall_official>
  <overall_official>
    <last_name>Flaws B</last_name>
    <role>Study Chair</role>
  </overall_official>
  <location>
    <facility>
      <name>Community Consortium of San Francisco</name>
      <address>
        <city>San Francisco</city>
        <state>California</state>
        <zip>94110</zip>
        <country>United States</country>
      </address>
    </facility>
  </location>
  <location>
    <facility>
      <name>Denver CPCRA / Denver Public Hlth</name>
      <address>
        <city>Denver</city>
        <state>Colorado</state>
        <zip>80204</zip>
        <country>United States</country>
      </address>
    </facility>
  </location>
  <location>
    <facility>
      <name>Veterans Administration Med Ctr / Regional AIDS Program</name>
      <address>
        <city>Washington</city>
        <state>District of Columbia</state>
        <zip>20422</zip>
        <country>United States</country>
      </address>
    </facility>
  </location>
  <location>
    <facility>
      <name>Baltimore Trials</name>
      <address>
        <city>Baltimore</city>
        <state>Maryland</state>
        <zip>21201</zip>
        <country>United States</country>
      </address>
    </facility>
  </location>
  <location>
    <facility>
      <name>Comprehensive AIDS Alliance of Detroit</name>
      <address>
        <city>Detroit</city>
        <state>Michigan</state>
        <zip>48201</zip>
        <country>United States</country>
      </address>
    </facility>
  </location>
  <location>
    <facility>
      <name>North Jersey Community Research Initiative</name>
      <address>
        <city>Newark</city>
        <state>New Jersey</state>
        <zip>07103</zip>
        <country>United States</country>
      </address>
    </facility>
  </location>
  <location>
    <facility>
      <name>Partners Research</name>
      <address>
        <city>Albuquerque</city>
        <state>New Mexico</state>
        <zip>87131</zip>
        <country>United States</country>
      </address>
    </facility>
  </location>
  <location>
    <facility>
      <name>Clinical Directors Network of Region II</name>
      <address>
        <city>New York</city>
        <state>New York</state>
        <zip>10011</zip>
        <country>United States</country>
      </address>
    </facility>
  </location>
  <location>
    <facility>
      <name>Harlem AIDS Treatment Group / Harlem Hosp Ctr</name>
      <address>
        <city>New York</city>
        <state>New York</state>
        <zip>10037</zip>
        <country>United States</country>
      </address>
    </facility>
  </location>
  <location>
    <facility>
      <name>Portland Veterans Adm Med Ctr / Rsch &amp; Education Grp</name>
      <address>
        <city>Portland</city>
        <state>Oregon</state>
        <zip>97210</zip>
        <country>United States</country>
      </address>
    </facility>
  </location>
  <location>
    <facility>
      <name>Philadelphia FIGHT</name>
      <address>
        <city>Philadelphia</city>
        <state>Pennsylvania</state>
        <zip>19107</zip>
        <country>United States</country>
      </address>
    </facility>
  </location>
  <location_countries>
    <country>United States</country>
  </location_countries>
  <reference>
    <citation>Chavez C. Prickly business. The finer points of acupuncture. Posit Aware. 1995 Jan-Feb:14-5.</citation>
    <PMID>11362204</PMID>
  </reference>
  <reference>
    <citation>Shlay JC, Chaloner K, Max MB, Flaws B, Reichelderfer P, Wentworth D, Hillman S, Brizz B, Cohn DL. Acupuncture and amitriptyline for pain due to HIV-related peripheral neuropathy: a randomized controlled trial. Terry Beirn Community Programs for Clinical Research on AIDS. JAMA. 1998 Nov 11;280(18):1590-5.</citation>
    <PMID>9820261</PMID>
  </reference>
  <verification_date>September 2013</verification_date>
  <study_first_submitted>November 2, 1999</study_first_submitted>
  <study_first_submitted_qc>August 30, 2001</study_first_submitted_qc>
  <study_first_posted type="Estimate">August 31, 2001</study_first_posted>
  <last_update_submitted>September 28, 2013</last_update_submitted>
  <last_update_submitted_qc>September 28, 2013</last_update_submitted_qc>
  <last_update_posted type="Estimate">October 1, 2013</last_update_posted>
  <responsible_party>
    <responsible_party_type>Sponsor</responsible_party_type>
  </responsible_party>
  <keyword>Acquired Immunodeficiency Syndrome</keyword>
  <keyword>AIDS-Related Complex</keyword>
  <keyword>Peripheral Nervous System Diseases</keyword>
  <keyword>Amitriptyline</keyword>
  <keyword>Pain</keyword>
  <keyword>Acupuncture Therapy</keyword>
  <condition_browse>
    <!-- CAUTION:  The following MeSH terms are assigned with an imperfect algorithm            -->
    <mesh_term>Peripheral Nervous System Diseases</mesh_term>
    <mesh_term>Nervous System Diseases</mesh_term>
  </condition_browse>
  <intervention_browse>
    <!-- CAUTION:  The following MeSH terms are assigned with an imperfect algorithm            -->
    <mesh_term>Amitriptyline</mesh_term>
    <mesh_term>Amitriptyline, perphenazine drug combination</mesh_term>
  </intervention_browse>
  <!-- Results have not yet been posted for this study                                          -->
</clinical_study>

