<clinical_study>
  <!-- This xml conforms to an XML Schema at:
    https://clinicaltrials.gov/ct2/html/images/info/public.xsd -->
  <required_header>
    <download_date>ClinicalTrials.gov processed this data on July 31, 2020</download_date>
    <link_text>Link to the current ClinicalTrials.gov record.</link_text>
    <url>https://clinicaltrials.gov/show/NCT00003021</url>
  </required_header>
  <id_info>
    <org_study_id>CDR0000065606</org_study_id>
    <secondary_id>UTHSC-IDD-93-45</secondary_id>
    <secondary_id>NCI-T93-0166</secondary_id>
    <secondary_id>SACI-IDD-93-45</secondary_id>
    <nct_id>NCT00003021</nct_id>
  </id_info>
  <brief_title>Bizelesin in Treating Patients With Advanced Cancer</brief_title>
  <official_title>A Phase I Trial of Bizelesin (NSC 615291) Using a Single Bolus Infusion Given Every Twenty-eight (28) Days in Patients With Advanced Cancer</official_title>
  <sponsors>
    <lead_sponsor>
      <agency>The University of Texas Health Science Center at San Antonio</agency>
      <agency_class>Other</agency_class>
    </lead_sponsor>
    <collaborator>
      <agency>National Cancer Institute (NCI)</agency>
      <agency_class>NIH</agency_class>
    </collaborator>
  </sponsors>
  <source>The University of Texas Health Science Center at San Antonio</source>
  <brief_summary>
    <textblock>
      RATIONALE: Drugs used in chemotherapy use different ways to stop tumor cells from dividing so
      they stop growing or die.

      PURPOSE: Phase I trial to study the effectiveness of bizelesin in treating patients who have
      advanced cancer.
    </textblock>
  </brief_summary>
  <detailed_description>
    <textblock>
      OBJECTIVES: I. Determine the maximum tolerated dose of bizelesin in patients with advanced
      cancer. II. Determine the qualitative and quantitative toxic effects of this therapy in these
      patients. III. Determine the pharmacokinetics of this therapy in these patients. IV.
      Determine the recommended dose of this drug for phase II trials. V. Determine the antitumor
      effects of this therapy in these patients.

      OUTLINE: This is a dose-escalation study. Patients receive bizelesin IV on day 1. Courses
      repeat every 4 weeks in the absence of disease progression or unacceptable toxicity. Cohorts
      of 3-6 patients receive escalating doses of bizelesin until the maximum tolerated dose (MTD)
      is determined. The MTD is defined as the dose preceding that at which 2 of 3 or 6 patients
      experience dose-limiting toxicity.

      PROJECTED ACCRUAL: Approximately 30 patients will be accrued for this study.
    </textblock>
  </detailed_description>
  <overall_status>Completed</overall_status>
  <start_date>August 1997</start_date>
  <completion_date type="Actual">November 2002</completion_date>
  <primary_completion_date type="Actual">November 2002</primary_completion_date>
  <phase>Phase 1</phase>
  <study_type>Interventional</study_type>
  <has_expanded_access>No</has_expanded_access>
  <study_design_info>
    <primary_purpose>Treatment</primary_purpose>
  </study_design_info>
  <condition>Unspecified Adult Solid Tumor, Protocol Specific</condition>
  <intervention>
    <intervention_type>Drug</intervention_type>
    <intervention_name>bizelesin</intervention_name>
  </intervention>
  <eligibility>
    <criteria>
      <textblock>
        DISEASE CHARACTERISTICS: Histologically confirmed malignant solid tumor for which there are
        no therapeutic options that are potentially curative or have been demonstrated to increase
        survival No primary or metastatic CNS malignancy

        PATIENT CHARACTERISTICS: Age: 18 and over Performance status: Karnofsky 70-100% Life
        expectancy: At least 12 weeks Hematopoietic: Neutrophil count at least 1,500/mm3 Platelet
        count at least 100,000/mm3 Hemoglobin at least 9.0 g/dL Hepatic: Bilirubin normal SGOT no
        greater than 2.5 times upper limit of normal Renal: Creatinine normal OR Creatinine
        clearance at least 60 mL/min Cardiovascular: No atrial or ventricular arrhythmia requiring
        medication No ischemic event within the past 6 months Other: Not pregnant or nursing
        Negative pregnancy test Fertile patients must use effective contraception No active
        infection No other active malignancy except curatively treated carcinoma in situ of the
        cervix or basal cell skin cancer No other serious concurrent medical illness No history of
        seizure disorder requiring active therapy

        PRIOR CONCURRENT THERAPY: Biologic therapy: Not specified Chemotherapy: At least 4 weeks
        since prior chemotherapy (6 weeks for mitomycin or nitrosoureas) and recovered Endocrine
        therapy: Not specified Radiotherapy: No prior radiotherapy to more than 10% of bone marrow
        No prior electron-beam radiotherapy At least 4 weeks since other prior radiotherapy
        Surgery: Prior surgery allowed Other: Recovered from prior therapy
      </textblock>
    </criteria>
    <gender>All</gender>
    <minimum_age>18 Years</minimum_age>
    <maximum_age>N/A</maximum_age>
    <healthy_volunteers>No</healthy_volunteers>
  </eligibility>
  <overall_official>
    <last_name>Eric K. Rowinsky, MD</last_name>
    <role>Study Chair</role>
    <affiliation>The University of Texas Health Science Center at San Antonio</affiliation>
  </overall_official>
  <location>
    <facility>
      <name>Brooke Army Medical Center</name>
      <address>
        <city>Fort Sam Houston</city>
        <state>Texas</state>
        <zip>78234</zip>
        <country>United States</country>
      </address>
    </facility>
  </location>
  <location>
    <facility>
      <name>Cancer Therapy &amp; Research Center</name>
      <address>
        <city>San Antonio</city>
        <state>Texas</state>
        <zip>78229</zip>
        <country>United States</country>
      </address>
    </facility>
  </location>
  <location_countries>
    <country>United States</country>
  </location_countries>
  <verification_date>November 2012</verification_date>
  <study_first_submitted>November 1, 1999</study_first_submitted>
  <study_first_submitted_qc>March 11, 2004</study_first_submitted_qc>
  <study_first_posted type="Estimate">March 12, 2004</study_first_posted>
  <last_update_submitted>November 2, 2012</last_update_submitted>
  <last_update_submitted_qc>November 2, 2012</last_update_submitted_qc>
  <last_update_posted type="Estimate">November 6, 2012</last_update_posted>
  <responsible_party>
    <responsible_party_type>Sponsor</responsible_party_type>
  </responsible_party>
  <keyword>unspecified adult solid tumor, protocol specific</keyword>
  <intervention_browse>
    <!-- CAUTION:  The following MeSH terms are assigned with an imperfect algorithm            -->
    <mesh_term>Bizelesin</mesh_term>
  </intervention_browse>
  <!-- Results have not yet been posted for this study                                          -->
</clinical_study>

