<clinical_study>
  <!-- This xml conforms to an XML Schema at:
    https://clinicaltrials.gov/ct2/html/images/info/public.xsd -->
  <required_header>
    <download_date>ClinicalTrials.gov processed this data on July 31, 2020</download_date>
    <link_text>Link to the current ClinicalTrials.gov record.</link_text>
    <url>https://clinicaltrials.gov/show/NCT00002132</url>
  </required_header>
  <id_info>
    <org_study_id>236A</org_study_id>
    <secondary_id>ITR-USA-12</secondary_id>
    <nct_id>NCT00002132</nct_id>
  </id_info>
  <brief_title>Randomized, Controlled, Double-Blind Study of Itraconazole Oral Solution Versus Fluconazole Tablets for the Treatment of Esophageal Candidiasis.</brief_title>
  <official_title>Randomized, Controlled, Double-Blind Study of Itraconazole Oral Solution Versus Fluconazole Tablets for the Treatment of Esophageal Candidiasis.</official_title>
  <sponsors>
    <lead_sponsor>
      <agency>Janssen Pharmaceuticals</agency>
      <agency_class>Industry</agency_class>
    </lead_sponsor>
  </sponsors>
  <source>NIH AIDS Clinical Trials Information Service</source>
  <brief_summary>
    <textblock>
      To evaluate the safety and efficacy of itraconazole oral solution versus fluconazole tablets
      for the treatment of esophageal candidiasis in immunocompromised patients.
    </textblock>
  </brief_summary>
  <overall_status>Completed</overall_status>
  <phase>N/A</phase>
  <study_type>Interventional</study_type>
  <has_expanded_access>No</has_expanded_access>
  <study_design_info>
    <primary_purpose>Treatment</primary_purpose>
    <masking>Double</masking>
  </study_design_info>
  <condition>Candidiasis, Esophageal</condition>
  <condition>HIV Infections</condition>
  <intervention>
    <intervention_type>Drug</intervention_type>
    <intervention_name>Itraconazole</intervention_name>
  </intervention>
  <intervention>
    <intervention_type>Drug</intervention_type>
    <intervention_name>Fluconazole</intervention_name>
  </intervention>
  <eligibility>
    <criteria>
      <textblock>
        Inclusion Criteria

        Patients must have:

          -  Esophageal candidiasis.

          -  Histological evidence of Candida spp. at baseline with confirmation by positive
             mycological culture.

          -  HIV infection or other predisposing risk factor.

          -  Life expectancy of at least 2 months.

        Exclusion Criteria

        Co-existing Condition:

        Patients with the following symptoms or conditions are excluded:

          -  Malignancies of the head or neck, if the treatment or disease will interfere with
             response assessment.

          -  Evidence of systemic fungal infection.

          -  Underlying clinical condition that would preclude study completion.

          -  Judged to be unreliable in regard to following physician's directives.

        Concurrent Medication:

        Excluded:

          -  Rifampin.

          -  Rifabutin.

          -  Phenobarbital.

          -  Phenytoin.

          -  Carbamazepine.

          -  Terfenadine.

          -  Astemizole.

          -  H2 blockers.

          -  Continual antacids.

          -  Any investigational drug (expanded access drugs are allowed).

        Patients with the following prior conditions are excluded:

          -  History of significant hepatic abnormalities or clinical evidence of hepatic disease
             within 2 months prior to study entry.

          -  History of hypersensitivity to imidazole or azole compounds.

        Prior Medication:

        Excluded:

          -  Other orally administered antifungal therapy within 3 days prior to study entry.

          -  Any investigational drug within 1 month prior to study entry (expanded access drugs
             are allowed).
      </textblock>
    </criteria>
    <gender>All</gender>
    <minimum_age>13 Years</minimum_age>
    <maximum_age>N/A</maximum_age>
    <healthy_volunteers>No</healthy_volunteers>
  </eligibility>
  <location>
    <facility>
      <name>Dr Eskild A Petersen</name>
      <address>
        <city>Tucson</city>
        <state>Arizona</state>
        <zip>85724</zip>
        <country>United States</country>
      </address>
    </facility>
  </location>
  <location>
    <facility>
      <name>Los Angeles County - USC Med Ctr</name>
      <address>
        <city>Los Angeles</city>
        <state>California</state>
        <zip>90033</zip>
        <country>United States</country>
      </address>
    </facility>
  </location>
  <location>
    <facility>
      <name>UCSD Med Ctr</name>
      <address>
        <city>San Diego</city>
        <state>California</state>
        <zip>92103</zip>
        <country>United States</country>
      </address>
    </facility>
  </location>
  <location>
    <facility>
      <name>George Washington Univ Med Ctr</name>
      <address>
        <city>Washington</city>
        <state>District of Columbia</state>
        <zip>20037</zip>
        <country>United States</country>
      </address>
    </facility>
  </location>
  <location>
    <facility>
      <name>Emory Univ School of Medicine</name>
      <address>
        <city>Atlanta</city>
        <state>Georgia</state>
        <zip>30303</zip>
        <country>United States</country>
      </address>
    </facility>
  </location>
  <location>
    <facility>
      <name>Rush Presbyterian - Saint Luke's Med Ctr</name>
      <address>
        <city>Chicago</city>
        <state>Illinois</state>
        <zip>60612</zip>
        <country>United States</country>
      </address>
    </facility>
  </location>
  <location>
    <facility>
      <name>Johns Hopkins Univ School of Medicine</name>
      <address>
        <city>Baltimore</city>
        <state>Maryland</state>
        <zip>21205</zip>
        <country>United States</country>
      </address>
    </facility>
  </location>
  <location>
    <facility>
      <name>Wayne State Univ / Harper Hosp</name>
      <address>
        <city>Detroit</city>
        <state>Michigan</state>
        <zip>48201</zip>
        <country>United States</country>
      </address>
    </facility>
  </location>
  <location>
    <facility>
      <name>Univ of Missouri at Kansas City School of Medicine</name>
      <address>
        <city>Kansas City</city>
        <state>Missouri</state>
        <zip>64108</zip>
        <country>United States</country>
      </address>
    </facility>
  </location>
  <location>
    <facility>
      <name>Infectious Diseases Association / Research Med Ctr</name>
      <address>
        <city>Kansas City</city>
        <state>Missouri</state>
        <zip>64132</zip>
        <country>United States</country>
      </address>
    </facility>
  </location>
  <location>
    <facility>
      <name>Montefiore Med Ctr</name>
      <address>
        <city>Bronx</city>
        <state>New York</state>
        <zip>10467</zip>
        <country>United States</country>
      </address>
    </facility>
  </location>
  <location>
    <facility>
      <name>Erie County Med Ctr</name>
      <address>
        <city>Buffalo</city>
        <state>New York</state>
        <zip>14215</zip>
        <country>United States</country>
      </address>
    </facility>
  </location>
  <location>
    <facility>
      <name>Dr Douglas Dieterich</name>
      <address>
        <city>New York</city>
        <state>New York</state>
        <zip>10016</zip>
        <country>United States</country>
      </address>
    </facility>
  </location>
  <location>
    <facility>
      <name>Univ of North Carolina</name>
      <address>
        <city>Chapel Hill</city>
        <state>North Carolina</state>
        <zip>27599</zip>
        <country>United States</country>
      </address>
    </facility>
  </location>
  <location>
    <facility>
      <name>Bowman Gray School of Medicine</name>
      <address>
        <city>Winston Salem</city>
        <state>North Carolina</state>
        <zip>27157</zip>
        <country>United States</country>
      </address>
    </facility>
  </location>
  <location>
    <facility>
      <name>Univ Hosps of Cleveland</name>
      <address>
        <city>Cleveland</city>
        <state>Ohio</state>
        <zip>44106</zip>
        <country>United States</country>
      </address>
    </facility>
  </location>
  <location>
    <facility>
      <name>Austin Infectious Disease Consultants</name>
      <address>
        <city>Austin</city>
        <state>Texas</state>
        <zip>78705</zip>
        <country>United States</country>
      </address>
    </facility>
  </location>
  <location>
    <facility>
      <name>Houston Veterans Administration Med Ctr</name>
      <address>
        <city>Houston</city>
        <state>Texas</state>
        <zip>77030</zip>
        <country>United States</country>
      </address>
    </facility>
  </location>
  <location_countries>
    <country>United States</country>
  </location_countries>
  <reference>
    <citation>Barbaro G, Barbarini G, Di Lorenzo G. Fluconazole compared with itraconazole in the treatment of esophageal candidiasis in AIDS patients: a double-blind, randomized, controlled clinical study. Scand J Infect Dis. 1995;27(6):613-7.</citation>
    <PMID>8685642</PMID>
  </reference>
  <verification_date>April 1996</verification_date>
  <study_first_submitted>November 2, 1999</study_first_submitted>
  <study_first_submitted_qc>August 30, 2001</study_first_submitted_qc>
  <study_first_posted type="Estimate">August 31, 2001</study_first_posted>
  <last_update_submitted>June 23, 2005</last_update_submitted>
  <last_update_submitted_qc>June 23, 2005</last_update_submitted_qc>
  <last_update_posted type="Estimate">June 24, 2005</last_update_posted>
  <keyword>Itraconazole</keyword>
  <keyword>Fluconazole</keyword>
  <keyword>Acquired Immunodeficiency Syndrome</keyword>
  <keyword>Candidiasis</keyword>
  <keyword>Immunocompromised Host</keyword>
  <condition_browse>
    <!-- CAUTION:  The following MeSH terms are assigned with an imperfect algorithm            -->
    <mesh_term>Candidiasis</mesh_term>
  </condition_browse>
  <intervention_browse>
    <!-- CAUTION:  The following MeSH terms are assigned with an imperfect algorithm            -->
    <mesh_term>Itraconazole</mesh_term>
    <mesh_term>Fluconazole</mesh_term>
  </intervention_browse>
  <!-- Results have not yet been posted for this study                                          -->
</clinical_study>

