<clinical_study>
  <!-- This xml conforms to an XML Schema at:
    https://clinicaltrials.gov/ct2/html/images/info/public.xsd -->
  <required_header>
    <download_date>ClinicalTrials.gov processed this data on July 31, 2020</download_date>
    <link_text>Link to the current ClinicalTrials.gov record.</link_text>
    <url>https://clinicaltrials.gov/show/NCT00000204</url>
  </required_header>
  <id_info>
    <org_study_id>NIDA-05626-3</org_study_id>
    <secondary_id>R01DA005626</secondary_id>
    <secondary_id>R01-05626-3</secondary_id>
    <nct_id>NCT00000204</nct_id>
  </id_info>
  <brief_title>Buprenorphine Maintenance for Opioid Addicts - 3</brief_title>
  <official_title>Buprenorphine Maintenance for Opioid Addicts</official_title>
  <sponsors>
    <lead_sponsor>
      <agency>Yale University</agency>
      <agency_class>Other</agency_class>
    </lead_sponsor>
    <collaborator>
      <agency>National Institute on Drug Abuse (NIDA)</agency>
      <agency_class>NIH</agency_class>
    </collaborator>
  </sponsors>
  <source>Yale University</source>
  <brief_summary>
    <textblock>
      The purpose of this study is to evaluate buprenorphine in a medical maintenance model three
      times a week.
    </textblock>
  </brief_summary>
  <overall_status>Completed</overall_status>
  <start_date>August 1988</start_date>
  <completion_date type="Actual">May 2006</completion_date>
  <primary_completion_date type="Actual">May 2006</primary_completion_date>
  <phase>Phase 2</phase>
  <study_type>Interventional</study_type>
  <has_expanded_access>No</has_expanded_access>
  <study_design_info>
    <primary_purpose>Treatment</primary_purpose>
  </study_design_info>
  <primary_outcome>
    <measure>Drug use</measure>
  </primary_outcome>
  <primary_outcome>
    <measure>Retention</measure>
  </primary_outcome>
  <primary_outcome>
    <measure>Withdrawal symptoms</measure>
  </primary_outcome>
  <enrollment>0</enrollment>
  <condition>Opioid-Related Disorders</condition>
  <intervention>
    <intervention_type>Drug</intervention_type>
    <intervention_name>Buprenorphine</intervention_name>
  </intervention>
  <eligibility>
    <criteria>
      <textblock>
        Please contact site for information.
      </textblock>
    </criteria>
    <gender>All</gender>
    <minimum_age>N/A</minimum_age>
    <maximum_age>N/A</maximum_age>
    <healthy_volunteers>No</healthy_volunteers>
  </eligibility>
  <overall_official>
    <last_name>Thomas R Kosten, M.D.</last_name>
    <role>Principal Investigator</role>
    <affiliation>VA Connecticut Healthcare System</affiliation>
  </overall_official>
  <location>
    <facility>
      <name>VA Connecticut Healthcare System</name>
      <address>
        <city>New Haven</city>
        <state>Connecticut</state>
        <zip>06519</zip>
        <country>United States</country>
      </address>
    </facility>
  </location>
  <location_countries>
    <country>United States</country>
  </location_countries>
  <verification_date>April 2020</verification_date>
  <study_first_submitted>September 20, 1999</study_first_submitted>
  <study_first_submitted_qc>September 20, 1999</study_first_submitted_qc>
  <study_first_posted type="Estimate">September 21, 1999</study_first_posted>
  <last_update_submitted>April 28, 2020</last_update_submitted>
  <last_update_submitted_qc>April 28, 2020</last_update_submitted_qc>
  <last_update_posted type="Actual">April 29, 2020</last_update_posted>
  <responsible_party>
    <responsible_party_type>Sponsor</responsible_party_type>
  </responsible_party>
  <keyword>Opioid-Related Disorders</keyword>
  <condition_browse>
    <!-- CAUTION:  The following MeSH terms are assigned with an imperfect algorithm            -->
    <mesh_term>Opioid-Related Disorders</mesh_term>
  </condition_browse>
  <intervention_browse>
    <!-- CAUTION:  The following MeSH terms are assigned with an imperfect algorithm            -->
    <mesh_term>Buprenorphine</mesh_term>
  </intervention_browse>
  <!-- Results have not yet been posted for this study                                          -->
</clinical_study>

