<clinical_study>
  <!-- This xml conforms to an XML Schema at:
    https://clinicaltrials.gov/ct2/html/images/info/public.xsd -->
  <required_header>
    <download_date>ClinicalTrials.gov processed this data on July 31, 2020</download_date>
    <link_text>Link to the current ClinicalTrials.gov record.</link_text>
    <url>https://clinicaltrials.gov/show/NCT00003062</url>
  </required_header>
  <id_info>
    <org_study_id>EORTC-08965</org_study_id>
    <secondary_id>EORTC-08965</secondary_id>
    <nct_id>NCT00003062</nct_id>
  </id_info>
  <brief_title>Temozolomide in Patients With Progressive or Recurrent Non-small Cell Lung Cancer</brief_title>
  <official_title>A Phase II Study of TEMOZOLOMIDE in Advanced Non-Small Cell Lung Cancer With and Without Brain Metastases</official_title>
  <sponsors>
    <lead_sponsor>
      <agency>European Organisation for Research and Treatment of Cancer - EORTC</agency>
      <agency_class>Other</agency_class>
    </lead_sponsor>
  </sponsors>
  <source>European Organisation for Research and Treatment of Cancer - EORTC</source>
  <brief_summary>
    <textblock>
      RATIONALE: Drugs used in chemotherapy use different ways to stop tumor cells from dividing so
      they stop growing or die.

      PURPOSE: Phase II trial to study the effect of temozolomide in patients with progressive or
      recurrent stage IV non-small cell lung cancer, with or without brain metastases, who have not
      been treated for metastatic disease with chemotherapy.
    </textblock>
  </brief_summary>
  <detailed_description>
    <textblock>
      OBJECTIVES: I. Assess the therapeutic activity of temozolomide (TMZ) in patients with
      non-small cell lung cancer (NSCLC) with or without brain metastases, untreated by
      chemotherapy for metastatic disease. II. Characterize the acute side effects of temozolomide
      in these patients. III. Assess the duration of response in responding patients.

      OUTLINE: This is an open label, nonrandomized, multicenter study. Temozolomide is given by
      oral doses that are equally fractionated over 5 days and repeated every 4 weeks. Patients
      with brain metastases: Treatment is discontinued if there is progression of disease in both
      sites (brain and nonbrain) or if there is progression of disease of the brain lesion and
      stable disease of the other target lesions. Patients with progressive disease of the brain
      target lesions with contemporary evidence of response in the other target lesion can receive
      further temozolomide, in addition to nonchemotherapy medical treatment of the brain
      metastases (steroids, mannitol, etc.). Patients with progressive disease in the other target
      lesions with contemporary evidence of response of the brain target lesions can receive
      further temozolomide therapy, in addition to specific local radiotherapy of the nonbrain
      lesions. Patients without brain metastases: Treatment discontinues if there is clear cut
      progression occurring before the first disease evaluation (8 weeks after treatment start).
      For stable disease, the patient is treated for a minimum of 8 weeks and evaluated thereafter.
      Treatment, in most cases, is for a minimum of 2 cycles and may continue for a maximum of 6
      cycles in the absence of disease progression, unacceptable toxicity, or patient refusal. All
      patients are followed every 6 weeks for survival.

      PROJECTED ACCRUAL: A minimum of 24 evaluable patients and a maximum of 70 evaluable patients
      will be accrued for this study.
    </textblock>
  </detailed_description>
  <overall_status>Completed</overall_status>
  <start_date>July 1997</start_date>
  <primary_completion_date type="Actual">January 2002</primary_completion_date>
  <phase>Phase 2</phase>
  <study_type>Interventional</study_type>
  <has_expanded_access>No</has_expanded_access>
  <study_design_info>
    <primary_purpose>Treatment</primary_purpose>
  </study_design_info>
  <enrollment type="Anticipated">70</enrollment>
  <condition>Lung Cancer</condition>
  <intervention>
    <intervention_type>Drug</intervention_type>
    <intervention_name>temozolomide</intervention_name>
  </intervention>
  <eligibility>
    <criteria>
      <textblock>
        DISEASE CHARACTERISTICS: Histologically confirmed progressive or recurrent stage IV
        non-small cell lung cancer (NSCLC) Patient with brain metastases on CT or MRI scan are
        included Symptomatic cases must have had brain radiotherapy at least one month prior to
        registration Patients without brain metastases: At least one target lesion Bidimensionally
        measurable Not previously irradiated

        PATIENT CHARACTERISTICS: Age: Under 70 Performance status: WHO 0-2 Life expectancy: Not
        specified Hematopoietic: Absolute neutrophil count greater than 2,000/mm3 WBC greater than
        3,500/mm3 Platelet count greater than 100,000/mm3 Hepatic: Bilirubin no greater than 1.46
        mg/dL Transaminases less than 2 times upper limit of normal Renal: Creatinine no greater
        than 1.70 mg/dL Creatinine clearance greater than 60 mL/min Other: No prior or concurrent
        malignancies at other sites with the exception of adequately treated in situ carcinoma of
        the cervix or basal and squamous carcinoma of the skin Not pregnant or nursing Negative
        pregnancy test 24 hours prior to commencing temozolomide

        PRIOR CONCURRENT THERAPY: No other investigational drugs allowed during this study Biologic
        therapy: Prior biologic therapy allowed No concurrent biologic therapy allowed No
        concurrent growth factor to induce neutrophil increase No concurrent erythropoietin
        Chemotherapy: No prior chemotherapy for metastatic disease At least 3 months since any
        neoadjuvant and adjuvant treatment, and induction chemotherapy preceding radical
        radiotherapy Endocrine therapy: See Protocol Outline Concurrent steroids should be
        maintained on the lowest dose possible Radiotherapy: Prior radiotherapy allowed Concurrent
        local radiotherapy to nonbrain lesions allowed Concurrent palliative radiation therapy of
        bone lesions permitted No concurrent radiation to target lesions No concurrent brain
        radiotherapy Surgery: Prior surgery allowed
      </textblock>
    </criteria>
    <gender>All</gender>
    <minimum_age>N/A</minimum_age>
    <maximum_age>69 Years</maximum_age>
    <healthy_volunteers>No</healthy_volunteers>
  </eligibility>
  <overall_official>
    <last_name>Giuseppe Giaccone, MD, PhD</last_name>
    <role>Study Chair</role>
    <affiliation>Free University Medical Center</affiliation>
  </overall_official>
  <location>
    <facility>
      <name>Istituto Nazionale per la Ricerca sul Cancro</name>
      <address>
        <city>Genoa</city>
        <zip>16132</zip>
        <country>Italy</country>
      </address>
    </facility>
  </location>
  <location>
    <facility>
      <name>Vrije Universiteit Medisch Centrum</name>
      <address>
        <city>Amsterdam</city>
        <zip>1001HV</zip>
        <country>Netherlands</country>
      </address>
    </facility>
  </location>
  <location>
    <facility>
      <name>Medical University of Gdansk</name>
      <address>
        <city>Gdansk</city>
        <zip>80-211</zip>
        <country>Poland</country>
      </address>
    </facility>
  </location>
  <location>
    <facility>
      <name>Medical Oncology Centre of Rosebank</name>
      <address>
        <city>Johannesburg</city>
        <zip>2193</zip>
        <country>South Africa</country>
      </address>
    </facility>
  </location>
  <location>
    <facility>
      <name>Western General Hospital</name>
      <address>
        <city>Edinburgh</city>
        <state>Scotland</state>
        <zip>EH4 2XU</zip>
        <country>United Kingdom</country>
      </address>
    </facility>
  </location>
  <location_countries>
    <country>Italy</country>
    <country>Netherlands</country>
    <country>Poland</country>
    <country>South Africa</country>
    <country>United Kingdom</country>
  </location_countries>
  <results_reference>
    <citation>Dziadziuszko R, Ardizzoni A, Postmus PE, Smit EF, Price A, Debruyne C, Legrand C, Giaccone G; EORTC Lung Cancer Group. Temozolomide in patients with advanced non-small cell lung cancer with and without brain metastases. a phase II study of the EORTC Lung Cancer Group (08965). Eur J Cancer. 2003 Jun;39(9):1271-6.</citation>
    <PMID>12763216</PMID>
  </results_reference>
  <verification_date>June 2012</verification_date>
  <study_first_submitted>November 1, 1999</study_first_submitted>
  <study_first_submitted_qc>February 13, 2004</study_first_submitted_qc>
  <study_first_posted type="Estimate">February 16, 2004</study_first_posted>
  <last_update_submitted>June 29, 2012</last_update_submitted>
  <last_update_submitted_qc>June 29, 2012</last_update_submitted_qc>
  <last_update_posted type="Estimate">July 2, 2012</last_update_posted>
  <responsible_party>
    <responsible_party_type>Sponsor</responsible_party_type>
  </responsible_party>
  <keyword>recurrent non-small cell lung cancer</keyword>
  <keyword>stage IV non-small cell lung cancer</keyword>
  <condition_browse>
    <!-- CAUTION:  The following MeSH terms are assigned with an imperfect algorithm            -->
    <mesh_term>Lung Neoplasms</mesh_term>
    <mesh_term>Carcinoma, Non-Small-Cell Lung</mesh_term>
  </condition_browse>
  <intervention_browse>
    <!-- CAUTION:  The following MeSH terms are assigned with an imperfect algorithm            -->
    <mesh_term>Temozolomide</mesh_term>
  </intervention_browse>
  <!-- Results have not yet been posted for this study                                          -->
</clinical_study>

