<clinical_study>
  <!-- This xml conforms to an XML Schema at:
    https://clinicaltrials.gov/ct2/html/images/info/public.xsd -->
  <required_header>
    <download_date>ClinicalTrials.gov processed this data on July 31, 2020</download_date>
    <link_text>Link to the current ClinicalTrials.gov record.</link_text>
    <url>https://clinicaltrials.gov/show/NCT00000201</url>
  </required_header>
  <id_info>
    <org_study_id>NIDA-05196-1</org_study_id>
    <secondary_id>R01-05196-1</secondary_id>
    <nct_id>NCT00000201</nct_id>
  </id_info>
  <brief_title>Pharmacological Modulation of Cocaine Effects - 1</brief_title>
  <official_title>Pharmacological Modulation of Cocaine Effects</official_title>
  <sponsors>
    <lead_sponsor>
      <agency>National Institute on Drug Abuse (NIDA)</agency>
      <agency_class>NIH</agency_class>
    </lead_sponsor>
    <collaborator>
      <agency>Johns Hopkins University</agency>
      <agency_class>Other</agency_class>
    </collaborator>
  </sponsors>
  <source>National Institute on Drug Abuse (NIDA)</source>
  <brief_summary>
    <textblock>
      The purpose of this study is to conduct human laboratory studies of possible cocaine
      interactions with various potential treatment medications.
    </textblock>
  </brief_summary>
  <overall_status>Completed</overall_status>
  <completion_date>December 2001</completion_date>
  <phase>Phase 2</phase>
  <study_type>Interventional</study_type>
  <has_expanded_access>No</has_expanded_access>
  <study_design_info>
    <primary_purpose>Treatment</primary_purpose>
  </study_design_info>
  <enrollment>0</enrollment>
  <condition>Cocaine-Related Disorders</condition>
  <intervention>
    <intervention_type>Drug</intervention_type>
    <intervention_name>Selegiline</intervention_name>
  </intervention>
  <eligibility>
    <criteria>
      <textblock>
        Please contact site for information.
      </textblock>
    </criteria>
    <gender>Female</gender>
    <minimum_age>N/A</minimum_age>
    <maximum_age>N/A</maximum_age>
    <healthy_volunteers>No</healthy_volunteers>
  </eligibility>
  <overall_official>
    <last_name>George Bigelow, Ph.D.</last_name>
    <role>Principal Investigator</role>
    <affiliation>Johns Hopkins University</affiliation>
  </overall_official>
  <location>
    <facility>
      <name>Johns Hopkins University (BPRU) Bayview Campus</name>
      <address>
        <city>Baltimore</city>
        <state>Maryland</state>
        <zip>21224 6823</zip>
        <country>United States</country>
      </address>
    </facility>
  </location>
  <location_countries>
    <country>United States</country>
  </location_countries>
  <verification_date>October 2016</verification_date>
  <study_first_submitted>September 20, 1999</study_first_submitted>
  <study_first_submitted_qc>September 20, 1999</study_first_submitted_qc>
  <study_first_posted type="Estimate">September 21, 1999</study_first_posted>
  <last_update_submitted>January 11, 2017</last_update_submitted>
  <last_update_submitted_qc>January 11, 2017</last_update_submitted_qc>
  <last_update_posted type="Estimate">January 12, 2017</last_update_posted>
  <keyword>cocaine dependence</keyword>
  <condition_browse>
    <!-- CAUTION:  The following MeSH terms are assigned with an imperfect algorithm            -->
    <mesh_term>Cocaine-Related Disorders</mesh_term>
  </condition_browse>
  <intervention_browse>
    <!-- CAUTION:  The following MeSH terms are assigned with an imperfect algorithm            -->
    <mesh_term>Selegiline</mesh_term>
  </intervention_browse>
  <!-- Results have not yet been posted for this study                                          -->
</clinical_study>

