<clinical_study>
  <!-- This xml conforms to an XML Schema at:
    https://clinicaltrials.gov/ct2/html/images/info/public.xsd -->
  <required_header>
    <download_date>ClinicalTrials.gov processed this data on July 31, 2020</download_date>
    <link_text>Link to the current ClinicalTrials.gov record.</link_text>
    <url>https://clinicaltrials.gov/show/NCT00002432</url>
  </required_header>
  <id_info>
    <org_study_id>020E</org_study_id>
    <secondary_id>89-FOS-06</secondary_id>
    <nct_id>NCT00002432</nct_id>
  </id_info>
  <brief_title>A Study of Foscarnet in the Treatment of Cytomegalovirus (CMV) of the Eyes in Patients With AIDS</brief_title>
  <official_title>An Open Study of Foscarnet Treatment of CMV-Retinitis in AIDS Patients</official_title>
  <sponsors>
    <lead_sponsor>
      <agency>Astra USA</agency>
      <agency_class>Industry</agency_class>
    </lead_sponsor>
  </sponsors>
  <source>NIH AIDS Clinical Trials Information Service</source>
  <brief_summary>
    <textblock>
      To evaluate the safety and efficacy of foscarnet induction therapy for treatment of AIDS
      patients experiencing their first episode of cytomegalovirus (CMV) retinitis. To evaluate the
      safety and efficacy of foscarnet maintenance therapy for treatment of AIDS patients
      experiencing CMV retinitis.
    </textblock>
  </brief_summary>
  <overall_status>Completed</overall_status>
  <phase>N/A</phase>
  <study_type>Interventional</study_type>
  <has_expanded_access>No</has_expanded_access>
  <study_design_info>
    <primary_purpose>Treatment</primary_purpose>
  </study_design_info>
  <condition>Cytomegalovirus Retinitis</condition>
  <condition>HIV Infections</condition>
  <intervention>
    <intervention_type>Drug</intervention_type>
    <intervention_name>Foscarnet sodium</intervention_name>
  </intervention>
  <eligibility>
    <criteria>
      <textblock>
        Inclusion Criteria

        Prior Medication:

        Allowed:

          -  Ganciclovir (DHPG).

        Exclusion Criteria

        Co-existing Condition:

        Patients with the following are excluded:

          -  Any clinically significant pulmonary or neurologic impairment (e.g., patients who are
             intubated or comatose).

          -  Corneal, lens, or vitreous opacification which precludes examination of the fundi, or
             evidence of tuberculotic, diabetic, and/or hypertensive retinopathy.

          -  Known allergy to foscarnet.

        Concurrent Medication:

        Excluded:

          -  Nephrotoxic drugs.

          -  Acyclovir.

        Patients with the following are excluded:

          -  Any clinically significant pulmonary or neurologic impairment (e.g., patients who are
             intubated or comatose).

          -  Corneal, lens, or vitreous opacification which precludes examination of the fundi, or
             evidence of tuberculotic, diabetic, and/or hypertensive retinopathy.

          -  Known allergy to foscarnet.

        Prior Medication:

        Excluded within 7 days of study entry:

          -  Immunomodulators.

          -  Biologic response modifiers.

          -  Investigational agents (other than ganciclovir).

        Patients with AIDS as defined by the CDC, with manifest first episode cytomegalovirus (CMV)
        retinitis as identified by its characteristic ophthalmoscopic appearance and verified by
        fundus photography.

          -  Patients must be able to give informed consent.

          -  Patients who enter the study because of ganciclovir toxicity will have received
             ganciclovir therapy which resulted in either absolute neutrophil count falling to &lt;
             750 cells/mm3 or platelet count falling to &lt; 50000 platelets/mm3 on two separate
             occasions during either:

          -  A ganciclovir induction regimen of 7.5 mg (or more)/kg/day in divided doses.

          -  A maintenance regimen of 5 mg (or more)/kg/day as a single daily dose.

          -  Patients who enter the study because of ganciclovir treatment failure will meet one of
             the following criteria:

          -  CMV retinitis progression has occurred either 1) at the end of a 10 - 21 day induction
             course of ganciclovir (7.5 - 10 mg/kg/day in divided doses) or 2) during the first 28
             days of maintenance ganciclovir therapy (5 mg (or more)/kg/day, at least 5 days/week)
             where maintenance therapy began within 1 week of completing induction therapy.
      </textblock>
    </criteria>
    <gender>All</gender>
    <minimum_age>18 Years</minimum_age>
    <maximum_age>65 Years</maximum_age>
    <healthy_volunteers>No</healthy_volunteers>
  </eligibility>
  <location>
    <facility>
      <name>Davies Med Ctr</name>
      <address>
        <city>San Francisco</city>
        <state>California</state>
        <zip>94114</zip>
        <country>United States</country>
      </address>
    </facility>
  </location>
  <location_countries>
    <country>United States</country>
  </location_countries>
  <reference>
    <citation>Leonard L, Lippe M, Follansbee S, Drennan D, Karol C. An open study of foscarnet treatment of cytomegalovirus (CMV) retinitis in AIDS patients. Int Conf AIDS. 1990 Jun 20-23;6(1):231 (abstract no ThB436)</citation>
  </reference>
  <verification_date>July 1990</verification_date>
  <study_first_submitted>November 2, 1999</study_first_submitted>
  <study_first_submitted_qc>August 30, 2001</study_first_submitted_qc>
  <study_first_posted type="Estimate">August 31, 2001</study_first_posted>
  <last_update_submitted>June 23, 2005</last_update_submitted>
  <last_update_submitted_qc>June 23, 2005</last_update_submitted_qc>
  <last_update_posted type="Estimate">June 24, 2005</last_update_posted>
  <keyword>Retinitis</keyword>
  <keyword>AIDS-Related Opportunistic Infections</keyword>
  <keyword>Foscarnet</keyword>
  <keyword>Cytomegalovirus Infections</keyword>
  <keyword>Acquired Immunodeficiency Syndrome</keyword>
  <condition_browse>
    <!-- CAUTION:  The following MeSH terms are assigned with an imperfect algorithm            -->
    <mesh_term>Infection</mesh_term>
    <mesh_term>Cytomegalovirus Retinitis</mesh_term>
    <mesh_term>Retinitis</mesh_term>
  </condition_browse>
  <intervention_browse>
    <!-- CAUTION:  The following MeSH terms are assigned with an imperfect algorithm            -->
    <mesh_term>Foscarnet</mesh_term>
    <mesh_term>Phosphonoacetic Acid</mesh_term>
  </intervention_browse>
  <!-- Results have not yet been posted for this study                                          -->
</clinical_study>

