<clinical_study>
  <!-- This xml conforms to an XML Schema at:
    https://clinicaltrials.gov/ct2/html/images/info/public.xsd -->
  <required_header>
    <download_date>ClinicalTrials.gov processed this data on July 31, 2020</download_date>
    <link_text>Link to the current ClinicalTrials.gov record.</link_text>
    <url>https://clinicaltrials.gov/show/NCT00001086</url>
  </required_header>
  <id_info>
    <org_study_id>ACTG 368</org_study_id>
    <secondary_id>11331</secondary_id>
    <nct_id>NCT00001086</nct_id>
  </id_info>
  <brief_title>A Study of Abacavir Plus Indinavir Sulfate Plus Efavirenz in HIV-Infected Patients</brief_title>
  <official_title>A Randomized, Phase II, Placebo Controlled Trial of Abacavir (ABC, 1592U89) in Combination With Open-Label Indinavir Sulfate (IDV) and Efavirenz (EFV, DMP-266) in HIV-Infected Subjects With Nucleoside Analog Experience: A Rollover Study for ACTG 320</official_title>
  <sponsors>
    <lead_sponsor>
      <agency>National Institute of Allergy and Infectious Diseases (NIAID)</agency>
      <agency_class>NIH</agency_class>
    </lead_sponsor>
  </sponsors>
  <source>National Institute of Allergy and Infectious Diseases (NIAID)</source>
  <brief_summary>
    <textblock>
      To compare the virologic response between abacavir (ABC, 1592U89) regimens (drug vs. placebo)
      and between the 2 dosing regimens (BID vs. TID) with respect to the proportion of patients
      with plasma HIV RNA levels below the limit of detection [AS PER AMENDMENT 8/27/97: &lt; 500
      copies/ml at week 16]. To evaluate the safety and tolerance of the study arms. [AS PER
      AMENDMENT 3/10/99: During the extension period, compare the time to detectable viremia (2
      consecutive plasma HIV RNA levels greater than or equal to 500 copies/ml) between ABC and
      placebo.] Therapeutically, there is a need to explore potent alternative therapy for patients
      who have received, or are currently receiving, a double nucleoside analog combination
      including lamivudine (3TC), a regimen that was proven to be clinically inferior to indinavir
      (IDV) when combined with zidovudine/3TC in study ACTG 320. In order to produce and maintain a
      maximal antiviral response, all patients in this study will receive 2 or 3 potent, new
      agents; ABC, a nucleoside analog, EFV, a non-nucleoside reverse transcriptase inhibitor
      (NNRTI), and IDV, a protease inhibitor. Virologically, the major question this protocol seeks
      to answer is how prior 3TC exposure in a dual nucleoside regimen influences the response to
      subsequent treatment. It is unclear whether it is best to add a protease inhibitor either 1)
      an NNRTI at 1 of 2 doses, or 2) an NNRTI at 1 of 2 doses plus a new nucleoside analog to
      achieve plasma HIV RNA levels that are below the limits of detection.
    </textblock>
  </brief_summary>
  <detailed_description>
    <textblock>
      Therapeutically, there is a need to explore potent alternative therapy for patients who have
      received, or are currently receiving, a double nucleoside analog combination including
      lamivudine (3TC), a regimen that was proven to be clinically inferior to indinavir (IDV) when
      combined with zidovudine/3TC in study ACTG 320. In order to produce and maintain a maximal
      antiviral response, all patients in this study will receive 2 or 3 potent, new agents; ABC, a
      nucleoside analog, EFV, a non-nucleoside reverse transcriptase inhibitor (NNRTI), and IDV, a
      protease inhibitor. Virologically, the major question this protocol seeks to answer is how
      prior 3TC exposure in a dual nucleoside regimen influences the response to subsequent
      treatment. It is unclear whether it is best to add a protease inhibitor either 1) an NNRTI at
      1 of 2 doses, or 2) an NNRTI at 1 of 2 doses plus a new nucleoside analog to achieve plasma
      HIV RNA levels that are below the limits of detection.

      Prior to randomization, patients are stratified by CD4 cell count (cells/mm3): less than or
      equal to 50 versus greater than 50 and by ACTG 320 participation: enrolled versus not
      enrolled. Patients with greater than 50 CD4 cells/mm3 are randomized to 1 of 4 treatment arms
      (Arms I, II, III, or IV) and patients with less than or equal to 50 CD4 cells/mm3 are
      randomized to 1 of 2 treatment arms (Arms I and II). All patients will be followed for 48
      weeks beyond the enrollment of the last patient. The regimens for the treatment arms are as
      follows: Arm I - indinavir (IDV) plus EFV plus ABC placebo bid, Arm II - IDV (higher dose)
      plus EFV (lower dose) plus ABC, Arm III - IDV plus EFV plus ABC placebo, and Arm IV - IDV
      (higher dose) plus EFV (lower dose) plus ABC. If 15 week data indicates this is a reasonable
      dosing regimen, the sample size in Arms III and IV will be expanded to include additional
      patients with a CD4 count greater than 50 cells/mm3 and allow for equal enrollment across all
      4 treatment arms. Those patients who roll over from ACTG 320 will be assigned to receive
      open-label treatment on Arm II and evaluated independently of the 4 treatment arms listed
      above.

      [AS PER AMENDMENT 8/27/97: Patients with 2 consecutive HIV RNA measurements at least 500
      copies/ml at week 16 or anytime thereafter are given the option to receive open-label
      treatment with IDV plus EFV plus ABC, or to seek the best available therapy outside of the
      study. NOTE: Patients who choose the open-label combination may take other prescribed
      nucleoside analogs provided outside the study.] [AS PER AMENDMENT 12/17/97: It is strongly
      recommended that patients who reach a confirmed endpoint and elect to receive open-label
      therapy consider adding additional approved (and novel, if possible) antiretroviral agents to
      their open-label regimen.] [AS PER AMENDMENT 1/12/98: Patients who choose the open-label
      combination may receive other approved antiretrovirals obtained outside the study provided
      the ACTG 368 team approves the combination.] [AS PER AMENDMENT 8/7/98: Subjects will take
      study medications for a maximum of 96 weeks, depending on their time of study enrollment.]
      [AS PER AMENDMENT 3/10/99: A 24-week extension, which will end July 30, 1999, has been added
      to the study. The extension applies to subjects currently on blinded Step 1 treatment, on
      open-labeled Step 2, or on study but off treatment. Subjects are to be unblinded in their
      study treatment and followed for the remainder of the extension. Subjects continue on their
      current study drug schedule. Subjects on blinded IDV plus EFV who, upon unblinding (not
      failure) decide to add prescription ABC to their regimen, will be considered off study
      treatment and will be followed for the duration of the extension; those already registered on
      Step 2 will continue their Step 2 therapy. Any subject who does not wish to continue on the
      study extension will be unblinded to their original randomized regimen. Subjects who
      experience virologic failure during the extension should seek best available treatment
      following current recommendations to use as many approved, novel antiretroviral agents as
      possible. The new drug regimen may incorporate any or all of the study drugs.]
    </textblock>
  </detailed_description>
  <overall_status>Completed</overall_status>
  <completion_date type="Actual">September 1999</completion_date>
  <phase>Phase 2</phase>
  <study_type>Interventional</study_type>
  <has_expanded_access>No</has_expanded_access>
  <study_design_info>
    <primary_purpose>Treatment</primary_purpose>
    <masking>None (Open Label)</masking>
  </study_design_info>
  <enrollment>300</enrollment>
  <condition>HIV Infections</condition>
  <intervention>
    <intervention_type>Drug</intervention_type>
    <intervention_name>Indinavir sulfate</intervention_name>
  </intervention>
  <intervention>
    <intervention_type>Drug</intervention_type>
    <intervention_name>Abacavir sulfate</intervention_name>
  </intervention>
  <intervention>
    <intervention_type>Drug</intervention_type>
    <intervention_name>Efavirenz</intervention_name>
  </intervention>
  <eligibility>
    <criteria>
      <textblock>
        Inclusion Criteria

        Concurrent Medication:

        Allowed:

          -  Chemoprophylaxis for Pneumocystis carinii pneumonia is required for all patients who
             have a CD4 cell count &lt;= 200 cells/mm3.

          -  Topical and/or oral antifungal agents are permitted except for oral ketoconazole.

          -  Treatment, maintenance or chemoprophylaxis with approved agents for opportunistic
             infections as clinically indicated, except for rifabutin.

          -  All antibiotics as clinically indicated.

          -  Systemic corticosteroid use for &lt;= 21 days for acute problems is permitted as
             medically indicated; chronic systemic corticosteroid use is not permitted, unless it
             is within physiologic replacement levels.

          -  Recombinant erythropoietin and granulocyte colony-stimulating factor are permitted as
             medically indicated.

          -  Regularly prescribed medications such as antipyretics, analgesics, allergy medications
             (except for terfenadine (Seldane) and astemizole (Hismanal)), antidepressants, sleep
             medications, oral contraceptives, megestrol acetate, testosterone or any other
             medications are permitted as medically indicated.

        NOTE:

          -  Due to the possibility that EFV or ABC may alter the effectiveness of oral
             contraceptives or depo-progesterone, oral contraceptives or depo-progesterone must not
             be used as the sole form of birth control. [AS PER AMENDMENT 8/7/98: adequate birth
             control is hormonal plus barrier method or two barrier methods].

          -  Alternative therapies such as vitamins, acupuncture, and visualization techniques will
             be permitted. Herbal medications should be avoided. Patients should report the use of
             these therapies; alternative therapies will be recorded. [AS PER AMENDMENT 8/7/98: Due
             to the likelihood of IDV increasing the concentrations of sildenafil (Viagra) when
             coadministered, it is suggested that subjects who use viagra take the lowest dose (25
             mg, i.e., half the typical dose).]

        Both NIAID ACTG 320 participants and non-ACTG 320 patients must have:

          -  Documented HIV-1 infection.

          -  Written informed consent from parent or legal guardian for those patients &lt; 18 years
             old.

        Non-ACTG 320 patients must have:

          -  Documented CD4 cell count &lt;= 200 cells/mm3 at the time of initiation of ZDV (or d4T)
             plus 3TC therapy [AS PER AMENDMENT 12/17/97:

          -  Documented CD4 cell count &lt;= 250 cells/mm3 within 3 months of initiation of ZDV (or
             d4T) plus 3TC therapy].

        Prior Medication:

        Required:

        For ACTG 320 patients:

          -  Patients must have participated in ACTG 320 with original randomization to the
             double-nucleoside combination arm, and maintenance of that treatment
             (on-study/on-treatment in ACTG 320) until enrollment into ACTG 368.

        For non-ACTG 320 patients:

          -  Greater than or equal to 3 months [2 months AS PER AMENDMENT 12/17/97] of therapy with
             ZDV (or d4T) + 3TC and receiving ZDV (or d4T) + 3TC at the time of entry.

        Exclusion Criteria

        Co-existing Condition:

        Non-ACTG 320 patients with the following symptoms and conditions are excluded:

        Malignancy that requires systemic therapy other than minimal Kaposi's sarcoma.

        NOTE:

          -  Minimal Kaposi's sarcoma, defined as &lt;= 5 cutaneous lesions and no visceral disease or
             tumor-associated edema, allowed, provided systemic therapy not required.

        Non-ACTG 320 patients with the following prior conditions or symptoms are excluded:

          -  Unexplained temperature &gt; 38.5 degrees C for 7 consecutive days.

          -  Chronic diarrhea defined as &gt; 3 liquid stools per day persisting for 15 days, within
             30 days prior to entry.

          -  Proven or suspected acute hepatitis within 30 days prior to entry, even if AST (SGOT)
             and ALT (SGPT) are &lt;= 5 X ULN.

        Concurrent Medication: Excluded:

          -  All antiretroviral therapies other then study medications.

          -  Rifabutin and rifampin.

          -  Investigational drugs without specific approval from the protocol chair.

          -  Systemic cytotoxic chemotherapy.

          -  Oral ketoconazole (Nizoral), terfenadine (Seldane), astemizole (Hismanal), cisapride
             (Propulsid), triazolam (Halcion), and midazolam (Versed).

          -  Caution should be taken in the consumption of alcoholic beverages with study
             medications.

          -  Itraconazole.

        Prior Medication: Excluded: For ACTG 320 patients:

          -  Those who opted to receive open-label IDV while on ACTG 320, or if they switched to
             open label IDV during the study.

        For non-ACTG 320 patients:

          -  Acute therapy for an infection or other medical illness within 14 days prior to entry.

          -  Prior protease inhibitor therapy.

          -  Prior NNRTI therapy (approved or experimental).

          -  Erythropoietin, G-CSF or GM-CSF within 30 days prior to entry.

          -  Interferons, interleukins or HIV vaccines within 30 days prior to entry.

          -  Any experimental therapy within 30 days prior to entry.

          -  Rifampin or rifabutin within 14 days prior to entry.
      </textblock>
    </criteria>
    <gender>All</gender>
    <minimum_age>16 Years</minimum_age>
    <maximum_age>N/A</maximum_age>
    <healthy_volunteers>No</healthy_volunteers>
  </eligibility>
  <overall_official>
    <last_name>Squires KE</last_name>
    <role>Study Chair</role>
  </overall_official>
  <overall_official>
    <last_name>Hammer SM</last_name>
    <role>Study Chair</role>
  </overall_official>
  <overall_official>
    <last_name>Fischl MA</last_name>
    <role>Study Chair</role>
  </overall_official>
  <location>
    <facility>
      <name>Univ of Southern California / LA County USC Med Ctr</name>
      <address>
        <city>Los Angeles</city>
        <state>California</state>
        <zip>900331079</zip>
        <country>United States</country>
      </address>
    </facility>
  </location>
  <location>
    <facility>
      <name>UCLA CARE Ctr</name>
      <address>
        <city>Los Angeles</city>
        <state>California</state>
        <zip>90095</zip>
        <country>United States</country>
      </address>
    </facility>
  </location>
  <location>
    <facility>
      <name>San Francisco Gen Hosp</name>
      <address>
        <city>San Francisco</city>
        <state>California</state>
        <zip>941102859</zip>
        <country>United States</country>
      </address>
    </facility>
  </location>
  <location>
    <facility>
      <name>Stanford at Kaiser / Kaiser Permanente Med Ctr</name>
      <address>
        <city>San Francisco</city>
        <state>California</state>
        <zip>94115</zip>
        <country>United States</country>
      </address>
    </facility>
  </location>
  <location>
    <facility>
      <name>Stanford Univ Med Ctr</name>
      <address>
        <city>Stanford</city>
        <state>California</state>
        <zip>943055107</zip>
        <country>United States</country>
      </address>
    </facility>
  </location>
  <location>
    <facility>
      <name>Univ of Colorado Health Sciences Ctr</name>
      <address>
        <city>Denver</city>
        <state>Colorado</state>
        <zip>80262</zip>
        <country>United States</country>
      </address>
    </facility>
  </location>
  <location>
    <facility>
      <name>Georgetown Univ Hosp</name>
      <address>
        <city>Washington</city>
        <state>District of Columbia</state>
        <zip>20037</zip>
        <country>United States</country>
      </address>
    </facility>
  </location>
  <location>
    <facility>
      <name>Howard Univ</name>
      <address>
        <city>Washington</city>
        <state>District of Columbia</state>
        <zip>20059</zip>
        <country>United States</country>
      </address>
    </facility>
  </location>
  <location>
    <facility>
      <name>Univ of Miami School of Medicine</name>
      <address>
        <city>Miami</city>
        <state>Florida</state>
        <zip>331361013</zip>
        <country>United States</country>
      </address>
    </facility>
  </location>
  <location>
    <facility>
      <name>Queens Med Ctr</name>
      <address>
        <city>Honolulu</city>
        <state>Hawaii</state>
        <zip>96816</zip>
        <country>United States</country>
      </address>
    </facility>
  </location>
  <location>
    <facility>
      <name>Univ of Hawaii</name>
      <address>
        <city>Honolulu</city>
        <state>Hawaii</state>
        <zip>96816</zip>
        <country>United States</country>
      </address>
    </facility>
  </location>
  <location>
    <facility>
      <name>Northwestern Univ Med School</name>
      <address>
        <city>Chicago</city>
        <state>Illinois</state>
        <zip>60611</zip>
        <country>United States</country>
      </address>
    </facility>
  </location>
  <location>
    <facility>
      <name>Rush Presbyterian - Saint Luke's Med Ctr</name>
      <address>
        <city>Chicago</city>
        <state>Illinois</state>
        <zip>60612</zip>
        <country>United States</country>
      </address>
    </facility>
  </location>
  <location>
    <facility>
      <name>Louis A Weiss Memorial Hosp</name>
      <address>
        <city>Chicago</city>
        <state>Illinois</state>
        <zip>60640</zip>
        <country>United States</country>
      </address>
    </facility>
  </location>
  <location>
    <facility>
      <name>Indiana Univ Hosp</name>
      <address>
        <city>Indianapolis</city>
        <state>Indiana</state>
        <zip>462025250</zip>
        <country>United States</country>
      </address>
    </facility>
  </location>
  <location>
    <facility>
      <name>Division of Inf Diseases/ Indiana Univ Hosp</name>
      <address>
        <city>Indianapolis</city>
        <state>Indiana</state>
        <zip>46202</zip>
        <country>United States</country>
      </address>
    </facility>
  </location>
  <location>
    <facility>
      <name>Univ of Iowa Hosp and Clinic</name>
      <address>
        <city>Iowa City</city>
        <state>Iowa</state>
        <zip>52242</zip>
        <country>United States</country>
      </address>
    </facility>
  </location>
  <location>
    <facility>
      <name>Charity Hosp / Tulane Univ Med School</name>
      <address>
        <city>New Orleans</city>
        <state>Louisiana</state>
        <zip>70112</zip>
        <country>United States</country>
      </address>
    </facility>
  </location>
  <location>
    <facility>
      <name>Tulane Med Ctr Hosp</name>
      <address>
        <city>New Orleans</city>
        <state>Louisiana</state>
        <zip>70112</zip>
        <country>United States</country>
      </address>
    </facility>
  </location>
  <location>
    <facility>
      <name>Tulane Univ School of Medicine</name>
      <address>
        <city>New Orleans</city>
        <state>Louisiana</state>
        <zip>70112</zip>
        <country>United States</country>
      </address>
    </facility>
  </location>
  <location>
    <facility>
      <name>State of MD Div of Corrections / Johns Hopkins Univ Hosp</name>
      <address>
        <city>Baltimore</city>
        <state>Maryland</state>
        <zip>212052196</zip>
        <country>United States</country>
      </address>
    </facility>
  </location>
  <location>
    <facility>
      <name>Johns Hopkins Hosp</name>
      <address>
        <city>Baltimore</city>
        <state>Maryland</state>
        <zip>21287</zip>
        <country>United States</country>
      </address>
    </facility>
  </location>
  <location>
    <facility>
      <name>Harvard (Massachusetts Gen Hosp)</name>
      <address>
        <city>Boston</city>
        <state>Massachusetts</state>
        <zip>02114</zip>
        <country>United States</country>
      </address>
    </facility>
  </location>
  <location>
    <facility>
      <name>Boston Med Ctr</name>
      <address>
        <city>Boston</city>
        <state>Massachusetts</state>
        <zip>02118</zip>
        <country>United States</country>
      </address>
    </facility>
  </location>
  <location>
    <facility>
      <name>Beth Israel Deaconess - West Campus</name>
      <address>
        <city>Boston</city>
        <state>Massachusetts</state>
        <zip>02215</zip>
        <country>United States</country>
      </address>
    </facility>
  </location>
  <location>
    <facility>
      <name>Beth Israel Deaconess Med Ctr</name>
      <address>
        <city>Boston</city>
        <state>Massachusetts</state>
        <zip>02215</zip>
        <country>United States</country>
      </address>
    </facility>
  </location>
  <location>
    <facility>
      <name>Hennepin County Med Clinic</name>
      <address>
        <city>Minneapolis</city>
        <state>Minnesota</state>
        <zip>55415</zip>
        <country>United States</country>
      </address>
    </facility>
  </location>
  <location>
    <facility>
      <name>Univ of Minnesota</name>
      <address>
        <city>Minneapolis</city>
        <state>Minnesota</state>
        <zip>55455</zip>
        <country>United States</country>
      </address>
    </facility>
  </location>
  <location>
    <facility>
      <name>St Paul Ramsey Med Ctr</name>
      <address>
        <city>St Paul</city>
        <state>Minnesota</state>
        <zip>55101</zip>
        <country>United States</country>
      </address>
    </facility>
  </location>
  <location>
    <facility>
      <name>St Louis Regional Hosp / St Louis Regional Med Ctr</name>
      <address>
        <city>St Louis</city>
        <state>Missouri</state>
        <zip>63112</zip>
        <country>United States</country>
      </address>
    </facility>
  </location>
  <location>
    <facility>
      <name>Univ of Nebraska Med Ctr</name>
      <address>
        <city>Omaha</city>
        <state>Nebraska</state>
        <zip>681985130</zip>
        <country>United States</country>
      </address>
    </facility>
  </location>
  <location>
    <facility>
      <name>SUNY / Erie County Med Ctr at Buffalo</name>
      <address>
        <city>Buffalo</city>
        <state>New York</state>
        <zip>14215</zip>
        <country>United States</country>
      </address>
    </facility>
  </location>
  <location>
    <facility>
      <name>Beth Israel Med Ctr</name>
      <address>
        <city>New York</city>
        <state>New York</state>
        <zip>10003</zip>
        <country>United States</country>
      </address>
    </facility>
  </location>
  <location>
    <facility>
      <name>Bellevue Hosp / New York Univ Med Ctr</name>
      <address>
        <city>New York</city>
        <state>New York</state>
        <zip>10016</zip>
        <country>United States</country>
      </address>
    </facility>
  </location>
  <location>
    <facility>
      <name>Saint Clare's Hosp and Health Ctr</name>
      <address>
        <city>New York</city>
        <state>New York</state>
        <zip>10019</zip>
        <country>United States</country>
      </address>
    </facility>
  </location>
  <location>
    <facility>
      <name>Cornell Univ Med Ctr</name>
      <address>
        <city>New York</city>
        <state>New York</state>
        <zip>10021</zip>
        <country>United States</country>
      </address>
    </facility>
  </location>
  <location>
    <facility>
      <name>St Vincent's Hosp / Mem Sloan-Kettering Cancer Ctr</name>
      <address>
        <city>New York</city>
        <state>New York</state>
        <zip>10021</zip>
        <country>United States</country>
      </address>
    </facility>
  </location>
  <location>
    <facility>
      <name>Mount Sinai Med Ctr</name>
      <address>
        <city>New York</city>
        <state>New York</state>
        <zip>10029</zip>
        <country>United States</country>
      </address>
    </facility>
  </location>
  <location>
    <facility>
      <name>Univ of Rochester Medical Center</name>
      <address>
        <city>Rochester</city>
        <state>New York</state>
        <zip>14642</zip>
        <country>United States</country>
      </address>
    </facility>
  </location>
  <location>
    <facility>
      <name>Univ of North Carolina</name>
      <address>
        <city>Chapel Hill</city>
        <state>North Carolina</state>
        <zip>275997215</zip>
        <country>United States</country>
      </address>
    </facility>
  </location>
  <location>
    <facility>
      <name>Duke Univ Med Ctr</name>
      <address>
        <city>Durham</city>
        <state>North Carolina</state>
        <zip>27710</zip>
        <country>United States</country>
      </address>
    </facility>
  </location>
  <location>
    <facility>
      <name>Moses H Cone Memorial Hosp</name>
      <address>
        <city>Greensboro</city>
        <state>North Carolina</state>
        <zip>27401</zip>
        <country>United States</country>
      </address>
    </facility>
  </location>
  <location>
    <facility>
      <name>Central Prison/Women's Prison in Raleigh / NC</name>
      <address>
        <city>Raleigh</city>
        <state>North Carolina</state>
        <zip>276260540</zip>
        <country>United States</country>
      </address>
    </facility>
  </location>
  <location>
    <facility>
      <name>Univ of Cincinnati</name>
      <address>
        <city>Cincinnati</city>
        <state>Ohio</state>
        <zip>452670405</zip>
        <country>United States</country>
      </address>
    </facility>
  </location>
  <location>
    <facility>
      <name>Univ of Kentucky Lexington</name>
      <address>
        <city>Cincinnati</city>
        <state>Ohio</state>
        <zip>45267</zip>
        <country>United States</country>
      </address>
    </facility>
  </location>
  <location>
    <facility>
      <name>Case Western Reserve Univ</name>
      <address>
        <city>Cleveland</city>
        <state>Ohio</state>
        <zip>44106</zip>
        <country>United States</country>
      </address>
    </facility>
  </location>
  <location>
    <facility>
      <name>Ohio State Univ Hosp Clinic</name>
      <address>
        <city>Columbus</city>
        <state>Ohio</state>
        <zip>432101228</zip>
        <country>United States</country>
      </address>
    </facility>
  </location>
  <location>
    <facility>
      <name>Milton S Hershey Med Ctr</name>
      <address>
        <city>Hershey</city>
        <state>Pennsylvania</state>
        <zip>170330850</zip>
        <country>United States</country>
      </address>
    </facility>
  </location>
  <location>
    <facility>
      <name>Univ of Pennsylvania at Philadelphia</name>
      <address>
        <city>Philadelphia</city>
        <state>Pennsylvania</state>
        <zip>19104</zip>
        <country>United States</country>
      </address>
    </facility>
  </location>
  <location>
    <facility>
      <name>Julio Arroyo</name>
      <address>
        <city>West Columbia</city>
        <state>South Carolina</state>
        <zip>29169</zip>
        <country>United States</country>
      </address>
    </facility>
  </location>
  <location>
    <facility>
      <name>Univ of Tennessee / E Tennessee Comprehensive Hemophilia Ctr</name>
      <address>
        <city>Knoxville</city>
        <state>Tennessee</state>
        <zip>37920</zip>
        <country>United States</country>
      </address>
    </facility>
  </location>
  <location>
    <facility>
      <name>Vanderbilt Univ Med Ctr</name>
      <address>
        <city>Nashville</city>
        <state>Tennessee</state>
        <zip>37203</zip>
        <country>United States</country>
      </address>
    </facility>
  </location>
  <location>
    <facility>
      <name>Univ of Texas Galveston</name>
      <address>
        <city>Galveston</city>
        <state>Texas</state>
        <zip>775550435</zip>
        <country>United States</country>
      </address>
    </facility>
  </location>
  <location>
    <facility>
      <name>Univ of Washington</name>
      <address>
        <city>Seattle</city>
        <state>Washington</state>
        <zip>981224304</zip>
        <country>United States</country>
      </address>
    </facility>
  </location>
  <location>
    <facility>
      <name>Great Lakes Hemophilia Foundation</name>
      <address>
        <city>Wauwatosa</city>
        <state>Wisconsin</state>
        <zip>532130127</zip>
        <country>United States</country>
      </address>
    </facility>
  </location>
  <location>
    <facility>
      <name>Univ of Puerto Rico</name>
      <address>
        <city>San Juan</city>
        <zip>009365067</zip>
        <country>Puerto Rico</country>
      </address>
    </facility>
  </location>
  <location_countries>
    <country>Puerto Rico</country>
    <country>United States</country>
  </location_countries>
  <reference>
    <citation>Squires K, Hammer S, Degruttola V, Fischl M, Grimes J, Demeter L, Morse G. Randomized trial of abacavir (ABC) in combination with indinavir (IDV) and efavirenz (EFV) in HIV-infected patients (pts) with nucleoside analog experience (NRTI exp). Conf Retroviruses Opportunistic Infect. 1999 Jan 31-Feb 4;6th:207 (abstract no LB15)</citation>
  </reference>
  <reference>
    <citation>Dicenzo R, Forrest A, Smith P, Squires K, Hammer S, Fischl M, Degruttola V, Morse G. Comparing intensive and sparse sampling for estimating the population pharmacokinetics (PK) of indinavir (IDV) in efavirenz (EFV)containing regimens. 8th Conf Retro and Opportun Infect. 2001 Feb 4-8 (abstract no 751)</citation>
  </reference>
  <reference>
    <citation>Landay AL, Bettendorf D, Chan E, Spritzler J, Schmitz JL, Bucy RP, Gonzalez CJ, Schnizlein-Bick CT, Evans T, Squires KE, Phair JP. Evidence of immune reconstitution in antiretroviral drug-experienced patients with advanced HIV disease. AIDS Res Hum Retroviruses. 2002 Jan 20;18(2):95-102.</citation>
    <PMID>11839142</PMID>
  </reference>
  <results_reference>
    <citation>Demeter LM, DeGruttola V, Lustgarten S, Bettendorf D, Fischl M, Eshleman S, Spreen W, Nguyen BY, Koval CE, Eron JJ, Hammer S, Squires K. Association of efavirenz hypersusceptibility with virologic response in ACTG 368, a randomized trial of abacavir (ABC) in combination with efavirenz (EFV) and indinavir (IDV) in HIV-infected subjects with prior nucleoside analog experience. HIV Clin Trials. 2008 Jan-Feb;9(1):11-25. doi: 10.1310/hct0901-11.</citation>
    <PMID>18215978</PMID>
  </results_reference>
  <verification_date>July 2013</verification_date>
  <study_first_submitted>November 2, 1999</study_first_submitted>
  <study_first_submitted_qc>August 30, 2001</study_first_submitted_qc>
  <study_first_posted type="Estimate">August 31, 2001</study_first_posted>
  <last_update_submitted>July 26, 2013</last_update_submitted>
  <last_update_submitted_qc>July 26, 2013</last_update_submitted_qc>
  <last_update_posted type="Estimate">July 29, 2013</last_update_posted>
  <responsible_party>
    <responsible_party_type>Sponsor</responsible_party_type>
  </responsible_party>
  <keyword>Placebos</keyword>
  <keyword>HIV-1</keyword>
  <keyword>Drug Therapy, Combination</keyword>
  <keyword>HIV Protease Inhibitors</keyword>
  <keyword>Indinavir</keyword>
  <keyword>RNA, Viral</keyword>
  <keyword>Reverse Transcriptase Inhibitors</keyword>
  <keyword>Anti-HIV Agents</keyword>
  <keyword>Viral Load</keyword>
  <keyword>efavirenz</keyword>
  <condition_browse>
    <!-- CAUTION:  The following MeSH terms are assigned with an imperfect algorithm            -->
    <mesh_term>HIV Infections</mesh_term>
  </condition_browse>
  <intervention_browse>
    <!-- CAUTION:  The following MeSH terms are assigned with an imperfect algorithm            -->
    <mesh_term>Efavirenz</mesh_term>
    <mesh_term>Abacavir</mesh_term>
    <mesh_term>Indinavir</mesh_term>
  </intervention_browse>
  <!-- Results have not yet been posted for this study                                          -->
</clinical_study>

