<clinical_study>
  <!-- This xml conforms to an XML Schema at:
    https://clinicaltrials.gov/ct2/html/images/info/public.xsd -->
  <required_header>
    <download_date>ClinicalTrials.gov processed this data on July 31, 2020</download_date>
    <link_text>Link to the current ClinicalTrials.gov record.</link_text>
    <url>https://clinicaltrials.gov/show/NCT00002280</url>
  </required_header>
  <id_info>
    <org_study_id>039C</org_study_id>
    <secondary_id>AI454-904</secondary_id>
    <nct_id>NCT00002280</nct_id>
  </id_info>
  <brief_title>A Study of ddI in Children With AIDS Who Have Not Had Success With Zidovudine</brief_title>
  <official_title>An Open Label Study Regimen of Videx (2',3'-Dideoxyinosine, ddI) in Children With Acquired Immunodeficiency Syndrome (AIDS) Who Have Demonstrated Significant Deterioration or Intolerance to Zidovudine (Retrovir)</official_title>
  <sponsors>
    <lead_sponsor>
      <agency>Bristol-Myers Squibb</agency>
      <agency_class>Industry</agency_class>
    </lead_sponsor>
  </sponsors>
  <source>Bristol-Myers Squibb</source>
  <brief_summary>
    <textblock>
      The purpose of this study is to make didanosine (ddI) available to children with AIDS who are
      clinically deteriorating on zidovudine (AZT) or intolerant to AZT and cannot enter the Phase
      II ddI programs due to protocol exclusion or geographic location.
    </textblock>
  </brief_summary>
  <overall_status>Completed</overall_status>
  <completion_date type="Actual">November 1994</completion_date>
  <phase>N/A</phase>
  <study_type>Interventional</study_type>
  <study_design_info>
    <primary_purpose>Treatment</primary_purpose>
    <masking>None (Open Label)</masking>
  </study_design_info>
  <condition>HIV Infections</condition>
  <intervention>
    <intervention_type>Drug</intervention_type>
    <intervention_name>Didanosine</intervention_name>
  </intervention>
  <eligibility>
    <criteria>
      <textblock>
        Inclusion Criteria

        Concurrent Medication:

        Allowed:

          -  Concomitant medications for the treatment of complications of AIDS.

          -  CAUTION:

          -  Concomitant use of ddI with the following drugs must be done with extreme caution:

          -  Other nucleosides (e.g., ganciclovir).

          -  Drugs with toxicities similar to those observed with ddI (e.g., phenytoin).

          -  Drugs with significant pancreatic toxicities, including many drugs used for treatment
             of major opportunistic infections.

          -  Use of Sulfonamides or intravenous pentamidine for treatment of acute Pneumocystis
             carinii pneumonia (PCP) requires discontinuation of ddI for a week following treatment
             of PCP.

          -  Caution should also be exercised with patients having intractable diarrhea or patients
             following a low sodium diet.

        Patients must have the following:

        - Diagnosis of AIDS. Demonstrated either significant deterioration despite parenteral
        dosing with zidovudine (AZT) or significant intolerance to AZT.

        Signed informed consent by parent or legal guardian. Evaluations every 7-14 days while
        taking ddI for the first 4 months. Monthly follow-up is required thereafter.

        Exclusion Criteria

        Co-existing Condition:

        Patients with the following conditions or symptoms are excluded:

          -  Acute pancreatitis or any history of pancreatitis.

          -  Seizures or a history of seizure disorder.

          -  Grade I or greater peripheral neuropathy.

          -  Preexisting cardiomyopathy.

        Concurrent Medication:

        Excluded:

          -  Zidovudine (AZT).

          -  Chemotherapy with cytotoxic agents.

          -  AVOID:

          -  Those agents that may cause pancreatitis such as:

          -  Pentamidine.

          -  Sulfonamides.

          -  Antituberculosis drugs.

          -  Cimetidine.

          -  Ranitidine.

          -  Corticosteroids.

          -  NOTE the cautionary statement in Patient Inclusion Concurrent Medication.

        Patients with the following are excluded:

          -  Acute pancreatitis or any history of pancreatitis.

          -  Seizures or a history of seizure disorder.

          -  Grade I or greater peripheral neuropathy.

          -  Preexisting cardiomyopathy.

        Prior Medication:

        Excluded within 15 days of study entry:

          -  Any anti-retroviral except zidovudine (AZT).

        Required:

          -  Zidovudine (AZT).
      </textblock>
    </criteria>
    <gender>All</gender>
    <minimum_age>3 Months</minimum_age>
    <maximum_age>12 Years</maximum_age>
    <healthy_volunteers>No</healthy_volunteers>
  </eligibility>
  <overall_official>
    <last_name>Bristol-Myers Squibb</last_name>
    <role>Study Director</role>
    <affiliation>Bristol-Myers Squibb</affiliation>
  </overall_official>
  <location>
    <facility>
      <name>Bristol - Myers Squibb Co</name>
      <address>
        <city>Wallingford</city>
        <state>Connecticut</state>
        <zip>064927600</zip>
        <country>United States</country>
      </address>
    </facility>
  </location>
  <location_countries>
    <country>United States</country>
  </location_countries>
  <verification_date>August 2011</verification_date>
  <study_first_submitted>November 2, 1999</study_first_submitted>
  <study_first_submitted_qc>August 30, 2001</study_first_submitted_qc>
  <study_first_posted type="Estimate">August 31, 2001</study_first_posted>
  <last_update_submitted>August 4, 2011</last_update_submitted>
  <last_update_submitted_qc>August 4, 2011</last_update_submitted_qc>
  <last_update_posted type="Estimate">August 5, 2011</last_update_posted>
  <responsible_party>
    <name_title>Study Director</name_title>
    <organization>Bristol-Myers Squibb</organization>
  </responsible_party>
  <keyword>Didanosine</keyword>
  <keyword>Drugs, Investigational</keyword>
  <keyword>Acquired Immunodeficiency Syndrome</keyword>
  <keyword>Zidovudine</keyword>
  <condition_browse>
    <!-- CAUTION:  The following MeSH terms are assigned with an imperfect algorithm            -->
    <mesh_term>Acquired Immunodeficiency Syndrome</mesh_term>
  </condition_browse>
  <intervention_browse>
    <!-- CAUTION:  The following MeSH terms are assigned with an imperfect algorithm            -->
    <mesh_term>Didanosine</mesh_term>
  </intervention_browse>
  <!-- Results have not yet been posted for this study                                          -->
</clinical_study>

