<clinical_study>
  <!-- This xml conforms to an XML Schema at:
    https://clinicaltrials.gov/ct2/html/images/info/public.xsd -->
  <required_header>
    <download_date>ClinicalTrials.gov processed this data on July 31, 2020</download_date>
    <link_text>Link to the current ClinicalTrials.gov record.</link_text>
    <url>https://clinicaltrials.gov/show/NCT00001881</url>
  </required_header>
  <id_info>
    <org_study_id>990065</org_study_id>
    <secondary_id>99-H-0065</secondary_id>
    <nct_id>NCT00001881</nct_id>
  </id_info>
  <brief_title>Signs and Symptoms of Genetic Abnormalities Linked to Inherited Heart Disease</brief_title>
  <official_title>Clinical Manifestations of Mutations in Genes Linked to Familial Cardiomyopathy</official_title>
  <sponsors>
    <lead_sponsor>
      <agency>National Heart, Lung, and Blood Institute (NHLBI)</agency>
      <agency_class>NIH</agency_class>
    </lead_sponsor>
  </sponsors>
  <source>National Institutes of Health Clinical Center (CC)</source>
  <brief_summary>
    <textblock>
      Genetically inherited heart diseases (familial cardiomyopathies) are conditions affecting the
      heart passed on to family members through abnormalities in genetic information. These
      conditions are responsible for many heart related deaths and illnesses.

      In this study researchers hope to determine the signs and symptoms (clinical correlation)
      associated with specific genetic abnormalities causing inherited heart diseases.

      In order to do this, researchers plan to evaluate patients and family members of patients
      diagnosed with inherited heart disease. Patients participating in the study will undergo
      several tests including blood tests, electrocardiograms (EKG), and echocardiograms. Patients
      may also be asked to undergo an MRI of the heart to provide a clearer picture of it.

      Patients participating in this study may not be directly benefited by it. However,
      information gathered from the study may contribute to the medical care, treatment, and
      prevention of problems for others in the future.
    </textblock>
  </brief_summary>
  <detailed_description>
    <textblock>
      Familial cardiomyopathy (FC) often demonstrates both non-allelic and allelic genetic
      heterogeneity. We propose to determine the clinical correlates of specific genetic defects
      which cause FC by identifying and expanding a set of kindreds with identical and distinct
      molecular defects.
    </textblock>
  </detailed_description>
  <overall_status>Completed</overall_status>
  <start_date>March 1999</start_date>
  <completion_date>April 2001</completion_date>
  <study_type>Observational</study_type>
  <has_expanded_access>No</has_expanded_access>
  <enrollment>9999</enrollment>
  <condition>Cardiomyopathy, Hypertrophic, Familial</condition>
  <eligibility>
    <criteria>
      <textblock>
        Individuals with cardiomyopathy referred for evaluation to the NIH.
      </textblock>
    </criteria>
    <gender>All</gender>
    <minimum_age>N/A</minimum_age>
    <maximum_age>N/A</maximum_age>
    <healthy_volunteers>No</healthy_volunteers>
  </eligibility>
  <location>
    <facility>
      <name>National Heart, Lung and Blood Institute (NHLBI)</name>
      <address>
        <city>Bethesda</city>
        <state>Maryland</state>
        <zip>20892</zip>
        <country>United States</country>
      </address>
    </facility>
  </location>
  <location_countries>
    <country>United States</country>
  </location_countries>
  <reference>
    <citation>Fananapazir L, Epstein ND. Prevalence of hypertrophic cardiomyopathy and limitations of screening methods. Circulation. 1995 Aug 15;92(4):700-4. Review.</citation>
    <PMID>7641346</PMID>
  </reference>
  <reference>
    <citation>Wigle ED, Rakowski H, Kimball BP, Williams WG. Hypertrophic cardiomyopathy. Clinical spectrum and treatment. Circulation. 1995 Oct 1;92(7):1680-92. Review.</citation>
    <PMID>7671349</PMID>
  </reference>
  <reference>
    <citation>Fananapazir L, McAreavey D. Hypertrophic cardiomyopathy: evaluation and treatment of patients at high risk for sudden death. Pacing Clin Electrophysiol. 1997 Feb;20(2 Pt 2):478-501. Review.</citation>
    <PMID>9058851</PMID>
  </reference>
  <verification_date>February 2000</verification_date>
  <study_first_submitted>November 3, 1999</study_first_submitted>
  <study_first_submitted_qc>December 9, 2002</study_first_submitted_qc>
  <study_first_posted type="Estimate">December 10, 2002</study_first_posted>
  <last_update_submitted>March 3, 2008</last_update_submitted>
  <last_update_submitted_qc>March 3, 2008</last_update_submitted_qc>
  <last_update_posted type="Estimate">March 4, 2008</last_update_posted>
  <keyword>Cardiac Hypertrophy</keyword>
  <keyword>Genetics</keyword>
  <keyword>Phenotypes</keyword>
  <keyword>Hypertrophic Cardiomyopathy</keyword>
  <condition_browse>
    <!-- CAUTION:  The following MeSH terms are assigned with an imperfect algorithm            -->
    <mesh_term>Cardiomyopathies</mesh_term>
    <mesh_term>Cardiomyopathy, Hypertrophic</mesh_term>
    <mesh_term>Cardiomyopathy, Hypertrophic, Familial</mesh_term>
    <mesh_term>Hypertrophy</mesh_term>
  </condition_browse>
  <!-- Results have not yet been posted for this study                                          -->
</clinical_study>

