<clinical_study>
  <!-- This xml conforms to an XML Schema at:
    https://clinicaltrials.gov/ct2/html/images/info/public.xsd -->
  <required_header>
    <download_date>ClinicalTrials.gov processed this data on July 31, 2020</download_date>
    <link_text>Link to the current ClinicalTrials.gov record.</link_text>
    <url>https://clinicaltrials.gov/show/NCT00003304</url>
  </required_header>
  <id_info>
    <org_study_id>EORTC-26972</org_study_id>
    <secondary_id>EORTC-26972</secondary_id>
    <nct_id>NCT00003304</nct_id>
  </id_info>
  <brief_title>Temozolomide in Treating Patients With Recurrent Oligodendroglial Tumors</brief_title>
  <official_title>Second Line Chemotherapy With Temozolomide in Recurrent Oligodendroglial Tumors After PCV-Chemotherapy</official_title>
  <sponsors>
    <lead_sponsor>
      <agency>European Organisation for Research and Treatment of Cancer - EORTC</agency>
      <agency_class>Other</agency_class>
    </lead_sponsor>
  </sponsors>
  <source>European Organisation for Research and Treatment of Cancer - EORTC</source>
  <brief_summary>
    <textblock>
      RATIONALE: Drugs used in chemotherapy use different ways to stop tumor cells from dividing so
      they stop growing or die.

      PURPOSE: Phase II trial to study the effectiveness of temozolomide in treating patients with
      recurrent oligodendroglial tumors following combination chemotherapy.
    </textblock>
  </brief_summary>
  <detailed_description>
    <textblock>
      OBJECTIVES: I. Determine the response rate and duration of response in oligodendroglial
      tumors to temozolomide treatment in patients with progressive disease during or after
      procarbazine/lomustine/vincristine (PCV) chemotherapy. II. Determine the feasibility and
      toxicity of temozolomide chemotherapy following PVC chemotherapy in these patients.

      OUTLINE: This is an open label, multicenter trial. Temozolomide is administered orally on
      days 1-5 of each 4-week course; treatment continues for a maximum of 12 courses. Patients are
      followed every 2 months for the first 6 months and then every 3 months thereafter.

      PROJECTED ACCRUAL: A total of 16-29 patients will be accrued for this study.
    </textblock>
  </detailed_description>
  <overall_status>Completed</overall_status>
  <start_date>April 1998</start_date>
  <primary_completion_date type="Actual">March 2000</primary_completion_date>
  <phase>Phase 2</phase>
  <study_type>Interventional</study_type>
  <has_expanded_access>No</has_expanded_access>
  <study_design_info>
    <primary_purpose>Treatment</primary_purpose>
  </study_design_info>
  <enrollment type="Anticipated">29</enrollment>
  <condition>Brain and Central Nervous System Tumors</condition>
  <intervention>
    <intervention_type>Drug</intervention_type>
    <intervention_name>temozolomide</intervention_name>
  </intervention>
  <eligibility>
    <criteria>
      <textblock>
        DISEASE CHARACTERISTICS: Histologically proven oligodendroglioma or oligoastrocytoma (with
        at least 25% oligodendroglial elements) Recurrent or progressive disease following both
        radiotherapy and procarbazine/lomustine/vincristine chemotherapy (or other
        nitrosoureas-based chemotherapy) Contrast enhancing, measurable disease (at least one
        lesion measuring at least 1 cm) by CT or MRI required Within 2 weeks prior to study
        treatment Within 3 days following concurrent surgery for the recurrence Steroid doses
        stable or decreasing for at least 2 weeks prior to scan No extracranial disease

        PATIENT CHARACTERISTICS: Age: 18-69 Performance status: WHO 0-2 Life expectancy: At least 3
        months Hematopoietic: Absolute neutrophil count at least 1,500/mm3 Platelet count at least
        100,000/mm3 Hepatic: Bilirubin no greater than 1.25 times upper limit of normal (ULN)
        Alkaline phosphatase no greater than 2 times ULN AST/ALT no greater than 2 times ULN Renal:
        Creatinine no greater than 1.25 times ULN Creatinine clearance at least 60 mL/min Other:
        Not pregnant or lactating Effective contraception required of fertile women No diseases
        interfering with follow-up

        PRIOR CONCURRENT THERAPY: Biologic therapy: Not specified Chemotherapy: See Disease
        Characteristics No more than one prior chemotherapy regimen At least 4 weeks since prior
        chemotherapy Prior nitrosourea required At least 6 weeks since nitrosourea Endocrine
        therapy: Not specified Radiotherapy: See Disease Characteristics More than 3 months since
        radiotherapy Surgery: Not specified Other: No concurrent treatment with other
        investigational agents or other antitumor agents
      </textblock>
    </criteria>
    <gender>All</gender>
    <minimum_age>18 Years</minimum_age>
    <maximum_age>69 Years</maximum_age>
    <healthy_volunteers>No</healthy_volunteers>
  </eligibility>
  <overall_official>
    <last_name>Martin J. van Den Bent, MD</last_name>
    <role>Study Chair</role>
    <affiliation>Daniel Den Hoed Cancer Center at Erasmus Medical Center</affiliation>
  </overall_official>
  <location>
    <facility>
      <name>Kaiser Franz Josef Hospital</name>
      <address>
        <city>Vienna (Wien)</city>
        <zip>A-1100</zip>
        <country>Austria</country>
      </address>
    </facility>
  </location>
  <location>
    <facility>
      <name>Hopital Universitaire Erasme</name>
      <address>
        <city>Brussels</city>
        <zip>1070</zip>
        <country>Belgium</country>
      </address>
    </facility>
  </location>
  <location>
    <facility>
      <name>Rigshospitalet</name>
      <address>
        <city>Copenhagen</city>
        <zip>2100</zip>
        <country>Denmark</country>
      </address>
    </facility>
  </location>
  <location>
    <facility>
      <name>Helsinki University Central Hospital</name>
      <address>
        <city>Helsinki</city>
        <zip>FIN-0-0029</zip>
        <country>Finland</country>
      </address>
    </facility>
  </location>
  <location>
    <facility>
      <name>Turku University Central Hospital</name>
      <address>
        <city>Turku</city>
        <zip>FIN-2-0521</zip>
        <country>Finland</country>
      </address>
    </facility>
  </location>
  <location>
    <facility>
      <name>Institut Bergonie</name>
      <address>
        <city>Bordeaux</city>
        <zip>33076</zip>
        <country>France</country>
      </address>
    </facility>
  </location>
  <location>
    <facility>
      <name>Centre Regional Francois Baclesse</name>
      <address>
        <city>Caen</city>
        <zip>14076</zip>
        <country>France</country>
      </address>
    </facility>
  </location>
  <location>
    <facility>
      <name>Hopital Louis Pasteur</name>
      <address>
        <city>Colmar</city>
        <zip>68024</zip>
        <country>France</country>
      </address>
    </facility>
  </location>
  <location>
    <facility>
      <name>Centre Hospitalier Universitaire de Bicetre</name>
      <address>
        <city>Le Kremlin Bicetre</city>
        <zip>94275</zip>
        <country>France</country>
      </address>
    </facility>
  </location>
  <location>
    <facility>
      <name>Centre Leon Berard</name>
      <address>
        <city>Lyon</city>
        <zip>69373</zip>
        <country>France</country>
      </address>
    </facility>
  </location>
  <location>
    <facility>
      <name>CHU de la Timone</name>
      <address>
        <city>Marseille</city>
        <zip>13385</zip>
        <country>France</country>
      </address>
    </facility>
  </location>
  <location>
    <facility>
      <name>CHU de Nancy - Hopital Neurologique</name>
      <address>
        <city>Nancy</city>
        <zip>54035</zip>
        <country>France</country>
      </address>
    </facility>
  </location>
  <location>
    <facility>
      <name>CRLCC Nantes - Atlantique</name>
      <address>
        <city>Nantes-Saint Herblain</city>
        <zip>44805</zip>
        <country>France</country>
      </address>
    </facility>
  </location>
  <location>
    <facility>
      <name>Hopital Pasteur</name>
      <address>
        <city>Nice</city>
        <zip>06002</zip>
        <country>France</country>
      </address>
    </facility>
  </location>
  <location>
    <facility>
      <name>Centre Antoine Lacassagne</name>
      <address>
        <city>Nice</city>
        <zip>06189</zip>
        <country>France</country>
      </address>
    </facility>
  </location>
  <location>
    <facility>
      <name>C.H.R. de Nimes - Hopital Caremeau</name>
      <address>
        <city>Nimes</city>
        <zip>30000</zip>
        <country>France</country>
      </address>
    </facility>
  </location>
  <location>
    <facility>
      <name>CHU Pitie-Salpetriere</name>
      <address>
        <city>Paris</city>
        <zip>75651</zip>
        <country>France</country>
      </address>
    </facility>
  </location>
  <location>
    <facility>
      <name>Institut Gustave Roussy</name>
      <address>
        <city>Villejuif</city>
        <zip>F-94805</zip>
        <country>France</country>
      </address>
    </facility>
  </location>
  <location>
    <facility>
      <name>Universitaetsklinikum Benjamin Franklin</name>
      <address>
        <city>Berlin</city>
        <zip>D-12200</zip>
        <country>Germany</country>
      </address>
    </facility>
  </location>
  <location>
    <facility>
      <name>Neurologische Klinik der Henriettenstiftung</name>
      <address>
        <city>Hannover</city>
        <zip>D-30559</zip>
        <country>Germany</country>
      </address>
    </facility>
  </location>
  <location>
    <facility>
      <name>Universitaetsklinikum Tuebingen</name>
      <address>
        <city>Tuebingen</city>
        <zip>D-72076</zip>
        <country>Germany</country>
      </address>
    </facility>
  </location>
  <location>
    <facility>
      <name>National Institute of Neurosurgery</name>
      <address>
        <city>Budapest</city>
        <zip>1145</zip>
        <country>Hungary</country>
      </address>
    </facility>
  </location>
  <location>
    <facility>
      <name>Azienda Ospedaliera di Padova</name>
      <address>
        <city>Padova (Padua)</city>
        <zip>35128</zip>
        <country>Italy</country>
      </address>
    </facility>
  </location>
  <location>
    <facility>
      <name>Universita Degli Studi di Torino</name>
      <address>
        <city>Torino</city>
        <zip>10126</zip>
        <country>Italy</country>
      </address>
    </facility>
  </location>
  <location>
    <facility>
      <name>Academisch Ziekenhuis der Vrije Universiteit</name>
      <address>
        <city>Amsterdam</city>
        <zip>1007 MB</zip>
        <country>Netherlands</country>
      </address>
    </facility>
  </location>
  <location>
    <facility>
      <name>Antoni van Leeuwenhoekhuis</name>
      <address>
        <city>Amsterdam</city>
        <zip>1066 CX</zip>
        <country>Netherlands</country>
      </address>
    </facility>
  </location>
  <location>
    <facility>
      <name>Academisch Ziekenhuis Groningen</name>
      <address>
        <city>Groningen</city>
        <zip>9713 EZ</zip>
        <country>Netherlands</country>
      </address>
    </facility>
  </location>
  <location>
    <facility>
      <name>Academisch Ziekenhuis Maastricht</name>
      <address>
        <city>Maastricht</city>
        <zip>6202 AZ</zip>
        <country>Netherlands</country>
      </address>
    </facility>
  </location>
  <location>
    <facility>
      <name>St. Radboud University Hospital</name>
      <address>
        <city>Nijmegen</city>
        <zip>6500 HB</zip>
        <country>Netherlands</country>
      </address>
    </facility>
  </location>
  <location>
    <facility>
      <name>Rotterdam Cancer Institute</name>
      <address>
        <city>Rotterdam</city>
        <zip>3075 EA</zip>
        <country>Netherlands</country>
      </address>
    </facility>
  </location>
  <location>
    <facility>
      <name>St. Elisabeth Ziekenhuis</name>
      <address>
        <city>Tilburg</city>
        <zip>5022 GC</zip>
        <country>Netherlands</country>
      </address>
    </facility>
  </location>
  <location>
    <facility>
      <name>Dr. Bernard Verbeeten Instituut</name>
      <address>
        <city>Tilburg</city>
        <zip>5042 SB</zip>
        <country>Netherlands</country>
      </address>
    </facility>
  </location>
  <location>
    <facility>
      <name>Academisch Ziekenhuis Utrecht</name>
      <address>
        <city>Utrecht</city>
        <zip>3508 GA</zip>
        <country>Netherlands</country>
      </address>
    </facility>
  </location>
  <location>
    <facility>
      <name>Instituto Portugues de Oncologia de Francisco Gentil</name>
      <address>
        <city>Lisbon</city>
        <zip>1093</zip>
        <country>Portugal</country>
      </address>
    </facility>
  </location>
  <location>
    <facility>
      <name>Umea Universitet</name>
      <address>
        <city>Umea</city>
        <zip>S-901 85</zip>
        <country>Sweden</country>
      </address>
    </facility>
  </location>
  <location>
    <facility>
      <name>Western General Hospital</name>
      <address>
        <city>Edinburgh</city>
        <state>Scotland</state>
        <zip>EH4 9NQ</zip>
        <country>United Kingdom</country>
      </address>
    </facility>
  </location>
  <location>
    <facility>
      <name>Beatson Oncology Centre</name>
      <address>
        <city>Glasgow</city>
        <state>Scotland</state>
        <zip>G11 6NT</zip>
        <country>United Kingdom</country>
      </address>
    </facility>
  </location>
  <location_countries>
    <country>Austria</country>
    <country>Belgium</country>
    <country>Denmark</country>
    <country>Finland</country>
    <country>France</country>
    <country>Germany</country>
    <country>Hungary</country>
    <country>Italy</country>
    <country>Netherlands</country>
    <country>Portugal</country>
    <country>Sweden</country>
    <country>United Kingdom</country>
  </location_countries>
  <reference>
    <citation>Kouwenhoven MC, Kros JM, French PJ, Biemond-ter Stege EM, Graveland WJ, Taphoorn MJ, Brandes AA, van den Bent MJ. 1p/19q loss within oligodendroglioma is predictive for response to first line temozolomide but not to salvage treatment. Eur J Cancer. 2006 Oct;42(15):2499-503. Epub 2006 Aug 17.</citation>
    <PMID>16914310</PMID>
  </reference>
  <results_reference>
    <citation>van den Bent MJ, Chinot O, Boogerd W, Bravo Marques J, Taphoorn MJ, Kros JM, van der Rijt CC, Vecht CJ, De Beule N, Baron B. Second-line chemotherapy with temozolomide in recurrent oligodendroglioma after PCV (procarbazine, lomustine and vincristine) chemotherapy: EORTC Brain Tumor Group phase II study 26972. Ann Oncol. 2003 Apr;14(4):599-602.</citation>
    <PMID>12649108</PMID>
  </results_reference>
  <verification_date>March 2012</verification_date>
  <study_first_submitted>November 1, 1999</study_first_submitted>
  <study_first_submitted_qc>August 25, 2004</study_first_submitted_qc>
  <study_first_posted type="Estimate">August 26, 2004</study_first_posted>
  <last_update_submitted>March 5, 2012</last_update_submitted>
  <last_update_submitted_qc>March 5, 2012</last_update_submitted_qc>
  <last_update_posted type="Estimate">March 6, 2012</last_update_posted>
  <responsible_party>
    <responsible_party_type>Sponsor</responsible_party_type>
  </responsible_party>
  <keyword>adult oligodendroglioma</keyword>
  <condition_browse>
    <!-- CAUTION:  The following MeSH terms are assigned with an imperfect algorithm            -->
    <mesh_term>Nervous System Neoplasms</mesh_term>
    <mesh_term>Central Nervous System Neoplasms</mesh_term>
  </condition_browse>
  <intervention_browse>
    <!-- CAUTION:  The following MeSH terms are assigned with an imperfect algorithm            -->
    <mesh_term>Temozolomide</mesh_term>
  </intervention_browse>
  <!-- Results have not yet been posted for this study                                          -->
</clinical_study>

