<clinical_study>
  <!-- This xml conforms to an XML Schema at:
    https://clinicaltrials.gov/ct2/html/images/info/public.xsd -->
  <required_header>
    <download_date>ClinicalTrials.gov processed this data on July 31, 2020</download_date>
    <link_text>Link to the current ClinicalTrials.gov record.</link_text>
    <url>https://clinicaltrials.gov/show/NCT00001849</url>
  </required_header>
  <id_info>
    <org_study_id>990055</org_study_id>
    <secondary_id>99-CH-0055</secondary_id>
    <nct_id>NCT00001849</nct_id>
  </id_info>
  <brief_title>New Imaging Techniques in the Evaluation of Patients With Ectopic Cushing Syndrome</brief_title>
  <official_title>New Imaging Modalities in the Evaluation of Patients With Ectopic Cushing's Syndrome</official_title>
  <sponsors>
    <lead_sponsor>
      <agency>Eunice Kennedy Shriver National Institute of Child Health and Human Development (NICHD)</agency>
      <agency_class>NIH</agency_class>
    </lead_sponsor>
  </sponsors>
  <source>National Institutes of Health Clinical Center (CC)</source>
  <oversight_info>
    <is_fda_regulated_drug>Yes</is_fda_regulated_drug>
    <is_fda_regulated_device>No</is_fda_regulated_device>
  </oversight_info>
  <brief_summary>
    <textblock>
      Cushing Syndrome is an endocrine disorder causing an over production of the hormone cortisol.
      Cortisol is produced in the adrenal gland as a response to the production of ACTH in the
      pituitary gland.

      Between 10% and 20% of patients with hypercortisolism (Cushing Syndrome) have ectopic
      production of the hormone ACTH. Meaning, the hormone is not being released from the normal
      site, the pituitary gland. In many cases the ectopic ACTH is being produced by a tumor of the
      lung, thymus, or pancreas. However, in approximately 50% of these patients the source of the
      ACTH cannot be found even with the use of extensive imaging studies such as CT scans, MRIs,
      and nuclear scans (111-indium pentetreotide). The ability of these tests to locate the source
      of the hormone production is dependent on the changes of anatomy and / or the dose and
      adequate uptake of the radioactive agent. The inability to detect the source of ectopic ACTH
      production often results in unnecessary pituitary surgery or irradiation.

      Unlike the previously described tests, positron emission tomography (PET scan) has the
      ability to detect pathologic tissue based on physiologic and biochemical processes within the
      abnormal tissue.

      This study will test whether [18-F]-fluorodeoxyglucose (FDG) or use of a higher dose of
      [111In-DTPA-D-Phe]-pentetreotide can be used to successfully localize the source of ectopic
      ACTH production.&lt;TAB&gt;
    </textblock>
  </brief_summary>
  <detailed_description>
    <textblock>
      Between 10 percent and 20 percent of patients with hypercortisolism (Cushing syndrome) have
      ectopic production of adrenocorticotropin hormone (ACTH) that causes cortisol excess. In
      approximately 50 percent of these patients, the source of ACTH cannot be found despite very
      detailed and extensive examination including imaging studies such as computed tomography
      scanning, magnetic resonance imaging, and octreotide scan using the conventional low dose of
      indium-111 pentetreotide ([(111)In-DTPA-D-Phe]-pentetreotide). The sensitivity and
      specificity of these imaging studies depends on anatomic alterations and/or the dose and
      adequate uptake of radiopharmaceutical. In contrast, positron emission tomography (PET) has
      the ability to detect pathologic tissue based on physiologic and biochemical processes within
      the abnormal tissue. This protocol tests whether [18F]-L-3,4-dihydroxyphenylalanine
      (18F-DOPA) or use of a higher dose of [111In-DTPA-D-Phe]-pentetreotide can be used to
      localize successfully the source of ectopic ACTH production. In addition the study examines
      whether administration of the glucocorticoid antagonist mifepristone can improved the
      sensitivity of the standard dose Octreocan. Eligible patients participating in this arm of
      the study will have a second standard dose scan. Others will receive a higher dose octreoscan
      instead.
    </textblock>
  </detailed_description>
  <overall_status>Completed</overall_status>
  <start_date>February 26, 1999</start_date>
  <completion_date type="Actual">April 26, 2019</completion_date>
  <primary_completion_date type="Actual">April 26, 2019</primary_completion_date>
  <phase>Phase 1/Phase 2</phase>
  <study_type>Interventional</study_type>
  <has_expanded_access>No</has_expanded_access>
  <study_design_info>
    <allocation>Non-Randomized</allocation>
    <intervention_model>Single Group Assignment</intervention_model>
    <primary_purpose>Diagnostic</primary_purpose>
    <masking>None (Open Label)</masking>
  </study_design_info>
  <primary_outcome>
    <measure>Sensitivity, specificity and diagnostic accuracy of imaging modalities for the detection of ACTH-secreting non-pituitary tumor</measure>
    <time_frame>every 6 - 24 months</time_frame>
    <description>identification of a tumor</description>
  </primary_outcome>
  <enrollment type="Actual">98</enrollment>
  <condition>Cushing Syndrome</condition>
  <condition>Endocrine Disease</condition>
  <intervention>
    <intervention_type>Drug</intervention_type>
    <intervention_name>Pentetreotide</intervention_name>
    <description>Binds primarily to the somatostatin receptors subtypes (sst) 2 and 5</description>
  </intervention>
  <intervention>
    <intervention_type>Drug</intervention_type>
    <intervention_name>18F-DOPA</intervention_name>
    <description>F-DOPA is a radiolabeled amino acid used as a radiotracer in positron emission tomography.</description>
  </intervention>
  <eligibility>
    <criteria>
      <textblock>
        -  INCLUSION CRITERIA:

        All eligible patients are invited to participate in this protocol. Patients are adults with
        possible ectopic Cushing syndrome. Since both men and women are affected with ectopic
        Cushing syndrome, both sexes are studied. All ethnic and racial groups are at risk and will
        be included. Patients must be willing to return to NIH for follow-up studies.

        EXCLUSION CRITERIA:

        Pregnant or lactating women. A pregnancy test is performed in women of childbearing
        potential (up to age 55) unless they have a history of hysterectomy.

        Children (age less than18) are excluded. Because ectopic ACTH secretion is rare in this age
        group, the likelihood of benefit is less and does not balance the risk of radiation.

        Patients taking medications that alter CYP3A4 activity will not be eligible for the
        mifepristone study, since this P450 system metabolizes mifepristone. Such participants
        would receive a clinical H-OCT instead, if the L-OCT were negative. Patients with
        hypokalemia (K &lt; 3.5 mEq/L), despite medical therapy with replacement or mineralocorticoid
        antagonists will also be excluded from the mifepristone studies.

        The presence of:

          -  severe active infection.

          -  clinically significantly impaired cardiovascular (e.g., history of abnormally low
             ejection fraction, the presence of moderate pulmonary fluid overload or leg edema, and
             blood pressure over 190/100), abnormal coagulation (PT and PTT elevated by 30 percent
             above the normal values), hematopoietic (hematocrit less than 30 percent, hemoglobin
             below 10 g/dl, white count below 3000 K/UL, and platelets below 100,000 K/mm(3)),
             hepatic (liver enzymes elevated by 3-fold above normal values) or renal function
             (plasma creatinine level over 2.0).

          -  impaired mental capacity or markedly abnormal psychiatric evaluation that precludes
             informed consent.

          -  body weight over 136 kg, which is the limit for the tables used in the scanning areas.

          -  combined blood withdrawal, during the six weeks preceding the study, of greater than
             450 ml.

          -  known allergy to [111In-DTPA-D-Phe]-pentetreotide or other somatostatin analogues.

          -  strong evidence for Cushing disease. This includes those with positive IPSS or a
             lesion on pituitary MRI.
      </textblock>
    </criteria>
    <gender>All</gender>
    <minimum_age>18 Years</minimum_age>
    <maximum_age>90 Years</maximum_age>
    <healthy_volunteers>No</healthy_volunteers>
  </eligibility>
  <overall_official>
    <last_name>Lynnette K Nieman, M.D.</last_name>
    <role>Principal Investigator</role>
    <affiliation>National Institute of Diabetes and Digestive and Kidney Diseases (NIDDK)</affiliation>
  </overall_official>
  <location>
    <facility>
      <name>National Institutes of Health Clinical Center, 9000 Rockville Pike</name>
      <address>
        <city>Bethesda</city>
        <state>Maryland</state>
        <zip>20892</zip>
        <country>United States</country>
      </address>
    </facility>
  </location>
  <location_countries>
    <country>United States</country>
  </location_countries>
  <link>
    <url>https://clinicalstudies.info.nih.gov/cgi/detail.cgi?B_1999-CH-0055.html</url>
    <description>NIH Clinical Center Detailed Web Page</description>
  </link>
  <reference>
    <citation>Findling JW, Tyrrell JB. Occult ectopic secretion of corticotropin. Arch Intern Med. 1986 May;146(5):929-33.</citation>
    <PMID>3963984</PMID>
  </reference>
  <reference>
    <citation>Jex RK, van Heerden JA, Carpenter PC, Grant CS. Ectopic ACTH syndrome. Diagnostic and therapeutic aspects. Am J Surg. 1985 Feb;149(2):276-82.</citation>
    <PMID>2982290</PMID>
  </reference>
  <reference>
    <citation>Trainer PJ, Grossman A. The diagnosis and differential diagnosis of Cushing's syndrome. Clin Endocrinol (Oxf). 1991 Apr;34(4):317-30. Review.</citation>
    <PMID>1879062</PMID>
  </reference>
  <verification_date>January 2020</verification_date>
  <study_first_submitted>November 3, 1999</study_first_submitted>
  <study_first_submitted_qc>November 3, 1999</study_first_submitted_qc>
  <study_first_posted type="Estimate">November 4, 1999</study_first_posted>
  <last_update_submitted>January 3, 2020</last_update_submitted>
  <last_update_submitted_qc>January 3, 2020</last_update_submitted_qc>
  <last_update_posted type="Actual">January 6, 2020</last_update_posted>
  <responsible_party>
    <responsible_party_type>Sponsor</responsible_party_type>
  </responsible_party>
  <keyword>PET</keyword>
  <keyword>(18F)-DOPA</keyword>
  <keyword>Pentetreotide</keyword>
  <keyword>ACTH</keyword>
  <keyword>Octreotide</keyword>
  <keyword>Cushing's Syndrome</keyword>
  <keyword>Ectopic Cushing Syndrome</keyword>
  <condition_browse>
    <!-- CAUTION:  The following MeSH terms are assigned with an imperfect algorithm            -->
    <mesh_term>Cardiac Complexes, Premature</mesh_term>
    <mesh_term>Cushing Syndrome</mesh_term>
    <mesh_term>Syndrome</mesh_term>
    <mesh_term>Endocrine System Diseases</mesh_term>
  </condition_browse>
  <!-- Results have not yet been posted for this study                                          -->
</clinical_study>

