<clinical_study>
  <!-- This xml conforms to an XML Schema at:
    https://clinicaltrials.gov/ct2/html/images/info/public.xsd -->
  <required_header>
    <download_date>ClinicalTrials.gov processed this data on July 31, 2020</download_date>
    <link_text>Link to the current ClinicalTrials.gov record.</link_text>
    <url>https://clinicaltrials.gov/show/NCT00002790</url>
  </required_header>
  <id_info>
    <org_study_id>1096.00</org_study_id>
    <secondary_id>FHCRC-1096.00</secondary_id>
    <secondary_id>NCI-H96-0928</secondary_id>
    <secondary_id>CDR0000064855</secondary_id>
    <nct_id>NCT00002790</nct_id>
  </id_info>
  <brief_title>Prevention of Graft-Versus-Host Disease in Patients With Hematologic Malignancies Who Are Receiving a Bone Marrow Transplant</brief_title>
  <official_title>A PHASE I/II STUDY OF RAPAMYCIN (SIROLIMUS) IN COMBINATION WITH METHOTREXATE (MTX) AND CYCLOSPORINE (CPS) IN PATIENTS UNDERGOING MARROW TRANSPLANTATION FROM RELATED DONORS MISMATCHED FOR ONE HLA ANTIGEN IN THE DIRECTION OF GRAFT-VERSUS-HOST DISEASE (GVHD)</official_title>
  <sponsors>
    <lead_sponsor>
      <agency>Fred Hutchinson Cancer Research Center</agency>
      <agency_class>Other</agency_class>
    </lead_sponsor>
    <collaborator>
      <agency>National Cancer Institute (NCI)</agency>
      <agency_class>NIH</agency_class>
    </collaborator>
  </sponsors>
  <source>Fred Hutchinson Cancer Research Center</source>
  <brief_summary>
    <textblock>
      RATIONALE: Bone marrow transplantation may be able to replace immune cells that were
      destroyed by chemotherapy used to kill tumor cells. Sometimes the transplanted cells can make
      an immune response against the body's normal tissues. Treatment with sirolimus, methotrexate,
      and cyclosporine may prevent this from happening.

      PURPOSE: Phase I/II trial to study the effectiveness of sirolimus plus methotrexate and
      cyclosporine in preventing graft-versus-host disease in patients with hematologic
      malignancies who are receiving a bone marrow transplant.
    </textblock>
  </brief_summary>
  <detailed_description>
    <textblock>
      OBJECTIVES: I. Estimate the maximum tolerated dose of rapamycin that can be safely combined
      with standard methotrexate/cyclosporine prophylaxis for graft-versus-host disease (GVHD) in
      patients with hematologic disorders who have received a bone marrow transplant from a related
      donor who is mismatched for 1 HLA-A, -B, or -DR antigen in the GVHD direction.

      OUTLINE: This is a dose escalation study. Groups of 6-12 patients receive escalating doses of
      rapamycin until the maximum tolerated dose of rapamycin given in combination with
      methotrexate/cyclosporine is determined. All patients receive cyclosporine from the day prior
      to transplant until day 50 post-transplant; the dose is then tapered over 130 days.
      Methotrexate is given on days 1, 3, and 6 post-transplant. Rapamycin is given every other
      day, days 7-59. Bone marrow transplantation occurs on day 0. Patients may not receive
      concurrent therapy with agents that could interfere with rapamycin metabolism, intravenous
      lipids, FK506 or other immunosuppressive agents (prednisone allowed), NSAIDs, or other
      cytotoxic agents. Patients are followed at 6 months for 2 years, then annually.

      PROJECTED ACCRUAL: 12-36 patients will be accrued over 1-2.5 years.
    </textblock>
  </detailed_description>
  <overall_status>Withdrawn</overall_status>
  <start_date>March 1996</start_date>
  <phase>Phase 1/Phase 2</phase>
  <study_type>Interventional</study_type>
  <has_expanded_access>No</has_expanded_access>
  <study_design_info>
    <primary_purpose>Supportive Care</primary_purpose>
  </study_design_info>
  <enrollment type="Actual">0</enrollment>
  <condition>Graft Versus Host Disease</condition>
  <condition>Leukemia</condition>
  <condition>Myelodysplastic Syndromes</condition>
  <intervention>
    <intervention_type>Drug</intervention_type>
    <intervention_name>cyclosporine</intervention_name>
  </intervention>
  <intervention>
    <intervention_type>Drug</intervention_type>
    <intervention_name>methotrexate</intervention_name>
  </intervention>
  <intervention>
    <intervention_type>Drug</intervention_type>
    <intervention_name>sirolimus</intervention_name>
  </intervention>
  <eligibility>
    <criteria>
      <textblock>
        DISEASE CHARACTERISTICS: See General Eligibility Criteria

        PATIENT CHARACTERISTICS: Age: 13 and over Performance status: Not specified Hematopoietic:
        Not specified Hepatic: Not specified Renal: Creatinine no greater than 2.0 mg/dL
        Cardiovascular: No cardiac disease No clinically significant cardiac abnormality No
        ischemia No recent injury on EKG Other: No intolerance or unresponsiveness to rapamycin No
        hypersensitivity to macrolide antibiotics, e.g., erythromycin, azithromycin, clarithromycin
        No requirement for medications that may significantly affect rapamycin metabolism, i.e.:
        Carbamazepine Ketoconazole Primidone Cimetidine Nicardipine Rifampin Diltiazem
        Phenobarbital Valproic acid Erythromycin Phenytoin Verapamil No uncontrolled systemic
        infection No pregnant or nursing women Negative pregnancy test required of fertile women
        Effective contraception required of fertile patients during and for 3 months after study
        Able to tolerate less than 400 mL of liquid oral intake

        PRIOR CONCURRENT THERAPY: At least 1 week since any investigational drug
      </textblock>
    </criteria>
    <gender>All</gender>
    <minimum_age>13 Years</minimum_age>
    <maximum_age>N/A</maximum_age>
    <healthy_volunteers>No</healthy_volunteers>
  </eligibility>
  <overall_official>
    <last_name>H. Joachim Deeg, MD</last_name>
    <role>Study Chair</role>
    <affiliation>Fred Hutchinson Cancer Research Center</affiliation>
  </overall_official>
  <verification_date>March 2015</verification_date>
  <study_first_submitted>November 1, 1999</study_first_submitted>
  <study_first_submitted_qc>September 1, 2004</study_first_submitted_qc>
  <study_first_posted type="Estimate">September 2, 2004</study_first_posted>
  <last_update_submitted>March 4, 2015</last_update_submitted>
  <last_update_submitted_qc>March 4, 2015</last_update_submitted_qc>
  <last_update_posted type="Estimate">March 6, 2015</last_update_posted>
  <keyword>childhood acute lymphoblastic leukemia</keyword>
  <keyword>chronic lymphocytic leukemia</keyword>
  <keyword>adult acute lymphoblastic leukemia</keyword>
  <keyword>adult acute myeloid leukemia</keyword>
  <keyword>chronic myelogenous leukemia</keyword>
  <keyword>childhood acute myeloid leukemia/other myeloid malignancies</keyword>
  <keyword>myelodysplastic syndromes</keyword>
  <keyword>graft versus host disease</keyword>
  <keyword>childhood myelodysplastic syndromes</keyword>
  <condition_browse>
    <!-- CAUTION:  The following MeSH terms are assigned with an imperfect algorithm            -->
    <mesh_term>Leukemia</mesh_term>
    <mesh_term>Preleukemia</mesh_term>
    <mesh_term>Myelodysplastic Syndromes</mesh_term>
    <mesh_term>Graft vs Host Disease</mesh_term>
    <mesh_term>Syndrome</mesh_term>
  </condition_browse>
  <intervention_browse>
    <!-- CAUTION:  The following MeSH terms are assigned with an imperfect algorithm            -->
    <mesh_term>Cyclosporine</mesh_term>
    <mesh_term>Sirolimus</mesh_term>
    <mesh_term>Methotrexate</mesh_term>
    <mesh_term>Cyclosporins</mesh_term>
  </intervention_browse>
  <!-- Results have not yet been posted for this study                                          -->
</clinical_study>

