<clinical_study>
  <!-- This xml conforms to an XML Schema at:
    https://clinicaltrials.gov/ct2/html/images/info/public.xsd -->
  <required_header>
    <download_date>ClinicalTrials.gov processed this data on July 31, 2020</download_date>
    <link_text>Link to the current ClinicalTrials.gov record.</link_text>
    <url>https://clinicaltrials.gov/show/NCT00001628</url>
  </required_header>
  <id_info>
    <org_study_id>970140</org_study_id>
    <secondary_id>97-H-0140</secondary_id>
    <nct_id>NCT00001628</nct_id>
  </id_info>
  <brief_title>The Role of Angiotensin Type I Receptor in the Regulation of Human Peripheral Vascular Function</brief_title>
  <official_title>The Role of Angiotensin Type I Receptor in the Regulation of Human Peripheral Vascular Function</official_title>
  <sponsors>
    <lead_sponsor>
      <agency>National Heart, Lung, and Blood Institute (NHLBI)</agency>
      <agency_class>NIH</agency_class>
    </lead_sponsor>
  </sponsors>
  <source>National Institutes of Health Clinical Center (CC)</source>
  <brief_summary>
    <textblock>
      The renin angiotensin system (RAS) plays an important physiological and pathophysiological
      role in the control of blood pressure and plasma volume. Inhibition of the RAS is useful in
      the treatment of hypertension, cardiac failure and in some patients with myocardial
      infarction. Several recent clinical trials with angiotensin converting enzyme inhibitors
      (ACEI) have shown that they also reduce the incidence of myocardial infarction, but the
      mechanisms underlying this anti-ischemic effect are poorly understood. ACEI reduce
      angiotensin II synthesis and prevent bradykinin degradation. Results from ongoing studies in
      the Cardiology Branch (Protocol 95-H-0099) designed to investigate the link between ACEI and
      the vascular endothelium indicate that ACEI improve peripheral endothelial function, an
      effect that is partially mediated by bradykinin. The current protocol is designed to
      investigate whether the beneficial effects of ACEI on peripheral endothelial function are
      also due to inhibition of angiotensin II. The recent development of selective angiotensin II
      type 1 (AT1) receptor antagonists allows us to specifically examine the effects of
      angiotensin II on vasomotor activity.
    </textblock>
  </brief_summary>
  <detailed_description>
    <textblock>
      The renin angiotensin system (RAS) plays an important physiological and pathophysiological
      role in the control of blood pressure and plasma volume. Inhibition of the RAS is useful in
      the treatment of hypertension, cardiac failure and in some patients with myocardial
      infarction. Several recent clinical trials with angiotensin converting enzyme inhibitors
      (ACEI) have shown that they also reduce the incidence of myocardial infarction, but the
      mechanisms underlying this anti-ischemic effect are poorly understood. ACEI reduce
      angiotensin II synthesis and prevent bradykinin degradation. Results from ongoing studies in
      the Cardiology Branch (Protocol 95-H-0099) designed to investigate the link between ACEI and
      the vascular endothelium indicate that ACEI improve peripheral endothelial function, an
      effect that is partially mediated by bradykinin. The current protocol is designed to
      investigate whether the beneficial effects of ACEI on peripheral endothelial function are
      also due to inhibition of angiotensin II. The recent development of selective angiotensin II
      type 1 (AT1) receptor antagonists allows us to specifically examine the effects of
      angiotensin II on vasomotor activity.
    </textblock>
  </detailed_description>
  <overall_status>Completed</overall_status>
  <start_date>July 1997</start_date>
  <completion_date>September 2000</completion_date>
  <phase>Phase 3</phase>
  <study_type>Interventional</study_type>
  <has_expanded_access>No</has_expanded_access>
  <study_design_info>
    <primary_purpose>Treatment</primary_purpose>
  </study_design_info>
  <enrollment>36</enrollment>
  <condition>Atherosclerosis</condition>
  <condition>Heart Failure, Congestive</condition>
  <condition>Hypertension</condition>
  <condition>Myocardial Infarction</condition>
  <intervention>
    <intervention_type>Drug</intervention_type>
    <intervention_name>Angiotensin II type 1 receptor antagonists</intervention_name>
  </intervention>
  <eligibility>
    <criteria>
      <textblock>
        Patients over 18 years with endothelial dysfunction requiring diagnostic cardiac
        catheterization.

        Normal volunteers or patients undergoing catheterization who have normal coronary arteries
        without risk factors for atherosclerosis will be used as controls.

        No unstable angina.

        No significant left main disease (greater than 50% stenosis).

        No recent myocardial infarction (less than 1 month).

        No pregnancy, lactation.

        No allergy to losartan.

        No renal failure (creatinine greater than 2.5 mg/dl).

        Ability to withdraw ACE inhibitors.
      </textblock>
    </criteria>
    <gender>All</gender>
    <minimum_age>N/A</minimum_age>
    <maximum_age>N/A</maximum_age>
    <healthy_volunteers>Accepts Healthy Volunteers</healthy_volunteers>
  </eligibility>
  <location>
    <facility>
      <name>National Heart, Lung and Blood Institute (NHLBI)</name>
      <address>
        <city>Bethesda</city>
        <state>Maryland</state>
        <zip>20892</zip>
        <country>United States</country>
      </address>
    </facility>
  </location>
  <location_countries>
    <country>United States</country>
  </location_countries>
  <reference>
    <citation>Ontyd J, Schrader J. Measurement of adenosine, inosine, and hypoxanthine in human plasma. J Chromatogr. 1984 May 11;307(2):404-9.</citation>
    <PMID>6736187</PMID>
  </reference>
  <reference>
    <citation>Cockcroft JR, Sciberras DG, Goldberg MR, Ritter JM. Comparison of angiotensin-converting enzyme inhibition with angiotensin II receptor antagonism in the human forearm. J Cardiovasc Pharmacol. 1993 Oct;22(4):579-84.</citation>
    <PMID>7505360</PMID>
  </reference>
  <reference>
    <citation>Gottlieb SS, Dickstein K, Fleck E, Kostis J, Levine TB, LeJemtel T, DeKock M. Hemodynamic and neurohormonal effects of the angiotensin II antagonist losartan in patients with congestive heart failure. Circulation. 1993 Oct;88(4 Pt 1):1602-9.</citation>
    <PMID>8403307</PMID>
  </reference>
  <verification_date>June 1999</verification_date>
  <study_first_submitted>November 3, 1999</study_first_submitted>
  <study_first_submitted_qc>December 9, 2002</study_first_submitted_qc>
  <study_first_posted type="Estimate">December 10, 2002</study_first_posted>
  <last_update_submitted>March 3, 2008</last_update_submitted>
  <last_update_submitted_qc>March 3, 2008</last_update_submitted_qc>
  <last_update_posted type="Estimate">March 4, 2008</last_update_posted>
  <keyword>Angiotensin Receptor Antagonist</keyword>
  <keyword>Atherosclerosis</keyword>
  <keyword>Blood Flow</keyword>
  <keyword>Endothelium</keyword>
  <keyword>Endothelial Dysfunction</keyword>
  <condition_browse>
    <!-- CAUTION:  The following MeSH terms are assigned with an imperfect algorithm            -->
    <mesh_term>Heart Failure</mesh_term>
    <mesh_term>Myocardial Infarction</mesh_term>
    <mesh_term>Atherosclerosis</mesh_term>
    <mesh_term>Infarction</mesh_term>
  </condition_browse>
  <intervention_browse>
    <!-- CAUTION:  The following MeSH terms are assigned with an imperfect algorithm            -->
    <mesh_term>Angiotensin II</mesh_term>
    <mesh_term>Giapreza</mesh_term>
    <mesh_term>Angiotensinogen</mesh_term>
    <mesh_term>Angiotensin II Type 1 Receptor Blockers</mesh_term>
  </intervention_browse>
  <!-- Results have not yet been posted for this study                                          -->
</clinical_study>

