<clinical_study>
  <!-- This xml conforms to an XML Schema at:
    https://clinicaltrials.gov/ct2/html/images/info/public.xsd -->
  <required_header>
    <download_date>ClinicalTrials.gov processed this data on July 31, 2020</download_date>
    <link_text>Link to the current ClinicalTrials.gov record.</link_text>
    <url>https://clinicaltrials.gov/show/NCT00002192</url>
  </required_header>
  <id_info>
    <org_study_id>275A</org_study_id>
    <secondary_id>000473PR0018</secondary_id>
    <secondary_id>96ACR-HMD1</secondary_id>
    <nct_id>NCT00002192</nct_id>
  </id_info>
  <brief_title>Tolerance, Safety, and Activity of Rifapentine Alone and in Combination Therapy in AIDS Patients With Mycobacterium Avium Complex Bacteremia.</brief_title>
  <official_title>Tolerance, Safety, and Activity of Rifapentine Alone and in Combination Therapy in AIDS Patients With Mycobacterium Avium Complex Bacteremia.</official_title>
  <sponsors>
    <lead_sponsor>
      <agency>Anderson Clinical Research</agency>
      <agency_class>Industry</agency_class>
    </lead_sponsor>
    <collaborator>
      <agency>Hoechst Marion Roussel</agency>
      <agency_class>Industry</agency_class>
    </collaborator>
  </sponsors>
  <source>NIH AIDS Clinical Trials Information Service</source>
  <brief_summary>
    <textblock>
      To determine the antimicrobial activity and tolerability of rifapentine alone and in
      combination therapy in patients with AIDS and disseminated Mycobacterium avium complex (MAC)
      bacteremia. To determine the pharmacokinetics of rifapentine and its metabolite,
      25-desacetyl, alone and in combination therapy. To determine the pharmacokinetics of
      azithromycin and clarithromycin (and its 14-OH metabolite) in combination therapy.
    </textblock>
  </brief_summary>
  <detailed_description>
    <textblock>
      This open-label, sequential study is conducted in two parts: a monotherapy phase and a
      combination treatment phase.

      In the monotherapy phase sequential 3-patient cohorts receive 1 of 3 doses of rifapentine
      monotherapy.

      In the combination treatment phase, 12 patients each are randomized to one of three arms:

      Arm I: Rifapentine (assigned dose level based on monotherapy phase) plus azithromycin.

      Arm II: Rifapentine (assigned dose level) plus clarithromycin. Arm III: Rifapentine (assigned
      dose level) plus ethambutol.
    </textblock>
  </detailed_description>
  <overall_status>Completed</overall_status>
  <phase>Phase 2</phase>
  <study_type>Interventional</study_type>
  <has_expanded_access>No</has_expanded_access>
  <study_design_info>
    <primary_purpose>Treatment</primary_purpose>
  </study_design_info>
  <condition>Mycobacterium Avium-Intracellulare Infection</condition>
  <condition>HIV Infections</condition>
  <intervention>
    <intervention_type>Drug</intervention_type>
    <intervention_name>Rifapentine</intervention_name>
  </intervention>
  <intervention>
    <intervention_type>Drug</intervention_type>
    <intervention_name>Ethambutol hydrochloride</intervention_name>
  </intervention>
  <intervention>
    <intervention_type>Drug</intervention_type>
    <intervention_name>Clarithromycin</intervention_name>
  </intervention>
  <intervention>
    <intervention_type>Drug</intervention_type>
    <intervention_name>Azithromycin</intervention_name>
  </intervention>
  <eligibility>
    <criteria>
      <textblock>
        Inclusion Criteria

        Patients must have:

          -  Documented positive HIV serology status.

          -  Documented AIDS.

          -  Positive blood culture for MAC from the study-designated microbiology laboratory.
             NOTE:

          -  Patients with presumed MAC bacteremia, as evidenced by positive blood, bone marrow, or
             liver biopsy culture analyzed locally, may be enrolled pending confirmation.

          -  Minimum of two MAC-associated symptoms, defined as &gt;= grade 1 fever; &gt; grade 1 night
             sweats, fatigue, diarrhea, abdominal pain, or anorexia; or weight loss &gt; 5% reported
             within 4 weeks prior to study entry.

          -  Life expectancy of at least 3 months.

        Prior Medication:

        Allowed:

        MAC prophylaxis with medications other than study drugs (5-day washout period required).

        Exclusion Criteria

        Co-existing Condition:

        Patients with the following symptoms or conditions are excluded:

          -  Pulmonary tuberculosis.

          -  Infections requiring the use of disallowed medications.

          -  Serious diseases that introduce undue risks for adverse reactions to study medication.

        Concurrent Medication:

        Excluded:

          -  Terfenadine.

          -  Treatment for pulmonary TB.

          -  Study drugs from an outside source.

          -  Medications with anti-MAC activity (i.e., amikacin, ciprofloxacin, clofazimine,
             rifampin, and rifabutin).

        Patients with the following prior conditions are excluded:

          -  History of hypersensitivity to rifabutin, rifampin, clarithromycin, erythromycin,
             azithromycin, or ethambutol.

          -  Previous episode of uveitis.

        Prior Medication:

        Excluded:

          -  Prophylactic treatment for MAC with rifabutin or any of the study medications.

          -  Azithromycin within the 3 weeks prior to randomization.

          -  Any investigational drug during the 4 weeks prior to randomization.
      </textblock>
    </criteria>
    <gender>All</gender>
    <minimum_age>18 Years</minimum_age>
    <maximum_age>N/A</maximum_age>
    <healthy_volunteers>No</healthy_volunteers>
  </eligibility>
  <location>
    <facility>
      <name>Hampton Roads Med Specialists</name>
      <address>
        <city>Hampton</city>
        <state>Virginia</state>
        <zip>23666</zip>
        <country>United States</country>
      </address>
    </facility>
  </location>
  <location_countries>
    <country>United States</country>
  </location_countries>
  <verification_date>August 1997</verification_date>
  <study_first_submitted>November 2, 1999</study_first_submitted>
  <study_first_submitted_qc>August 30, 2001</study_first_submitted_qc>
  <study_first_posted type="Estimate">August 31, 2001</study_first_posted>
  <last_update_submitted>June 23, 2005</last_update_submitted>
  <last_update_submitted_qc>June 23, 2005</last_update_submitted_qc>
  <last_update_posted type="Estimate">June 24, 2005</last_update_posted>
  <keyword>AIDS-Related Opportunistic Infections</keyword>
  <keyword>Mycobacterium avium-intracellulare Infection</keyword>
  <keyword>Drug Therapy, Combination</keyword>
  <keyword>Antitubercular Agents</keyword>
  <keyword>Azithromycin</keyword>
  <keyword>Clarithromycin</keyword>
  <keyword>Bacteremia</keyword>
  <keyword>rifapentine</keyword>
  <condition_browse>
    <!-- CAUTION:  The following MeSH terms are assigned with an imperfect algorithm            -->
    <mesh_term>Infection</mesh_term>
    <mesh_term>Communicable Diseases</mesh_term>
    <mesh_term>Bacteremia</mesh_term>
    <mesh_term>Mycobacterium Infections</mesh_term>
    <mesh_term>Mycobacterium avium-intracellulare Infection</mesh_term>
  </condition_browse>
  <intervention_browse>
    <!-- CAUTION:  The following MeSH terms are assigned with an imperfect algorithm            -->
    <mesh_term>Azithromycin</mesh_term>
    <mesh_term>Clarithromycin</mesh_term>
    <mesh_term>Ethambutol</mesh_term>
    <mesh_term>Rifapentine</mesh_term>
  </intervention_browse>
  <!-- Results have not yet been posted for this study                                          -->
</clinical_study>

