<clinical_study>
  <!-- This xml conforms to an XML Schema at:
    https://clinicaltrials.gov/ct2/html/images/info/public.xsd -->
  <required_header>
    <download_date>ClinicalTrials.gov processed this data on July 31, 2020</download_date>
    <link_text>Link to the current ClinicalTrials.gov record.</link_text>
    <url>https://clinicaltrials.gov/show/NCT00002665</url>
  </required_header>
  <id_info>
    <org_study_id>SWOG-9400</org_study_id>
    <secondary_id>SWOG-9400</secondary_id>
    <secondary_id>U10CA032102</secondary_id>
    <nct_id>NCT00002665</nct_id>
  </id_info>
  <brief_title>SWOG-9400 Combination Chemotherapy With or Without Bone Marrow Transplantation in Treating Patients With Previously Untreated Acute Lymphocytic Leukemia</brief_title>
  <official_title>TREATMENT OF ADULT ACUTE LYMPHOBLASTIC LEUKEMIA: PHASE II TRIALS OF AN INDUCTION REGIMEN INCLUDING PEG-L-ASPARAGINASE, WITH OR WITHOUT PIXY, IN PREVIOUSLY UNTREATED PATIENTS, FOLLOWED BY ALLOGENEIC BONE MARROW TRANSPLANTATION OR FURTHER CHEMOTHERAPY IN FIRST COMPLETE REMISSION</official_title>
  <sponsors>
    <lead_sponsor>
      <agency>Southwest Oncology Group</agency>
      <agency_class>Other</agency_class>
    </lead_sponsor>
    <collaborator>
      <agency>National Cancer Institute (NCI)</agency>
      <agency_class>NIH</agency_class>
    </collaborator>
  </sponsors>
  <source>Southwest Oncology Group</source>
  <brief_summary>
    <textblock>
      RATIONALE: Drugs used in chemotherapy use different ways to stop cancer cells from dividing
      so they stop growing or die. Combining chemotherapy with bone marrow transplantation may
      allow the doctor to give higher doses of chemotherapy drugs and kill more cancer cells.

      PURPOSE: Phase II trial to study the effectiveness of combination chemotherapy with or
      without bone marrow transplantation in treating patients who have acute lymphocytic leukemia.
    </textblock>
  </brief_summary>
  <detailed_description>
    <textblock>
      OBJECTIVES: I. Evaluate if front line induction therapy with daunorubicin, vincristine,
      prednisone, and asparaginase is sufficiently effective to warrant a phase III trial in
      patients with acute lymphocytic leukemia (ALL). II. Assess the toxicity of this regimen in
      this patient population. III. Assess disease free and overall survival and toxicity
      associated with allogeneic bone marrow transplantation for ALL patients in first remission
      following induction and consolidation therapy. IV. Assess disease free and overall survival
      and toxicity associated with sequential regimens of mercaptopurine, methotrexate and
      vincristine, doxorubicin, dexamethasone, and cyclophosphamide, thioguanine, and cytarabine in
      ALL patients in first remission who are ineligible for allogeneic bone marrow
      transplantation. V. Evaluate the prognostic significance of cell surface immunophenotype,
      Philadelphia chromosome, and polymerase chain reaction detected BCR/abl fusion in this
      patient population.

      OUTLINE: Patients are stratified according to age (15 to 29 vs 30 to 49 vs 50 to 65),
      performance status (0-1 vs 2-3), participating center, and candidate for allogeneic bone
      marrow transplantation (yes vs no). Patients receive induction chemotherapy consisting of
      daunorubicin IV on days 1-3, vincristine IV on days 1, 8, 15, and 22, oral prednisone on days
      1-28, and asparaginase IV or intramuscularly (IM) on days 15-24. Patients with persistent
      leukemia on day 21, receive additional induction therapy consisting of daunorubicin IV on
      days 22 and 23, vincristine IV on days 29 and 36, and oral prednisone continuing to day 42.
      Patients with CNS leukemia receive additional therapy beginning on day 1 of induction
      chemotherapy consisting of methotrexate intrathecally (IT) or intraventricularly twice weekly
      until blasts are absent in spinal fluid. Patients receive oral leucovorin calcium every 6
      hours for a total of 4 doses following each IT dose in the absence of blood count recovery.
      Following absence of spinal fluid blasts, patients receive methotrexate IT or
      intraventricularly weekly for 4 weeks then monthly for 1 year. Patients also receive cranial
      radiotherapy during consolidation therapy 5 days a week for 2.5 weeks. Patients with A1 bone
      marrow receive consolidation therapy following completion of induction therapy and blood
      count recovery. Patients receive consolidation therapy consisting of cyclophosphamide IV on
      days 1, 15, and 29, cytarabine IV on days 2-5, 9-12, 16-19, and 23-26, oral mercaptopurine on
      days 1-28, and methotrexate IT on days 2, 9, 16, and 23. Following completion of
      consolidation therapy, patients eligible for allogeneic bone marrow transplantation receive
      total body radiotherapy 3 times a day on days -7, -6, -5, and twice on day -4, and eptoposide
      IV over 4 hours on day -3. Patients undergo allogeneic bone marrow transplantation on day 0.
      Following completion of consolidation therapy, patients ineligible for allogeneic bone marrow
      transplantation receive maintenance therapy consisting of oral mercaptopurine on days 1-63,
      and oral methotrexate on days 1, 8, 15, 22, 29, 36, 43, 50, and 57. Patients receive
      subsequent courses of maintenance therapy when blood counts recover. Patients receive a
      second course of maintenance therapy consisting of vincristine IV on days 1, 8, 15, and 22,
      doxorubicin IV on days 1, 8, 15, and 22, and oral dexamethasone on days 1-28. Patients
      receive a third course consisting of cyclophosphamide IV on day 1, oral thioguanine on days
      1-14, and cytarabine IV on days 3-6 and 10-13. Patients receive a fourth course consisting of
      oral mercaptopurine and oral methotrexate daily for 2 years. Patients are followed monthly
      for 6 months and then every 2 months thereafter.

      PROJECTED ACCRUAL: A total of 25-50 patients will be accrued for this study.
    </textblock>
  </detailed_description>
  <overall_status>Completed</overall_status>
  <start_date>July 1995</start_date>
  <completion_date type="Actual">December 2003</completion_date>
  <primary_completion_date type="Actual">December 2001</primary_completion_date>
  <phase>Phase 2</phase>
  <study_type>Interventional</study_type>
  <has_expanded_access>No</has_expanded_access>
  <study_design_info>
    <allocation>Non-Randomized</allocation>
    <intervention_model>Single Group Assignment</intervention_model>
    <primary_purpose>Treatment</primary_purpose>
    <masking>None (Open Label)</masking>
  </study_design_info>
  <primary_outcome>
    <measure>response</measure>
  </primary_outcome>
  <enrollment type="Anticipated">50</enrollment>
  <condition>Leukemia</condition>
  <condition>Neutropenia</condition>
  <condition>Thrombocytopenia</condition>
  <intervention>
    <intervention_type>Drug</intervention_type>
    <intervention_name>asparaginase</intervention_name>
    <description>10,000 units/d IV or IM 15 - 24</description>
  </intervention>
  <intervention>
    <intervention_type>Drug</intervention_type>
    <intervention_name>cyclophosphamide</intervention_name>
    <description>con: 650 mg/m2 IV 1, 15, 29 maint: 650 mg/m2 IV 1</description>
  </intervention>
  <intervention>
    <intervention_type>Drug</intervention_type>
    <intervention_name>cytarabine</intervention_name>
    <description>cons: 75 mg/m2/d IV Push 2 - 5, 9 - 12, 6 - 19, 23 - 26</description>
  </intervention>
  <intervention>
    <intervention_type>Drug</intervention_type>
    <intervention_name>daunorubicin hydrochloride</intervention_name>
    <description>ind: 60 mg/m2 IV 22 and 23</description>
  </intervention>
  <intervention>
    <intervention_type>Drug</intervention_type>
    <intervention_name>dexamethasone</intervention_name>
    <description>main: 10 mg/m2/day PO 1 - 28</description>
  </intervention>
  <intervention>
    <intervention_type>Drug</intervention_type>
    <intervention_name>doxorubicin hydrochloride</intervention_name>
    <description>main: 25 mg/m2 IV 1, 8, 15, and 22</description>
  </intervention>
  <intervention>
    <intervention_type>Drug</intervention_type>
    <intervention_name>etoposide</intervention_name>
    <description>60 mg/kg based on ideal body weight day -3</description>
  </intervention>
  <intervention>
    <intervention_type>Drug</intervention_type>
    <intervention_name>leucovorin calcium</intervention_name>
    <description>5 mg q 6 hours for 4 doses, PO 1, 3, 8, 11 after each methotrexate if WBC &lt; 3,000 /μl</description>
  </intervention>
  <intervention>
    <intervention_type>Drug</intervention_type>
    <intervention_name>mercaptopurine</intervention_name>
    <description>con: 60 mg/m2 PO 1 - 28</description>
  </intervention>
  <intervention>
    <intervention_type>Drug</intervention_type>
    <intervention_name>methotrexate</intervention_name>
    <description>10 mg/m2 IT or IV, d 2, 9, 16, and 23; Maximum 15 mg/admin</description>
  </intervention>
  <intervention>
    <intervention_type>Drug</intervention_type>
    <intervention_name>prednisone</intervention_name>
    <description>ind: 60 mg/m2/d PO 1 - 21*, 22 - 28 Patients will receive full dose through day 8 and then tapered to zero between Day 29 and 42.
ind2: 60 mg/m2/d PO through day 42</description>
  </intervention>
  <intervention>
    <intervention_type>Drug</intervention_type>
    <intervention_name>thioguanine</intervention_name>
    <description>main: 60 mg/m2/day PO 1 - 14</description>
  </intervention>
  <intervention>
    <intervention_type>Drug</intervention_type>
    <intervention_name>vincristine sulfate</intervention_name>
    <description>ind: 1.4 mg/m2 2 mg max, IV 1, 8, 15, and 22 ind2: 1.4 mg/m2 2 mg max IV 29 and 36 main: 1.5 mg/m2 2 mg max, IV 1, 8, 15, and 22</description>
  </intervention>
  <intervention>
    <intervention_type>Procedure</intervention_type>
    <intervention_name>allogeneic bone marrow transplantation</intervention_name>
    <description>day 0</description>
  </intervention>
  <intervention>
    <intervention_type>Radiation</intervention_type>
    <intervention_name>radiation therapy</intervention_name>
    <description>day -7 through day -4 total dose of radiation is 1,320 cGy.</description>
  </intervention>
  <eligibility>
    <criteria>
      <textblock>
        DISEASE CHARACTERISTICS: Histologically confirmed acute lymphocytic leukemia FAB class
        L1-L2 Mixed immunophenotypic markers with no cytochemical myeloid markers allowed No
        non-Hodgkin's lymphoma No chronic myelogenous leukemia in blast crisis Concurrent
        registration on the cytogenetics protocol SWOG-9007 required

        PATIENT CHARACTERISTICS: Age: 15 to 65 Performance status: SWOG 0-3 Hematopoietic: Not
        specified Hepatic: Bilirubin no greater than 2 times normal (unless elevation due to
        leukemia) AST no greater than 3 times normal (unless elevation due to leukemia) No chronic
        liver disease Renal: Creatinine no greater than 2 times normal Cardiovascular: Left
        ventricular ejection fraction at least 50% by MUGA or echocardiogram No symptomatic
        congestive heart failure No symptomatic coronary artery disease No cardiomyopathy No
        uncontrolled arrhythmia Other: Not pregnant or nursing Fertile patients must use effective
        contraception

        PRIOR CONCURRENT THERAPY: No prior remission induction chemotherapy for acute lymphocytic
        leukemia
      </textblock>
    </criteria>
    <gender>All</gender>
    <minimum_age>15 Years</minimum_age>
    <maximum_age>65 Years</maximum_age>
    <healthy_volunteers>No</healthy_volunteers>
  </eligibility>
  <overall_official>
    <last_name>Stephen J. Forman, MD</last_name>
    <role>Study Chair</role>
    <affiliation>City of Hope Comprehensive Cancer Center</affiliation>
  </overall_official>
  <location>
    <facility>
      <name>MBCCOP - University of South Alabama</name>
      <address>
        <city>Mobile</city>
        <state>Alabama</state>
        <zip>36688</zip>
        <country>United States</country>
      </address>
    </facility>
  </location>
  <location>
    <facility>
      <name>CCOP - Greater Phoenix</name>
      <address>
        <city>Phoenix</city>
        <state>Arizona</state>
        <zip>85006-2726</zip>
        <country>United States</country>
      </address>
    </facility>
  </location>
  <location>
    <facility>
      <name>Veterans Affairs Medical Center - Phoenix (Hayden)</name>
      <address>
        <city>Phoenix</city>
        <state>Arizona</state>
        <zip>85012</zip>
        <country>United States</country>
      </address>
    </facility>
  </location>
  <location>
    <facility>
      <name>Veterans Affairs Medical Center - Tucson</name>
      <address>
        <city>Tucson</city>
        <state>Arizona</state>
        <zip>85723</zip>
        <country>United States</country>
      </address>
    </facility>
  </location>
  <location>
    <facility>
      <name>Arizona Cancer Center</name>
      <address>
        <city>Tucson</city>
        <state>Arizona</state>
        <zip>85724</zip>
        <country>United States</country>
      </address>
    </facility>
  </location>
  <location>
    <facility>
      <name>University of Arkansas for Medical Sciences</name>
      <address>
        <city>Little Rock</city>
        <state>Arkansas</state>
        <zip>72205</zip>
        <country>United States</country>
      </address>
    </facility>
  </location>
  <location>
    <facility>
      <name>Veterans Affairs Medical Center - Little Rock (McClellan)</name>
      <address>
        <city>Little Rock</city>
        <state>Arkansas</state>
        <zip>72205</zip>
        <country>United States</country>
      </address>
    </facility>
  </location>
  <location>
    <facility>
      <name>Beckman Research Institute, City of Hope</name>
      <address>
        <city>Duarte</city>
        <state>California</state>
        <zip>91010</zip>
        <country>United States</country>
      </address>
    </facility>
  </location>
  <location>
    <facility>
      <name>Veterans Affairs Medical Center - Long Beach</name>
      <address>
        <city>Long Beach</city>
        <state>California</state>
        <zip>90822</zip>
        <country>United States</country>
      </address>
    </facility>
  </location>
  <location>
    <facility>
      <name>USC/Norris Comprehensive Cancer Center</name>
      <address>
        <city>Los Angeles</city>
        <state>California</state>
        <zip>90033-0800</zip>
        <country>United States</country>
      </address>
    </facility>
  </location>
  <location>
    <facility>
      <name>Jonsson Comprehensive Cancer Center, UCLA</name>
      <address>
        <city>Los Angeles</city>
        <state>California</state>
        <zip>90095-1781</zip>
        <country>United States</country>
      </address>
    </facility>
  </location>
  <location>
    <facility>
      <name>Veterans Affairs Outpatient Clinic - Martinez</name>
      <address>
        <city>Martinez</city>
        <state>California</state>
        <zip>94553</zip>
        <country>United States</country>
      </address>
    </facility>
  </location>
  <location>
    <facility>
      <name>CCOP - Bay Area Tumor Institute</name>
      <address>
        <city>Oakland</city>
        <state>California</state>
        <zip>94609-3305</zip>
        <country>United States</country>
      </address>
    </facility>
  </location>
  <location>
    <facility>
      <name>University of California Davis Medical Center</name>
      <address>
        <city>Sacramento</city>
        <state>California</state>
        <zip>95817</zip>
        <country>United States</country>
      </address>
    </facility>
  </location>
  <location>
    <facility>
      <name>CCOP - Santa Rosa Memorial Hospital</name>
      <address>
        <city>Santa Rosa</city>
        <state>California</state>
        <zip>95403</zip>
        <country>United States</country>
      </address>
    </facility>
  </location>
  <location>
    <facility>
      <name>David Grant Medical Center</name>
      <address>
        <city>Travis Air Force Base</city>
        <state>California</state>
        <zip>94535</zip>
        <country>United States</country>
      </address>
    </facility>
  </location>
  <location>
    <facility>
      <name>Veterans Affairs Medical Center - Denver</name>
      <address>
        <city>Denver</city>
        <state>Colorado</state>
        <zip>80220</zip>
        <country>United States</country>
      </address>
    </facility>
  </location>
  <location>
    <facility>
      <name>University of Colorado Cancer Center</name>
      <address>
        <city>Denver</city>
        <state>Colorado</state>
        <zip>80262</zip>
        <country>United States</country>
      </address>
    </facility>
  </location>
  <location>
    <facility>
      <name>CCOP - Atlanta Regional</name>
      <address>
        <city>Atlanta</city>
        <state>Georgia</state>
        <zip>30342-1701</zip>
        <country>United States</country>
      </address>
    </facility>
  </location>
  <location>
    <facility>
      <name>Dwight David Eisenhower Army Medical Center</name>
      <address>
        <city>Fort Gordon</city>
        <state>Georgia</state>
        <zip>30905-5650</zip>
        <country>United States</country>
      </address>
    </facility>
  </location>
  <location>
    <facility>
      <name>Cancer Research Center of Hawaii</name>
      <address>
        <city>Honolulu</city>
        <state>Hawaii</state>
        <zip>96813</zip>
        <country>United States</country>
      </address>
    </facility>
  </location>
  <location>
    <facility>
      <name>Veterans Affairs Medical Center - Hines (Hines Junior VA Hospital)</name>
      <address>
        <city>Hines</city>
        <state>Illinois</state>
        <zip>60141</zip>
        <country>United States</country>
      </address>
    </facility>
  </location>
  <location>
    <facility>
      <name>Loyola University Medical Center</name>
      <address>
        <city>Maywood</city>
        <state>Illinois</state>
        <zip>60153</zip>
        <country>United States</country>
      </address>
    </facility>
  </location>
  <location>
    <facility>
      <name>CCOP - Central Illinois</name>
      <address>
        <city>Springfield</city>
        <state>Illinois</state>
        <zip>62526</zip>
        <country>United States</country>
      </address>
    </facility>
  </location>
  <location>
    <facility>
      <name>University of Kansas Medical Center</name>
      <address>
        <city>Kansas City</city>
        <state>Kansas</state>
        <zip>66160-7357</zip>
        <country>United States</country>
      </address>
    </facility>
  </location>
  <location>
    <facility>
      <name>CCOP - Wichita</name>
      <address>
        <city>Wichita</city>
        <state>Kansas</state>
        <zip>67214-3882</zip>
        <country>United States</country>
      </address>
    </facility>
  </location>
  <location>
    <facility>
      <name>Veterans Affairs Medical Center - Wichita</name>
      <address>
        <city>Wichita</city>
        <state>Kansas</state>
        <zip>67218</zip>
        <country>United States</country>
      </address>
    </facility>
  </location>
  <location>
    <facility>
      <name>Veterans Affairs Medical Center - Lexington</name>
      <address>
        <city>Lexington</city>
        <state>Kentucky</state>
        <zip>40511-1093</zip>
        <country>United States</country>
      </address>
    </facility>
  </location>
  <location>
    <facility>
      <name>Albert B. Chandler Medical Center, University of Kentucky</name>
      <address>
        <city>Lexington</city>
        <state>Kentucky</state>
        <zip>40536-0084</zip>
        <country>United States</country>
      </address>
    </facility>
  </location>
  <location>
    <facility>
      <name>MBCCOP - LSU Medical Center</name>
      <address>
        <city>New Orleans</city>
        <state>Louisiana</state>
        <zip>70112</zip>
        <country>United States</country>
      </address>
    </facility>
  </location>
  <location>
    <facility>
      <name>Tulane University School of Medicine</name>
      <address>
        <city>New Orleans</city>
        <state>Louisiana</state>
        <zip>70112</zip>
        <country>United States</country>
      </address>
    </facility>
  </location>
  <location>
    <facility>
      <name>Veterans Affairs Medical Center - New Orleans</name>
      <address>
        <city>New Orleans</city>
        <state>Louisiana</state>
        <zip>70112</zip>
        <country>United States</country>
      </address>
    </facility>
  </location>
  <location>
    <facility>
      <name>Louisiana State University Hospital - Shreveport</name>
      <address>
        <city>Shreveport</city>
        <state>Louisiana</state>
        <zip>71130-3932</zip>
        <country>United States</country>
      </address>
    </facility>
  </location>
  <location>
    <facility>
      <name>Veterans Affairs Medical Center - Shreveport</name>
      <address>
        <city>Shreveport</city>
        <state>Louisiana</state>
        <zip>71130</zip>
        <country>United States</country>
      </address>
    </facility>
  </location>
  <location>
    <facility>
      <name>Boston Medical Center</name>
      <address>
        <city>Boston</city>
        <state>Massachusetts</state>
        <zip>02118</zip>
        <country>United States</country>
      </address>
    </facility>
  </location>
  <location>
    <facility>
      <name>Veterans Affairs Medical Center - Boston (Jamaica Plain)</name>
      <address>
        <city>Jamaica Plain</city>
        <state>Massachusetts</state>
        <zip>02130</zip>
        <country>United States</country>
      </address>
    </facility>
  </location>
  <location>
    <facility>
      <name>Veterans Affairs Medical Center - Ann Arbor</name>
      <address>
        <city>Ann Arbor</city>
        <state>Michigan</state>
        <zip>48105</zip>
        <country>United States</country>
      </address>
    </facility>
  </location>
  <location>
    <facility>
      <name>University of Michigan Comprehensive Cancer Center</name>
      <address>
        <city>Ann Arbor</city>
        <state>Michigan</state>
        <zip>48109-0752</zip>
        <country>United States</country>
      </address>
    </facility>
  </location>
  <location>
    <facility>
      <name>Veterans Affairs Medical Center - Detroit</name>
      <address>
        <city>Detroit</city>
        <state>Michigan</state>
        <zip>48201-1932</zip>
        <country>United States</country>
      </address>
    </facility>
  </location>
  <location>
    <facility>
      <name>Barbara Ann Karmanos Cancer Institute</name>
      <address>
        <city>Detroit</city>
        <state>Michigan</state>
        <zip>48201</zip>
        <country>United States</country>
      </address>
    </facility>
  </location>
  <location>
    <facility>
      <name>Henry Ford Hospital</name>
      <address>
        <city>Detroit</city>
        <state>Michigan</state>
        <zip>48202</zip>
        <country>United States</country>
      </address>
    </facility>
  </location>
  <location>
    <facility>
      <name>CCOP - Grand Rapids Clinical Oncology Program</name>
      <address>
        <city>Grand Rapids</city>
        <state>Michigan</state>
        <zip>49503</zip>
        <country>United States</country>
      </address>
    </facility>
  </location>
  <location>
    <facility>
      <name>Providence Hospital - Southfield</name>
      <address>
        <city>Southfield</city>
        <state>Michigan</state>
        <zip>48075-9975</zip>
        <country>United States</country>
      </address>
    </facility>
  </location>
  <location>
    <facility>
      <name>Veterans Affairs Medical Center - Biloxi</name>
      <address>
        <city>Biloxi</city>
        <state>Mississippi</state>
        <zip>39531-2410</zip>
        <country>United States</country>
      </address>
    </facility>
  </location>
  <location>
    <facility>
      <name>University of Mississippi Medical Center</name>
      <address>
        <city>Jackson</city>
        <state>Mississippi</state>
        <zip>39216-4505</zip>
        <country>United States</country>
      </address>
    </facility>
  </location>
  <location>
    <facility>
      <name>Veterans Affairs Medical Center - Jackson</name>
      <address>
        <city>Jackson</city>
        <state>Mississippi</state>
        <zip>39216</zip>
        <country>United States</country>
      </address>
    </facility>
  </location>
  <location>
    <facility>
      <name>Keesler Medical Center - Keesler AFB</name>
      <address>
        <city>Keesler AFB</city>
        <state>Mississippi</state>
        <zip>39534-2576</zip>
        <country>United States</country>
      </address>
    </facility>
  </location>
  <location>
    <facility>
      <name>Veterans Affairs Medical Center - Kansas City</name>
      <address>
        <city>Kansas City</city>
        <state>Missouri</state>
        <zip>64128</zip>
        <country>United States</country>
      </address>
    </facility>
  </location>
  <location>
    <facility>
      <name>CCOP - Kansas City</name>
      <address>
        <city>Kansas City</city>
        <state>Missouri</state>
        <zip>64131</zip>
        <country>United States</country>
      </address>
    </facility>
  </location>
  <location>
    <facility>
      <name>St. Louis University Health Sciences Center</name>
      <address>
        <city>Saint Louis</city>
        <state>Missouri</state>
        <zip>63110-0250</zip>
        <country>United States</country>
      </address>
    </facility>
  </location>
  <location>
    <facility>
      <name>CCOP - St. Louis-Cape Girardeau</name>
      <address>
        <city>Saint Louis</city>
        <state>Missouri</state>
        <zip>63141</zip>
        <country>United States</country>
      </address>
    </facility>
  </location>
  <location>
    <facility>
      <name>CCOP - Cancer Research for the Ozarks</name>
      <address>
        <city>Springfield</city>
        <state>Missouri</state>
        <zip>65807</zip>
        <country>United States</country>
      </address>
    </facility>
  </location>
  <location>
    <facility>
      <name>CCOP - Montana Cancer Consortium</name>
      <address>
        <city>Billings</city>
        <state>Montana</state>
        <zip>59101</zip>
        <country>United States</country>
      </address>
    </facility>
  </location>
  <location>
    <facility>
      <name>Veterans Affairs Medical Center - Albuquerque</name>
      <address>
        <city>Albuquerque</city>
        <state>New Mexico</state>
        <zip>87108-5138</zip>
        <country>United States</country>
      </address>
    </facility>
  </location>
  <location>
    <facility>
      <name>University of New Mexico Cancer Research &amp; Treatment Center</name>
      <address>
        <city>Albuquerque</city>
        <state>New Mexico</state>
        <zip>87131</zip>
        <country>United States</country>
      </address>
    </facility>
  </location>
  <location>
    <facility>
      <name>Veterans Affairs Medical Center - Brooklyn</name>
      <address>
        <city>Brooklyn</city>
        <state>New York</state>
        <zip>11209</zip>
        <country>United States</country>
      </address>
    </facility>
  </location>
  <location>
    <facility>
      <name>Herbert Irving Comprehensive Cancer Center</name>
      <address>
        <city>New York</city>
        <state>New York</state>
        <zip>10032</zip>
        <country>United States</country>
      </address>
    </facility>
  </location>
  <location>
    <facility>
      <name>Barrett Cancer Center, The University Hospital</name>
      <address>
        <city>Cincinnati</city>
        <state>Ohio</state>
        <zip>45219</zip>
        <country>United States</country>
      </address>
    </facility>
  </location>
  <location>
    <facility>
      <name>Veterans Affairs Medical Center - Cincinnati</name>
      <address>
        <city>Cincinnati</city>
        <state>Ohio</state>
        <zip>45220-2288</zip>
        <country>United States</country>
      </address>
    </facility>
  </location>
  <location>
    <facility>
      <name>Cleveland Clinic Cancer Center</name>
      <address>
        <city>Cleveland</city>
        <state>Ohio</state>
        <zip>44195</zip>
        <country>United States</country>
      </address>
    </facility>
  </location>
  <location>
    <facility>
      <name>CCOP - Columbus</name>
      <address>
        <city>Columbus</city>
        <state>Ohio</state>
        <zip>43206</zip>
        <country>United States</country>
      </address>
    </facility>
  </location>
  <location>
    <facility>
      <name>Veterans Affairs Medical Center - Dayton</name>
      <address>
        <city>Dayton</city>
        <state>Ohio</state>
        <zip>45428</zip>
        <country>United States</country>
      </address>
    </facility>
  </location>
  <location>
    <facility>
      <name>CCOP - Dayton</name>
      <address>
        <city>Kettering</city>
        <state>Ohio</state>
        <zip>45429</zip>
        <country>United States</country>
      </address>
    </facility>
  </location>
  <location>
    <facility>
      <name>Oklahoma Medical Research Foundation</name>
      <address>
        <city>Oklahoma City</city>
        <state>Oklahoma</state>
        <zip>73104</zip>
        <country>United States</country>
      </address>
    </facility>
  </location>
  <location>
    <facility>
      <name>Veterans Affairs Medical Center - Oklahoma City</name>
      <address>
        <city>Oklahoma City</city>
        <state>Oklahoma</state>
        <zip>73104</zip>
        <country>United States</country>
      </address>
    </facility>
  </location>
  <location>
    <facility>
      <name>Oregon Cancer Center at Oregon Health Sciences University</name>
      <address>
        <city>Portland</city>
        <state>Oregon</state>
        <zip>97201-3098</zip>
        <country>United States</country>
      </address>
    </facility>
  </location>
  <location>
    <facility>
      <name>Veterans Affairs Medical Center - Portland</name>
      <address>
        <city>Portland</city>
        <state>Oregon</state>
        <zip>97207</zip>
        <country>United States</country>
      </address>
    </facility>
  </location>
  <location>
    <facility>
      <name>CCOP - Columbia River Program</name>
      <address>
        <city>Portland</city>
        <state>Oregon</state>
        <zip>97213</zip>
        <country>United States</country>
      </address>
    </facility>
  </location>
  <location>
    <facility>
      <name>CCOP - Greenville</name>
      <address>
        <city>Greenville</city>
        <state>South Carolina</state>
        <zip>29615</zip>
        <country>United States</country>
      </address>
    </facility>
  </location>
  <location>
    <facility>
      <name>CCOP - Upstate Carolina</name>
      <address>
        <city>Spartanburg</city>
        <state>South Carolina</state>
        <zip>29303</zip>
        <country>United States</country>
      </address>
    </facility>
  </location>
  <location>
    <facility>
      <name>Brooke Army Medical Center</name>
      <address>
        <city>Fort Sam Houston</city>
        <state>Texas</state>
        <zip>78234</zip>
        <country>United States</country>
      </address>
    </facility>
  </location>
  <location>
    <facility>
      <name>University of Texas Medical Branch</name>
      <address>
        <city>Galveston</city>
        <state>Texas</state>
        <zip>77555-1329</zip>
        <country>United States</country>
      </address>
    </facility>
  </location>
  <location>
    <facility>
      <name>Texas Tech University Health Science Center</name>
      <address>
        <city>Lubbock</city>
        <state>Texas</state>
        <zip>79423</zip>
        <country>United States</country>
      </address>
    </facility>
  </location>
  <location>
    <facility>
      <name>University of Texas Health Science Center at San Antonio</name>
      <address>
        <city>San Antonio</city>
        <state>Texas</state>
        <zip>78284</zip>
        <country>United States</country>
      </address>
    </facility>
  </location>
  <location>
    <facility>
      <name>Veterans Affairs Medical Center - San Antonio (Murphy)</name>
      <address>
        <city>San Antonio</city>
        <state>Texas</state>
        <zip>78284</zip>
        <country>United States</country>
      </address>
    </facility>
  </location>
  <location>
    <facility>
      <name>Veterans Affairs Medical Center - Temple</name>
      <address>
        <city>Temple</city>
        <state>Texas</state>
        <zip>76504</zip>
        <country>United States</country>
      </address>
    </facility>
  </location>
  <location>
    <facility>
      <name>CCOP - Scott and White Hospital</name>
      <address>
        <city>Temple</city>
        <state>Texas</state>
        <zip>76508</zip>
        <country>United States</country>
      </address>
    </facility>
  </location>
  <location>
    <facility>
      <name>Huntsman Cancer Institute</name>
      <address>
        <city>Salt Lake City</city>
        <state>Utah</state>
        <zip>84132</zip>
        <country>United States</country>
      </address>
    </facility>
  </location>
  <location>
    <facility>
      <name>Veterans Affairs Medical Center - Salt Lake City</name>
      <address>
        <city>Salt Lake City</city>
        <state>Utah</state>
        <zip>84148</zip>
        <country>United States</country>
      </address>
    </facility>
  </location>
  <location>
    <facility>
      <name>CCOP - Virginia Mason Research Center</name>
      <address>
        <city>Seattle</city>
        <state>Washington</state>
        <zip>98101</zip>
        <country>United States</country>
      </address>
    </facility>
  </location>
  <location>
    <facility>
      <name>Swedish Cancer Institute</name>
      <address>
        <city>Seattle</city>
        <state>Washington</state>
        <zip>98104</zip>
        <country>United States</country>
      </address>
    </facility>
  </location>
  <location>
    <facility>
      <name>Veterans Affairs Medical Center - Seattle</name>
      <address>
        <city>Seattle</city>
        <state>Washington</state>
        <zip>98108</zip>
        <country>United States</country>
      </address>
    </facility>
  </location>
  <location>
    <facility>
      <name>CCOP - Northwest</name>
      <address>
        <city>Tacoma</city>
        <state>Washington</state>
        <zip>98405-0986</zip>
        <country>United States</country>
      </address>
    </facility>
  </location>
  <location_countries>
    <country>United States</country>
  </location_countries>
  <results_reference>
    <citation>Pullarkat V, Slovak ML, Kopecky KJ, Forman SJ, Appelbaum FR. Impact of cytogenetics on the outcome of adult acute lymphoblastic leukemia: results of Southwest Oncology Group 9400 study. Blood. 2008 Mar 1;111(5):2563-72. Epub 2007 Dec 21.</citation>
    <PMID>18156492</PMID>
  </results_reference>
  <results_reference>
    <citation>Sala-Torra O, Gundacker HM, Stirewalt DL, Ladne PA, Pogosova-Agadjanyan EL, Slovak ML, Willman CL, Heimfeld S, Boldt DH, Radich JP. Connective tissue growth factor (CTGF) expression and outcome in adult patients with acute lymphoblastic leukemia. Blood. 2007 Apr 1;109(7):3080-3.</citation>
    <PMID>17170128</PMID>
  </results_reference>
  <results_reference>
    <citation>Sala-Torra O, Gundacker HM, Stirewalt DL, et al.: CTGF (CCN2) predicts OS and DFS in adult acute lymphoblastic leukemia. [Abstract] Blood 106 (11): A-336, 2005.</citation>
  </results_reference>
  <results_reference>
    <citation>Slovak ML, Kopecky KJ, Gundacker H, et al.: Clinical significance of cytogenetic abnormalities in adult acute lymphoblastic leukemia (ALL): a Southwest Oncology Group (SWOG) study (S9400). [Abstract] Blood 102 (11 Pt 1): A-2223, 2003.</citation>
  </results_reference>
  <results_reference>
    <citation>Boldt DH, Gundacker HM, Lee DY, et al.: Analysis of multidrug resistance gene-1 (MDR1) expression and function in adult acute lymphoblastic leukemia (ALL). A Southwest Oncology Group (SWOG) study. [Abstract] Blood 100 (11 Pt 1): A-2991, 2002.</citation>
  </results_reference>
  <results_reference>
    <citation>Gazitt Y, Lee D, Wang ME, et al.: Functional MDR1 expression in adult acute lymphoblastic leukemia (ALL). Blood 92 (10 Suppl 1): A-2788, 676a, 1998.</citation>
  </results_reference>
  <verification_date>March 2015</verification_date>
  <study_first_submitted>November 1, 1999</study_first_submitted>
  <study_first_submitted_qc>July 28, 2004</study_first_submitted_qc>
  <study_first_posted type="Estimate">July 29, 2004</study_first_posted>
  <last_update_submitted>March 5, 2015</last_update_submitted>
  <last_update_submitted_qc>March 5, 2015</last_update_submitted_qc>
  <last_update_posted type="Estimate">March 6, 2015</last_update_posted>
  <responsible_party>
    <responsible_party_type>Sponsor</responsible_party_type>
  </responsible_party>
  <keyword>untreated adult acute lymphoblastic leukemia</keyword>
  <keyword>L1 adult acute lymphoblastic leukemia</keyword>
  <keyword>L2 adult acute lymphoblastic leukemia</keyword>
  <keyword>L3 adult acute lymphoblastic leukemia</keyword>
  <keyword>neutropenia</keyword>
  <keyword>thrombocytopenia</keyword>
  <condition_browse>
    <!-- CAUTION:  The following MeSH terms are assigned with an imperfect algorithm            -->
    <mesh_term>Leukemia</mesh_term>
    <mesh_term>Precursor Cell Lymphoblastic Leukemia-Lymphoma</mesh_term>
    <mesh_term>Thrombocytopenia</mesh_term>
    <mesh_term>Neutropenia</mesh_term>
  </condition_browse>
  <intervention_browse>
    <!-- CAUTION:  The following MeSH terms are assigned with an imperfect algorithm            -->
    <mesh_term>Leucovorin</mesh_term>
    <mesh_term>Cytarabine</mesh_term>
    <mesh_term>Dexamethasone</mesh_term>
    <mesh_term>Prednisone</mesh_term>
    <mesh_term>Cyclophosphamide</mesh_term>
    <mesh_term>Doxorubicin</mesh_term>
    <mesh_term>Liposomal doxorubicin</mesh_term>
    <mesh_term>Methotrexate</mesh_term>
    <mesh_term>Etoposide</mesh_term>
    <mesh_term>Vincristine</mesh_term>
    <mesh_term>Daunorubicin</mesh_term>
    <mesh_term>Asparaginase</mesh_term>
    <mesh_term>Mercaptopurine</mesh_term>
    <mesh_term>Thioguanine</mesh_term>
    <mesh_term>Levoleucovorin</mesh_term>
  </intervention_browse>
  <!-- Results have not yet been posted for this study                                          -->
</clinical_study>

