<clinical_study>
  <!-- This xml conforms to an XML Schema at:
    https://clinicaltrials.gov/ct2/html/images/info/public.xsd -->
  <required_header>
    <download_date>ClinicalTrials.gov processed this data on July 31, 2020</download_date>
    <link_text>Link to the current ClinicalTrials.gov record.</link_text>
    <url>https://clinicaltrials.gov/show/NCT00001455</url>
  </required_header>
  <id_info>
    <org_study_id>950142</org_study_id>
    <secondary_id>95-CH-0142</secondary_id>
    <nct_id>NCT00001455</nct_id>
  </id_info>
  <brief_title>Iron Overload in African Americans</brief_title>
  <official_title>Iron Overload in African Americans</official_title>
  <sponsors>
    <lead_sponsor>
      <agency>Eunice Kennedy Shriver National Institute of Child Health and Human Development (NICHD)</agency>
      <agency_class>NIH</agency_class>
    </lead_sponsor>
  </sponsors>
  <source>National Institutes of Health Clinical Center (CC)</source>
  <brief_summary>
    <textblock>
      Iron overload (hemochromatosis) is a condition which causes the intestines to take too much
      iron into the body from food or pills. The extra iron can build up in the liver, heart,
      joints, pancreas, sex organs, and other organs. Patients with iron overload can feel well
      initially, but the iron will eventually damage organs and may lead to an early death. The
      condition is believed to be passed down from generation to generation. Many studies have been
      conducted on the condition as it affects Caucasian Americans, few have addressed the
      condition in African Americans.

      Researchers believe it is important to find out as much as possible about the iron overload
      in African Americans. The goal of this study is to determine the pattern of inheritance of
      primary iron overload in African American families and to identify the genetic defect causing
      the condition.

      The study will use various tests from simple blood testing (transferritin saturation and
      serum ferritin levels) to complex genetic tests (segregation analysis and polymerase chain
      reaction [PCR]). The tests will help researchers deterimine iron levels in the blood,
      presence of antigens that may help trace inheritance, and detect changes in genes that are
      known to cause iron overload in Caucasians.

      The study may not directly benefit the patients participating in it. However, this study may
      lead to improved methods to diagnose iron overload in the African American population as a
      whole.
    </textblock>
  </brief_summary>
  <detailed_description>
    <textblock>
      The purpose of this project is to determine the pattern of inheritance of primary iron
      overload in African American families and to identify the genetic defect. The iron status of
      index subjects and family members will be determined by measuring transferrin saturation and
      serum ferritin, and the genetic pattern will be studied with segregation analysis. The
      chromosomal localization of the iron-loading locus will be pursued by determining HLA
      haplotypes, by testing for HFE gene mutations, by sequencing portions of genes for molecules
      involved in iron metabolism, by analyzing polymorphisms in these genes by PCR, by employing
      molecular methods to screen the genome, and by testing for linkage to iron phenotype with lod
      scores. Loci for proteins important in iron metabolism will be examined as candidate genes.
    </textblock>
  </detailed_description>
  <overall_status>Completed</overall_status>
  <start_date>June 1995</start_date>
  <completion_date>June 2000</completion_date>
  <study_type>Observational</study_type>
  <has_expanded_access>No</has_expanded_access>
  <enrollment>500</enrollment>
  <condition>Hemochromatosis</condition>
  <condition>Iron Overload</condition>
  <eligibility>
    <criteria>
      <textblock>
        Index subjects as well as male and female first and second degree family members, greater
        than 5 years of age, of index subjects with iron overload.

        In some cases, more distant family members will also be studied.

        No patients less than or equal to 5 years old.
      </textblock>
    </criteria>
    <gender>All</gender>
    <minimum_age>N/A</minimum_age>
    <maximum_age>N/A</maximum_age>
    <healthy_volunteers>No</healthy_volunteers>
  </eligibility>
  <location>
    <facility>
      <name>National Institute of Child Health and Human Development (NICHD)</name>
      <address>
        <city>Bethesda</city>
        <state>Maryland</state>
        <zip>20892</zip>
        <country>United States</country>
      </address>
    </facility>
  </location>
  <location_countries>
    <country>United States</country>
  </location_countries>
  <reference>
    <citation>Bassett ML, Halliday JW, Powell LW. Value of hepatic iron measurements in early hemochromatosis and determination of the critical iron level associated with fibrosis. Hepatology. 1986 Jan-Feb;6(1):24-9.</citation>
    <PMID>3943787</PMID>
  </reference>
  <reference>
    <citation>Beutler E. The significance of the 187G (H63D) mutation in hemochromatosis. Am J Hum Genet. 1997 Sep;61(3):762-4.</citation>
    <PMID>9326341</PMID>
  </reference>
  <reference>
    <citation>Brink B, Disler P, Lynch S, Jacobs P, Charlton R, Bothwell T. Patterns of iron storage in dietary iron overload and idiopathic hemochromatosis. J Lab Clin Med. 1976 Nov;88(5):725-31.</citation>
    <PMID>978039</PMID>
  </reference>
  <verification_date>June 1999</verification_date>
  <study_first_submitted>November 3, 1999</study_first_submitted>
  <study_first_submitted_qc>December 9, 2002</study_first_submitted_qc>
  <study_first_posted type="Estimate">December 10, 2002</study_first_posted>
  <last_update_submitted>March 3, 2008</last_update_submitted>
  <last_update_submitted_qc>March 3, 2008</last_update_submitted_qc>
  <last_update_posted type="Estimate">March 4, 2008</last_update_posted>
  <keyword>Genetics</keyword>
  <keyword>Hemochromatosis</keyword>
  <keyword>Iron Metabolism</keyword>
  <keyword>Iron Storage Disorder</keyword>
  <keyword>Pedigree</keyword>
  <keyword>Iron Overload</keyword>
  <condition_browse>
    <!-- CAUTION:  The following MeSH terms are assigned with an imperfect algorithm            -->
    <mesh_term>Hemochromatosis</mesh_term>
    <mesh_term>Iron Overload</mesh_term>
  </condition_browse>
  <!-- Results have not yet been posted for this study                                          -->
</clinical_study>

