<clinical_study>
  <!-- This xml conforms to an XML Schema at:
    https://clinicaltrials.gov/ct2/html/images/info/public.xsd -->
  <required_header>
    <download_date>ClinicalTrials.gov processed this data on July 31, 2020</download_date>
    <link_text>Link to the current ClinicalTrials.gov record.</link_text>
    <url>https://clinicaltrials.gov/show/NCT00002920</url>
  </required_header>
  <id_info>
    <org_study_id>CDR0000065314</org_study_id>
    <secondary_id>CALGB-49901</secondary_id>
    <secondary_id>S9630</secondary_id>
    <secondary_id>U10CA037429</secondary_id>
    <secondary_id>U10CA032102</secondary_id>
    <nct_id>NCT00002920</nct_id>
  </id_info>
  <brief_title>S9630, Medroxyprogesterone in Treating Women With Breast Cancer</brief_title>
  <official_title>A Randomized Comparison Of Medroxyprogesterone Acetate (MA) And Observation For Prevention Of Endometrial Pathology In Postmenopausal Breast Cancer Patients Treated With Tamoxifen, Phase III</official_title>
  <sponsors>
    <lead_sponsor>
      <agency>Southwest Oncology Group</agency>
      <agency_class>Other</agency_class>
    </lead_sponsor>
    <collaborator>
      <agency>National Cancer Institute (NCI)</agency>
      <agency_class>NIH</agency_class>
    </collaborator>
    <collaborator>
      <agency>Cancer and Leukemia Group B</agency>
      <agency_class>Other</agency_class>
    </collaborator>
  </sponsors>
  <source>Southwest Oncology Group</source>
  <oversight_info>
    <has_dmc>Yes</has_dmc>
  </oversight_info>
  <brief_summary>
    <textblock>
      RATIONALE: It is not yet known whether medroxyprogesterone is effective in preventing
      endometrial disorder in patients with breast cancer who are taking tamoxifen.

      PURPOSE: Randomized phase III trial to study the effectiveness of medroxyprogesterone in
      preventing endometrial disorder in postmenopausal women who have ductal carcinoma in situ,
      lobular carcinoma in situ, Paget's disease of the nipple, stage I breast cancer, or stage II
      breast cancer and who are taking tamoxifen.
    </textblock>
  </brief_summary>
  <detailed_description>
    <textblock>
      OBJECTIVES:

        -  Compare endometrial pathologic diagnoses (proliferative changes, simple or cystic
           hyperplasia, complex adenomatous hyperplasia, hyperplasia with atypia, and carcinoma) in
           postmenopausal women with breast carcinoma treated with adjuvant tamoxifen who are
           randomly assigned to medroxyprogesterone acetate (MA) vs observation.

        -  Compare endometrial pathologic diagnoses (persistent endometrial hyperplasia, atypia, or
           carcinoma) resulting in tamoxifen discontinuation and intermittent bleeding in patients
           treated with these regimens.

        -  Characterize the incidence of spontaneous regression and progression of simple or cystic
           hyperplasia in these patients.

        -  Characterize endometrial biopsy results using different endometrial stripe width cut-off
           points, for cases in which the width is at least 5 mm by endovaginal ultrasound in
           patients receiving tamoxifen.

        -  Compare changes over time in endometrial oncogene expression (e.g., c-fos, c-jun, p53,
           IGF1) and receptor status in patients receiving tamoxifen with or without prior
           chemotherapy who are randomly assigned to MA vs observation.

        -  Describe the associations among change in gene expression, receptor status, endometrial
           abnormality, length of tamoxifen exposure, and prior chemotherapy in these patients.

      OUTLINE: This is a randomized, multicenter study. Patients are stratified according to
      adjuvant chemotherapy (yes vs no), number of positive nodes (0-3 vs at least 4), and
      endovaginal sonogram endometrial stripe (less than 5 mm vs at least 5 mm). Patients are
      randomized to 1 of 2 arms.

      All patients receive adjuvant oral tamoxifen daily for five years.

        -  Arm I: Patients undergo observation.

        -  Arm II: Patients receive oral medroxyprogesterone acetate on days 1-14. Treatment
           repeats every 3 months for 5 years.

      Patients are followed every 6 months for 2 years and then annually thereafter.

      PROJECTED ACCRUAL: A total of 330 patients (165 per arm) will be accrued for this study.
    </textblock>
  </detailed_description>
  <overall_status>Completed</overall_status>
  <start_date>March 1997</start_date>
  <completion_date type="Actual">December 2009</completion_date>
  <primary_completion_date type="Actual">December 2006</primary_completion_date>
  <phase>Phase 3</phase>
  <study_type>Interventional</study_type>
  <has_expanded_access>No</has_expanded_access>
  <study_design_info>
    <allocation>Randomized</allocation>
    <intervention_model>Parallel Assignment</intervention_model>
    <primary_purpose>Prevention</primary_purpose>
    <masking>None (Open Label)</masking>
  </study_design_info>
  <primary_outcome>
    <measure>Endometrial pathologic diagnosis</measure>
    <time_frame>2 years after registration</time_frame>
    <description>Endometrial pathologic diagnosis at 2 years after registration</description>
  </primary_outcome>
  <secondary_outcome>
    <measure>Endometrial pathologic diagnosis</measure>
    <time_frame>5 years after registration</time_frame>
    <description>Endometrial pathologic diagnosis at 5 years after registration</description>
  </secondary_outcome>
  <number_of_arms>2</number_of_arms>
  <enrollment type="Actual">313</enrollment>
  <condition>Breast Cancer</condition>
  <condition>Endometrial Cancer</condition>
  <arm_group>
    <arm_group_label>Tamoxifen alone</arm_group_label>
    <arm_group_type>Active Comparator</arm_group_type>
    <description>Tamoxifen alone x 5 years</description>
  </arm_group>
  <arm_group>
    <arm_group_label>Tamoxifen plus MPA</arm_group_label>
    <arm_group_type>Experimental</arm_group_type>
    <description>Tamoxifen Plus Medroxyprogesterone Acetate (MPA) x 5 years</description>
  </arm_group>
  <intervention>
    <intervention_type>Drug</intervention_type>
    <intervention_name>medroxyprogesterone</intervention_name>
    <arm_group_label>Tamoxifen plus MPA</arm_group_label>
  </intervention>
  <intervention>
    <intervention_type>Drug</intervention_type>
    <intervention_name>tamoxifen citrate</intervention_name>
    <arm_group_label>Tamoxifen alone</arm_group_label>
    <arm_group_label>Tamoxifen plus MPA</arm_group_label>
  </intervention>
  <intervention>
    <intervention_type>Procedure</intervention_type>
    <intervention_name>adjuvant therapy</intervention_name>
    <arm_group_label>Tamoxifen alone</arm_group_label>
    <arm_group_label>Tamoxifen plus MPA</arm_group_label>
  </intervention>
  <eligibility>
    <criteria>
      <textblock>
        DISEASE CHARACTERISTICS:

          -  One of the following histologically proven diagnoses:

               -  Primary invasive adenocarcinoma of the unilateral or bilateral breast

                    -  Stage I, IIA, or IIB (T1-3, N0-1, M0)

                    -  No recurrent invasive breast cancer

               -  Ductal carcinoma in situ (DCIS)

               -  Lobular carcinoma in situ (LCIS) with microinvasion

               -  Paget's disease of the nipple

          -  No sarcoma, lymphoma, or apocrine, adenocystic, or squamous cell cancer of the breast

          -  Currently free of breast cancer (no evidence of disease)

               -  No evidence of distant disease on chest x-ray or chest CT scan and mammogram of
                  the opposite breast within the past year

          -  Prior definitive local treatment of primary lesion (mastectomy or breast-sparing
             procedure with radiotherapy) and either axillary node or sentinel node biopsy

               -  Surgical margins clear of both infiltrating carcinoma (any type) and DCIS

                    -  No gross or microscopically positive margins except:

                         -  Invasive cancer or DCIS at the focal margin treated with definitive
                            radiotherapy

                         -  Gross or LCIS at the final margin

               -  Biopsy requirement waived for DCIS or LCIS with minimal microinvasion

          -  Patients with breast-sparing procedure must have received or be planning to receive
             radiotherapy at start of tamoxifen treatment

          -  No endometrial simple or cystic hyperplasia, proliferative changes, complex
             (adenomatous) or atypical hyperplasia, or carcinoma

          -  Patients must be planning one of the following:

               -  Starting adjuvant tamoxifen for five years OR

               -  Started tamoxifen within 28 days prior to study and planning to receive adjuvant
                  tamoxifen for five years

          -  Hormone receptor status:

               -  Candidate for adjuvant tamoxifen therapy

        PATIENT CHARACTERISTICS:

        Age:

          -  Adult

        Sex:

          -  Female

        Menopausal status:

          -  Postmenopausal defined as:

               -  At least 1 year since last menstrual period

               -  At least 2 months since bilateral oophorectomy prior to breast cancer diagnosis

               -  4-12 months since last menstrual period and FSH elevated to postmenopausal range

               -  Postmenopausal estrogen therapy and 55 years of age or older

        Performance status:

          -  Not specified

        Life expectancy:

          -  Not specified

        Hematopoietic:

          -  Not specified

        Hepatic:

          -  Not specified

        Renal:

          -  Not specified

        Other:

          -  Fertile patients must use effective contraception during and for at least 2 months
             after study

          -  No other malignancy within the past 5 years except adequately treated basal cell or
             squamous cell skin cancer, carcinoma in situ of the cervix, or stage I or II cancer
             currently in complete remission

          -  No concurrent nonmalignant-related illness that would preclude study

        PRIOR CONCURRENT THERAPY:

        Biologic therapy:

          -  Not specified

        Chemotherapy:

          -  Adjuvant chemotherapy allowed

          -  No concurrent chemotherapy

        Endocrine therapy:

          -  See Disease Characteristics

          -  No prior hormonal treatment for breast cancer (except tamoxifen)

          -  No concurrent postmenopausal estrogen therapy

        Radiotherapy:

          -  See Disease Characteristics

        Surgery:

          -  See Disease Characteristics

          -  No prior or concurrent hysterectomy

        Other:

          -  No prior or current participation in an adjuvant intergroup trial
      </textblock>
    </criteria>
    <gender>Female</gender>
    <minimum_age>18 Years</minimum_age>
    <maximum_age>N/A</maximum_age>
    <healthy_volunteers>No</healthy_volunteers>
  </eligibility>
  <overall_official>
    <last_name>Ronald K. Potkul, MD</last_name>
    <role>Study Chair</role>
    <affiliation>Loyola University</affiliation>
  </overall_official>
  <overall_official>
    <last_name>Barbara L. Smith, MD, PhD</last_name>
    <role>Study Chair</role>
    <affiliation>Massachusetts General Hospital</affiliation>
  </overall_official>
  <location>
    <facility>
      <name>MBCCOP - Gulf Coast</name>
      <address>
        <city>Mobile</city>
        <state>Alabama</state>
        <zip>36607</zip>
        <country>United States</country>
      </address>
    </facility>
  </location>
  <location>
    <facility>
      <name>Providence Alaska Medical Center</name>
      <address>
        <city>Anchorage</city>
        <state>Alaska</state>
        <zip>99519-6604</zip>
        <country>United States</country>
      </address>
    </facility>
  </location>
  <location>
    <facility>
      <name>CCOP - Western Regional, Arizona</name>
      <address>
        <city>Phoenix</city>
        <state>Arizona</state>
        <zip>85006-2726</zip>
        <country>United States</country>
      </address>
    </facility>
  </location>
  <location>
    <facility>
      <name>Veterans Affairs Medical Center - Phoenix (Carl T. Hayden)</name>
      <address>
        <city>Phoenix</city>
        <state>Arizona</state>
        <zip>85012</zip>
        <country>United States</country>
      </address>
    </facility>
  </location>
  <location>
    <facility>
      <name>Veterans Affairs Medical Center - Tucson</name>
      <address>
        <city>Tucson</city>
        <state>Arizona</state>
        <zip>85723</zip>
        <country>United States</country>
      </address>
    </facility>
  </location>
  <location>
    <facility>
      <name>Arizona Cancer Center at University of Arizona Health Sciences Center</name>
      <address>
        <city>Tucson</city>
        <state>Arizona</state>
        <zip>85724</zip>
        <country>United States</country>
      </address>
    </facility>
  </location>
  <location>
    <facility>
      <name>Arkansas Cancer Research Center at University of Arkansas for Medical Sciences</name>
      <address>
        <city>Little Rock</city>
        <state>Arkansas</state>
        <zip>72205</zip>
        <country>United States</country>
      </address>
    </facility>
  </location>
  <location>
    <facility>
      <name>Veterans Affairs Medical Center - Little Rock</name>
      <address>
        <city>Little Rock</city>
        <state>Arkansas</state>
        <zip>72205</zip>
        <country>United States</country>
      </address>
    </facility>
  </location>
  <location>
    <facility>
      <name>City of Hope Comprehensive Cancer Center</name>
      <address>
        <city>Duarte</city>
        <state>California</state>
        <zip>91010-3000</zip>
        <country>United States</country>
      </address>
    </facility>
  </location>
  <location>
    <facility>
      <name>Rebecca and John Moores UCSD Cancer Center</name>
      <address>
        <city>La Jolla</city>
        <state>California</state>
        <zip>92093-0658</zip>
        <country>United States</country>
      </address>
    </facility>
  </location>
  <location>
    <facility>
      <name>Veterans Affairs Medical Center - Loma Linda (Pettis)</name>
      <address>
        <city>Loma Linda</city>
        <state>California</state>
        <zip>92357</zip>
        <country>United States</country>
      </address>
    </facility>
  </location>
  <location>
    <facility>
      <name>USC/Norris Comprehensive Cancer Center and Hospital</name>
      <address>
        <city>Los Angeles</city>
        <state>California</state>
        <zip>90033</zip>
        <country>United States</country>
      </address>
    </facility>
  </location>
  <location>
    <facility>
      <name>Jonsson Comprehensive Cancer Center, UCLA</name>
      <address>
        <city>Los Angeles</city>
        <state>California</state>
        <zip>90095-1781</zip>
        <country>United States</country>
      </address>
    </facility>
  </location>
  <location>
    <facility>
      <name>Veterans Affairs Outpatient Clinic - Martinez</name>
      <address>
        <city>Martinez</city>
        <state>California</state>
        <zip>94553</zip>
        <country>United States</country>
      </address>
    </facility>
  </location>
  <location>
    <facility>
      <name>CCOP - Bay Area Tumor Institute</name>
      <address>
        <city>Oakland</city>
        <state>California</state>
        <zip>94609-3305</zip>
        <country>United States</country>
      </address>
    </facility>
  </location>
  <location>
    <facility>
      <name>Chao Family Comprehensive Cancer Center at University of California Irvine Cancer Center</name>
      <address>
        <city>Orange</city>
        <state>California</state>
        <zip>92868</zip>
        <country>United States</country>
      </address>
    </facility>
  </location>
  <location>
    <facility>
      <name>University of California Davis Cancer Center</name>
      <address>
        <city>Sacramento</city>
        <state>California</state>
        <zip>95817</zip>
        <country>United States</country>
      </address>
    </facility>
  </location>
  <location>
    <facility>
      <name>Naval Medical Center - San Diego</name>
      <address>
        <city>San Diego</city>
        <state>California</state>
        <zip>92134-3202</zip>
        <country>United States</country>
      </address>
    </facility>
  </location>
  <location>
    <facility>
      <name>CCOP - Santa Rosa Memorial Hospital</name>
      <address>
        <city>Santa Rosa</city>
        <state>California</state>
        <zip>95403</zip>
        <country>United States</country>
      </address>
    </facility>
  </location>
  <location>
    <facility>
      <name>University of Colorado Cancer Center at University of Colorado Health Sciences Center</name>
      <address>
        <city>Aurora</city>
        <state>Colorado</state>
        <zip>80010</zip>
        <country>United States</country>
      </address>
    </facility>
  </location>
  <location>
    <facility>
      <name>Veterans Affairs Medical Center - Denver</name>
      <address>
        <city>Denver</city>
        <state>Colorado</state>
        <zip>80220</zip>
        <country>United States</country>
      </address>
    </facility>
  </location>
  <location>
    <facility>
      <name>CCOP - Christiana Care Health Services</name>
      <address>
        <city>Newark</city>
        <state>Delaware</state>
        <zip>19713</zip>
        <country>United States</country>
      </address>
    </facility>
  </location>
  <location>
    <facility>
      <name>Lombardi Cancer Center at Georgetown University Medical Center</name>
      <address>
        <city>Washington</city>
        <state>District of Columbia</state>
        <zip>20007</zip>
        <country>United States</country>
      </address>
    </facility>
  </location>
  <location>
    <facility>
      <name>MBCCOP - Howard University Cancer Center</name>
      <address>
        <city>Washington</city>
        <state>District of Columbia</state>
        <zip>20060</zip>
        <country>United States</country>
      </address>
    </facility>
  </location>
  <location>
    <facility>
      <name>Broward General Medical Center</name>
      <address>
        <city>Fort Lauderdale</city>
        <state>Florida</state>
        <zip>33316</zip>
        <country>United States</country>
      </address>
    </facility>
  </location>
  <location>
    <facility>
      <name>CCOP - Mount Sinai Medical Center</name>
      <address>
        <city>Miami Beach</city>
        <state>Florida</state>
        <zip>33140</zip>
        <country>United States</country>
      </address>
    </facility>
  </location>
  <location>
    <facility>
      <name>Veterans Affairs Medical Center - Tampa (Haley)</name>
      <address>
        <city>Tampa</city>
        <state>Florida</state>
        <zip>33612</zip>
        <country>United States</country>
      </address>
    </facility>
  </location>
  <location>
    <facility>
      <name>CCOP - Atlanta Regional</name>
      <address>
        <city>Atlanta</city>
        <state>Georgia</state>
        <zip>30342-1701</zip>
        <country>United States</country>
      </address>
    </facility>
  </location>
  <location>
    <facility>
      <name>MBCCOP - Hawaii</name>
      <address>
        <city>Honolulu</city>
        <state>Hawaii</state>
        <zip>96813</zip>
        <country>United States</country>
      </address>
    </facility>
  </location>
  <location>
    <facility>
      <name>MBCCOP - University of Illinois at Chicago</name>
      <address>
        <city>Chicago</city>
        <state>Illinois</state>
        <zip>60612</zip>
        <country>United States</country>
      </address>
    </facility>
  </location>
  <location>
    <facility>
      <name>Veterans Affairs Medical Center - Chicago (Westside Hospital)</name>
      <address>
        <city>Chicago</city>
        <state>Illinois</state>
        <zip>60612</zip>
        <country>United States</country>
      </address>
    </facility>
  </location>
  <location>
    <facility>
      <name>University of Chicago Cancer Research Center</name>
      <address>
        <city>Chicago</city>
        <state>Illinois</state>
        <zip>60637-1470</zip>
        <country>United States</country>
      </address>
    </facility>
  </location>
  <location>
    <facility>
      <name>Louis A. Weiss Memorial Hospital</name>
      <address>
        <city>Chicago</city>
        <state>Illinois</state>
        <zip>60640</zip>
        <country>United States</country>
      </address>
    </facility>
  </location>
  <location>
    <facility>
      <name>CCOP - Central Illinois</name>
      <address>
        <city>Decatur</city>
        <state>Illinois</state>
        <zip>62526</zip>
        <country>United States</country>
      </address>
    </facility>
  </location>
  <location>
    <facility>
      <name>Veterans Affairs Medical Center - Hines</name>
      <address>
        <city>Hines</city>
        <state>Illinois</state>
        <zip>60141</zip>
        <country>United States</country>
      </address>
    </facility>
  </location>
  <location>
    <facility>
      <name>Cardinal Bernardin Cancer Center at Loyola University Medical Center</name>
      <address>
        <city>Maywood</city>
        <state>Illinois</state>
        <zip>60153-5500</zip>
        <country>United States</country>
      </address>
    </facility>
  </location>
  <location>
    <facility>
      <name>CCOP - Illinois Oncology Research Association</name>
      <address>
        <city>Peoria</city>
        <state>Illinois</state>
        <zip>61615-7828</zip>
        <country>United States</country>
      </address>
    </facility>
  </location>
  <location>
    <facility>
      <name>West Suburban Center for Cancer Care</name>
      <address>
        <city>River Forest</city>
        <state>Illinois</state>
        <zip>60305</zip>
        <country>United States</country>
      </address>
    </facility>
  </location>
  <location>
    <facility>
      <name>Kansas Masonic Cancer Research Institute at the University of Kansas Medical Center</name>
      <address>
        <city>Kansas City</city>
        <state>Kansas</state>
        <zip>66160-7353</zip>
        <country>United States</country>
      </address>
    </facility>
  </location>
  <location>
    <facility>
      <name>CCOP - Wichita</name>
      <address>
        <city>Wichita</city>
        <state>Kansas</state>
        <zip>67214-3882</zip>
        <country>United States</country>
      </address>
    </facility>
  </location>
  <location>
    <facility>
      <name>Veterans Affairs Medical Center - Wichita</name>
      <address>
        <city>Wichita</city>
        <state>Kansas</state>
        <zip>67218</zip>
        <country>United States</country>
      </address>
    </facility>
  </location>
  <location>
    <facility>
      <name>Veterans Affairs Medical Center - Lexington</name>
      <address>
        <city>Lexington</city>
        <state>Kentucky</state>
        <zip>40502-2236</zip>
        <country>United States</country>
      </address>
    </facility>
  </location>
  <location>
    <facility>
      <name>Markey Cancer Center at University of Kentucky Chandler Medical Center</name>
      <address>
        <city>Lexington</city>
        <state>Kentucky</state>
        <zip>40536-0084</zip>
        <country>United States</country>
      </address>
    </facility>
  </location>
  <location>
    <facility>
      <name>MBCCOP - LSU Health Sciences Center</name>
      <address>
        <city>New Orleans</city>
        <state>Louisiana</state>
        <zip>70112</zip>
        <country>United States</country>
      </address>
    </facility>
  </location>
  <location>
    <facility>
      <name>Tulane Cancer Center at Tulane University Hospital and Clinic</name>
      <address>
        <city>New Orleans</city>
        <state>Louisiana</state>
        <zip>70112</zip>
        <country>United States</country>
      </address>
    </facility>
  </location>
  <location>
    <facility>
      <name>Veterans Affairs Medical Center - New Orleans</name>
      <address>
        <city>New Orleans</city>
        <state>Louisiana</state>
        <zip>70112</zip>
        <country>United States</country>
      </address>
    </facility>
  </location>
  <location>
    <facility>
      <name>Veterans Affairs Medical Center - Shreveport</name>
      <address>
        <city>Shreveport</city>
        <state>Louisiana</state>
        <zip>71101-4295</zip>
        <country>United States</country>
      </address>
    </facility>
  </location>
  <location>
    <facility>
      <name>Louisiana State University Health Sciences Center - Shreveport</name>
      <address>
        <city>Shreveport</city>
        <state>Louisiana</state>
        <zip>71130-3932</zip>
        <country>United States</country>
      </address>
    </facility>
  </location>
  <location>
    <facility>
      <name>Greenebaum Cancer Center at University of Maryland Medical Center</name>
      <address>
        <city>Baltimore</city>
        <state>Maryland</state>
        <zip>21201</zip>
        <country>United States</country>
      </address>
    </facility>
  </location>
  <location>
    <facility>
      <name>Cancer Research Center at Boston Medical Center</name>
      <address>
        <city>Boston</city>
        <state>Massachusetts</state>
        <zip>02118</zip>
        <country>United States</country>
      </address>
    </facility>
  </location>
  <location>
    <facility>
      <name>UMASS Memorial Cancer Center - University Campus</name>
      <address>
        <city>Worcester</city>
        <state>Massachusetts</state>
        <zip>01655</zip>
        <country>United States</country>
      </address>
    </facility>
  </location>
  <location>
    <facility>
      <name>CCOP - Michigan Cancer Research Consortium</name>
      <address>
        <city>Ann Arbor</city>
        <state>Michigan</state>
        <zip>48106</zip>
        <country>United States</country>
      </address>
    </facility>
  </location>
  <location>
    <facility>
      <name>University of Michigan Comprehensive Cancer Center</name>
      <address>
        <city>Ann Arbor</city>
        <state>Michigan</state>
        <zip>48109-0948</zip>
        <country>United States</country>
      </address>
    </facility>
  </location>
  <location>
    <facility>
      <name>Barbara Ann Karmanos Cancer Institute</name>
      <address>
        <city>Detroit</city>
        <state>Michigan</state>
        <zip>48201-1379</zip>
        <country>United States</country>
      </address>
    </facility>
  </location>
  <location>
    <facility>
      <name>Veterans Affairs Medical Center - Detroit</name>
      <address>
        <city>Detroit</city>
        <state>Michigan</state>
        <zip>48201-1932</zip>
        <country>United States</country>
      </address>
    </facility>
  </location>
  <location>
    <facility>
      <name>Josephine Ford Cancer Center at Henry Ford Health System</name>
      <address>
        <city>Detroit</city>
        <state>Michigan</state>
        <zip>48202</zip>
        <country>United States</country>
      </address>
    </facility>
  </location>
  <location>
    <facility>
      <name>CCOP - Grand Rapids</name>
      <address>
        <city>Grand Rapids</city>
        <state>Michigan</state>
        <zip>49503</zip>
        <country>United States</country>
      </address>
    </facility>
  </location>
  <location>
    <facility>
      <name>CCOP - Beaumont</name>
      <address>
        <city>Royal Oak</city>
        <state>Michigan</state>
        <zip>48073-6769</zip>
        <country>United States</country>
      </address>
    </facility>
  </location>
  <location>
    <facility>
      <name>Providence Cancer Institute at Providence Hospital - Southfield</name>
      <address>
        <city>Southfield</city>
        <state>Michigan</state>
        <zip>48075</zip>
        <country>United States</country>
      </address>
    </facility>
  </location>
  <location>
    <facility>
      <name>University of Minnesota Cancer Center</name>
      <address>
        <city>Minneapolis</city>
        <state>Minnesota</state>
        <zip>55455</zip>
        <country>United States</country>
      </address>
    </facility>
  </location>
  <location>
    <facility>
      <name>University of Mississippi Medical Center</name>
      <address>
        <city>Jackson</city>
        <state>Mississippi</state>
        <zip>39216-4505</zip>
        <country>United States</country>
      </address>
    </facility>
  </location>
  <location>
    <facility>
      <name>Veterans Affairs Medical Center - Jackson</name>
      <address>
        <city>Jackson</city>
        <state>Mississippi</state>
        <zip>39216</zip>
        <country>United States</country>
      </address>
    </facility>
  </location>
  <location>
    <facility>
      <name>CCOP - Kansas City</name>
      <address>
        <city>Kansas City</city>
        <state>Missouri</state>
        <zip>64131</zip>
        <country>United States</country>
      </address>
    </facility>
  </location>
  <location>
    <facility>
      <name>Siteman Cancer Center at Barnes-Jewish Hospital</name>
      <address>
        <city>Saint Louis</city>
        <state>Missouri</state>
        <zip>63110</zip>
        <country>United States</country>
      </address>
    </facility>
  </location>
  <location>
    <facility>
      <name>St. Louis University Hospital Cancer Center</name>
      <address>
        <city>Saint Louis</city>
        <state>Missouri</state>
        <zip>63110</zip>
        <country>United States</country>
      </address>
    </facility>
  </location>
  <location>
    <facility>
      <name>CCOP - St. Louis-Cape Girardeau</name>
      <address>
        <city>Saint Louis</city>
        <state>Missouri</state>
        <zip>63141</zip>
        <country>United States</country>
      </address>
    </facility>
  </location>
  <location>
    <facility>
      <name>CCOP - Cancer Research for the Ozarks</name>
      <address>
        <city>Springfield</city>
        <state>Missouri</state>
        <zip>65807</zip>
        <country>United States</country>
      </address>
    </facility>
  </location>
  <location>
    <facility>
      <name>CCOP - Montana Cancer Consortium</name>
      <address>
        <city>Billings</city>
        <state>Montana</state>
        <zip>59101</zip>
        <country>United States</country>
      </address>
    </facility>
  </location>
  <location>
    <facility>
      <name>UNMC Eppley Cancer Center at the University of Nebraska Medical Center</name>
      <address>
        <city>Omaha</city>
        <state>Nebraska</state>
        <zip>68198-7680</zip>
        <country>United States</country>
      </address>
    </facility>
  </location>
  <location>
    <facility>
      <name>New Hampshire Oncology-Hematology, PA - Hooksett</name>
      <address>
        <city>Hooksett</city>
        <state>New Hampshire</state>
        <zip>03106</zip>
        <country>United States</country>
      </address>
    </facility>
  </location>
  <location>
    <facility>
      <name>Cooper University Hospital</name>
      <address>
        <city>Camden</city>
        <state>New Jersey</state>
        <zip>08103</zip>
        <country>United States</country>
      </address>
    </facility>
  </location>
  <location>
    <facility>
      <name>Veterans Affairs Medical Center - Albuquerque</name>
      <address>
        <city>Albuquerque</city>
        <state>New Mexico</state>
        <zip>87108-5138</zip>
        <country>United States</country>
      </address>
    </facility>
  </location>
  <location>
    <facility>
      <name>MBCCOP - University of New Mexico HSC</name>
      <address>
        <city>Albuquerque</city>
        <state>New Mexico</state>
        <zip>87131</zip>
        <country>United States</country>
      </address>
    </facility>
  </location>
  <location>
    <facility>
      <name>CCOP - Syracuse Hematology-Oncology Associates of Central New York, P.C.</name>
      <address>
        <city>East Syracuse</city>
        <state>New York</state>
        <zip>13057</zip>
        <country>United States</country>
      </address>
    </facility>
  </location>
  <location>
    <facility>
      <name>North Shore University Hospital</name>
      <address>
        <city>Manhasset</city>
        <state>New York</state>
        <zip>11030</zip>
        <country>United States</country>
      </address>
    </facility>
  </location>
  <location>
    <facility>
      <name>NYU School of Medicine's Kaplan Comprehensive Cancer Center</name>
      <address>
        <city>New York</city>
        <state>New York</state>
        <zip>10016</zip>
        <country>United States</country>
      </address>
    </facility>
  </location>
  <location>
    <facility>
      <name>Mount Sinai Medical Center</name>
      <address>
        <city>New York</city>
        <state>New York</state>
        <zip>10029</zip>
        <country>United States</country>
      </address>
    </facility>
  </location>
  <location>
    <facility>
      <name>Herbert Irving Comprehensive Cancer Center at Columbia University</name>
      <address>
        <city>New York</city>
        <state>New York</state>
        <zip>10032</zip>
        <country>United States</country>
      </address>
    </facility>
  </location>
  <location>
    <facility>
      <name>James P. Wilmot Cancer Center at University of Rochester Medical Center</name>
      <address>
        <city>Rochester</city>
        <state>New York</state>
        <zip>14642</zip>
        <country>United States</country>
      </address>
    </facility>
  </location>
  <location>
    <facility>
      <name>SUNY Upstate Medical University Hospital</name>
      <address>
        <city>Syracuse</city>
        <state>New York</state>
        <zip>13210</zip>
        <country>United States</country>
      </address>
    </facility>
  </location>
  <location>
    <facility>
      <name>Veterans Affairs Medical Center - Asheville</name>
      <address>
        <city>Asheville</city>
        <state>North Carolina</state>
        <zip>28805</zip>
        <country>United States</country>
      </address>
    </facility>
  </location>
  <location>
    <facility>
      <name>NorthEast Oncology Associates - Concord</name>
      <address>
        <city>Concord</city>
        <state>North Carolina</state>
        <zip>28025</zip>
        <country>United States</country>
      </address>
    </facility>
  </location>
  <location>
    <facility>
      <name>CCOP - Southeast Cancer Control Consortium</name>
      <address>
        <city>Goldsboro</city>
        <state>North Carolina</state>
        <zip>27534-9479</zip>
        <country>United States</country>
      </address>
    </facility>
  </location>
  <location>
    <facility>
      <name>Lenoir Memorial Hospital Cancer Center</name>
      <address>
        <city>Kinston</city>
        <state>North Carolina</state>
        <zip>28503-1678</zip>
        <country>United States</country>
      </address>
    </facility>
  </location>
  <location>
    <facility>
      <name>FirstHealth Moore Regional Hospital</name>
      <address>
        <city>Pinehurst</city>
        <state>North Carolina</state>
        <zip>28374</zip>
        <country>United States</country>
      </address>
    </facility>
  </location>
  <location>
    <facility>
      <name>Comprehensive Cancer Center at Wake Forest University</name>
      <address>
        <city>Winston-Salem</city>
        <state>North Carolina</state>
        <zip>27157-1082</zip>
        <country>United States</country>
      </address>
    </facility>
  </location>
  <location>
    <facility>
      <name>Veterans Affairs Medical Center - Cincinnati</name>
      <address>
        <city>Cincinnati</city>
        <state>Ohio</state>
        <zip>45220-2288</zip>
        <country>United States</country>
      </address>
    </facility>
  </location>
  <location>
    <facility>
      <name>Charles M. Barrett Cancer Center at University Hospital</name>
      <address>
        <city>Cincinnati</city>
        <state>Ohio</state>
        <zip>45267-0501</zip>
        <country>United States</country>
      </address>
    </facility>
  </location>
  <location>
    <facility>
      <name>Cleveland Clinic Taussig Cancer Center</name>
      <address>
        <city>Cleveland</city>
        <state>Ohio</state>
        <zip>44195-9001</zip>
        <country>United States</country>
      </address>
    </facility>
  </location>
  <location>
    <facility>
      <name>CCOP - Columbus</name>
      <address>
        <city>Columbus</city>
        <state>Ohio</state>
        <zip>43206</zip>
        <country>United States</country>
      </address>
    </facility>
  </location>
  <location>
    <facility>
      <name>Arthur G. James Cancer Hospital at Ohio State University</name>
      <address>
        <city>Columbus</city>
        <state>Ohio</state>
        <zip>43210-1240</zip>
        <country>United States</country>
      </address>
    </facility>
  </location>
  <location>
    <facility>
      <name>Veterans Affairs Medical Center - Dayton</name>
      <address>
        <city>Dayton</city>
        <state>Ohio</state>
        <zip>45428-1002</zip>
        <country>United States</country>
      </address>
    </facility>
  </location>
  <location>
    <facility>
      <name>CCOP - Dayton</name>
      <address>
        <city>Dayton</city>
        <state>Ohio</state>
        <zip>45429</zip>
        <country>United States</country>
      </address>
    </facility>
  </location>
  <location>
    <facility>
      <name>Oklahoma University Medical Center</name>
      <address>
        <city>Oklahoma City</city>
        <state>Oklahoma</state>
        <zip>73104</zip>
        <country>United States</country>
      </address>
    </facility>
  </location>
  <location>
    <facility>
      <name>Cancer Institute at Oregon Health and Science University</name>
      <address>
        <city>Portland</city>
        <state>Oregon</state>
        <zip>97201-3098</zip>
        <country>United States</country>
      </address>
    </facility>
  </location>
  <location>
    <facility>
      <name>Veterans Affairs Medical Center - Portland</name>
      <address>
        <city>Portland</city>
        <state>Oregon</state>
        <zip>97207</zip>
        <country>United States</country>
      </address>
    </facility>
  </location>
  <location>
    <facility>
      <name>CCOP - Columbia River Oncology Program</name>
      <address>
        <city>Portland</city>
        <state>Oregon</state>
        <zip>97225</zip>
        <country>United States</country>
      </address>
    </facility>
  </location>
  <location>
    <facility>
      <name>Veterans Affairs Medical Center - Charleston</name>
      <address>
        <city>Charleston</city>
        <state>South Carolina</state>
        <zip>29401-5799</zip>
        <country>United States</country>
      </address>
    </facility>
  </location>
  <location>
    <facility>
      <name>Hollings Cancer Center at Medical University of South Carolina</name>
      <address>
        <city>Charleston</city>
        <state>South Carolina</state>
        <zip>29425</zip>
        <country>United States</country>
      </address>
    </facility>
  </location>
  <location>
    <facility>
      <name>CCOP - Greenville</name>
      <address>
        <city>Greenville</city>
        <state>South Carolina</state>
        <zip>29615</zip>
        <country>United States</country>
      </address>
    </facility>
  </location>
  <location>
    <facility>
      <name>CCOP - Upstate Carolina</name>
      <address>
        <city>Spartanburg</city>
        <state>South Carolina</state>
        <zip>29303</zip>
        <country>United States</country>
      </address>
    </facility>
  </location>
  <location>
    <facility>
      <name>University of Tennessee Cancer Institute at Methodist Central Hospital</name>
      <address>
        <city>Memphis</city>
        <state>Tennessee</state>
        <zip>38104</zip>
        <country>United States</country>
      </address>
    </facility>
  </location>
  <location>
    <facility>
      <name>Veterans Affairs Medical Center - Memphis</name>
      <address>
        <city>Memphis</city>
        <state>Tennessee</state>
        <zip>38104</zip>
        <country>United States</country>
      </address>
    </facility>
  </location>
  <location>
    <facility>
      <name>Harrington Cancer Center</name>
      <address>
        <city>Amarillo</city>
        <state>Texas</state>
        <zip>79106</zip>
        <country>United States</country>
      </address>
    </facility>
  </location>
  <location>
    <facility>
      <name>Veterans Affairs Medical Center - Amarillo</name>
      <address>
        <city>Amarillo</city>
        <state>Texas</state>
        <zip>79106</zip>
        <country>United States</country>
      </address>
    </facility>
  </location>
  <location>
    <facility>
      <name>Brooke Army Medical Center</name>
      <address>
        <city>Fort Sam Houston</city>
        <state>Texas</state>
        <zip>78234-6200</zip>
        <country>United States</country>
      </address>
    </facility>
  </location>
  <location>
    <facility>
      <name>University of Texas Medical Branch</name>
      <address>
        <city>Galveston</city>
        <state>Texas</state>
        <zip>77555-0565</zip>
        <country>United States</country>
      </address>
    </facility>
  </location>
  <location>
    <facility>
      <name>University of Texas - MD Anderson Cancer Center</name>
      <address>
        <city>Houston</city>
        <state>Texas</state>
        <zip>77030-4095</zip>
        <country>United States</country>
      </address>
    </facility>
  </location>
  <location>
    <facility>
      <name>University of Texas Health Science Center at San Antonio</name>
      <address>
        <city>San Antonio</city>
        <state>Texas</state>
        <zip>78229-3900</zip>
        <country>United States</country>
      </address>
    </facility>
  </location>
  <location>
    <facility>
      <name>Veterans Affairs Medical Center - San Antonio (Murphy)</name>
      <address>
        <city>San Antonio</city>
        <state>Texas</state>
        <zip>78229</zip>
        <country>United States</country>
      </address>
    </facility>
  </location>
  <location>
    <facility>
      <name>Veterans Affairs Medical Center - Temple</name>
      <address>
        <city>Temple</city>
        <state>Texas</state>
        <zip>76504</zip>
        <country>United States</country>
      </address>
    </facility>
  </location>
  <location>
    <facility>
      <name>CCOP - Scott and White Hospital</name>
      <address>
        <city>Temple</city>
        <state>Texas</state>
        <zip>76508</zip>
        <country>United States</country>
      </address>
    </facility>
  </location>
  <location>
    <facility>
      <name>Huntsman Cancer Institute</name>
      <address>
        <city>Salt Lake City</city>
        <state>Utah</state>
        <zip>84112-5550</zip>
        <country>United States</country>
      </address>
    </facility>
  </location>
  <location>
    <facility>
      <name>Veterans Affairs Medical Center - Salt Lake City</name>
      <address>
        <city>Salt Lake City</city>
        <state>Utah</state>
        <zip>84148</zip>
        <country>United States</country>
      </address>
    </facility>
  </location>
  <location>
    <facility>
      <name>Vermont Cancer Center at University of Vermont</name>
      <address>
        <city>Burlington</city>
        <state>Vermont</state>
        <zip>05401-3498</zip>
        <country>United States</country>
      </address>
    </facility>
  </location>
  <location>
    <facility>
      <name>Virginia Oncology Associates - Norfolk</name>
      <address>
        <city>Norfolk</city>
        <state>Virginia</state>
        <zip>23502</zip>
        <country>United States</country>
      </address>
    </facility>
  </location>
  <location>
    <facility>
      <name>MBCCOP - Massey Cancer Center</name>
      <address>
        <city>Richmond</city>
        <state>Virginia</state>
        <zip>23298-0037</zip>
        <country>United States</country>
      </address>
    </facility>
  </location>
  <location>
    <facility>
      <name>Oncology and Hematology Associates of Southwest Virginia, Incorporated - Roanoke</name>
      <address>
        <city>Roanoke</city>
        <state>Virginia</state>
        <zip>24014</zip>
        <country>United States</country>
      </address>
    </facility>
  </location>
  <location>
    <facility>
      <name>CCOP - Virginia Mason Research Center</name>
      <address>
        <city>Seattle</city>
        <state>Washington</state>
        <zip>98101</zip>
        <country>United States</country>
      </address>
    </facility>
  </location>
  <location>
    <facility>
      <name>Veterans Affairs Medical Center - Seattle</name>
      <address>
        <city>Seattle</city>
        <state>Washington</state>
        <zip>98108</zip>
        <country>United States</country>
      </address>
    </facility>
  </location>
  <location>
    <facility>
      <name>Puget Sound Oncology Consortium</name>
      <address>
        <city>Seattle</city>
        <state>Washington</state>
        <zip>98109</zip>
        <country>United States</country>
      </address>
    </facility>
  </location>
  <location>
    <facility>
      <name>CCOP - Northwest</name>
      <address>
        <city>Tacoma</city>
        <state>Washington</state>
        <zip>98405-0986</zip>
        <country>United States</country>
      </address>
    </facility>
  </location>
  <location_countries>
    <country>United States</country>
  </location_countries>
  <verification_date>October 2012</verification_date>
  <study_first_submitted>November 1, 1999</study_first_submitted>
  <study_first_submitted_qc>January 26, 2003</study_first_submitted_qc>
  <study_first_posted type="Estimate">January 27, 2003</study_first_posted>
  <last_update_submitted>October 30, 2012</last_update_submitted>
  <last_update_submitted_qc>October 30, 2012</last_update_submitted_qc>
  <last_update_posted type="Estimate">October 31, 2012</last_update_posted>
  <responsible_party>
    <responsible_party_type>Sponsor</responsible_party_type>
  </responsible_party>
  <keyword>endometrial cancer</keyword>
  <keyword>stage I breast cancer</keyword>
  <keyword>stage II breast cancer</keyword>
  <keyword>ductal breast carcinoma in situ</keyword>
  <keyword>lobular breast carcinoma in situ</keyword>
  <keyword>Paget disease of the breast</keyword>
  <condition_browse>
    <!-- CAUTION:  The following MeSH terms are assigned with an imperfect algorithm            -->
    <mesh_term>Breast Neoplasms</mesh_term>
    <mesh_term>Endometrial Neoplasms</mesh_term>
  </condition_browse>
  <intervention_browse>
    <!-- CAUTION:  The following MeSH terms are assigned with an imperfect algorithm            -->
    <mesh_term>Tamoxifen</mesh_term>
    <mesh_term>Medroxyprogesterone Acetate</mesh_term>
    <mesh_term>Medroxyprogesterone</mesh_term>
  </intervention_browse>
  <!-- Results have not yet been posted for this study                                          -->
</clinical_study>

