<clinical_study>
  <!-- This xml conforms to an XML Schema at:
    https://clinicaltrials.gov/ct2/html/images/info/public.xsd -->
  <required_header>
    <download_date>ClinicalTrials.gov processed this data on July 31, 2020</download_date>
    <link_text>Link to the current ClinicalTrials.gov record.</link_text>
    <url>https://clinicaltrials.gov/show/NCT00002415</url>
  </required_header>
  <id_info>
    <org_study_id>283B</org_study_id>
    <secondary_id>GS-98-902</secondary_id>
    <nct_id>NCT00002415</nct_id>
  </id_info>
  <brief_title>Safety and Effectiveness of Adding PMPA Prodrug to an Anti-HIV Drug Combination to Treat HIV-Infected Patients</brief_title>
  <official_title>A Phase II, Randomized, Double-Blind, Placebo-Controlled Study of the Safety and Antiviral Activity of the Addition of PMPA Prodrug to Combination Antiretroviral Regimens in Treatment-Experienced HIV-Infected Patients</official_title>
  <sponsors>
    <lead_sponsor>
      <agency>Gilead Sciences</agency>
      <agency_class>Industry</agency_class>
    </lead_sponsor>
  </sponsors>
  <source>NIH AIDS Clinical Trials Information Service</source>
  <brief_summary>
    <textblock>
      The purpose of this study is to see if it is safe and effective to add PMPA Prodrug (a new
      anti-HIV drug) to an anti-HIV drug combination taken by patients who have taken anti-HIV
      drugs in the past. Genetic response will be studied.
    </textblock>
  </brief_summary>
  <detailed_description>
    <textblock>
      Prior to study entry patients are stratified according to HIV-1 RNA level, CD4 cell count,
      and number of antiretroviral drugs. PMPA Prodrug or placebo is added to current
      antiretroviral regimens, and is administered in one of three dosing regimens. Patients
      randomized to receive placebo are eligible to receive open-label PMPA Prodrug for the
      remainder of the 48-week study period after at least 24 weeks post randomization.
    </textblock>
  </detailed_description>
  <overall_status>Completed</overall_status>
  <phase>Phase 2</phase>
  <study_type>Interventional</study_type>
  <has_expanded_access>No</has_expanded_access>
  <study_design_info>
    <primary_purpose>Treatment</primary_purpose>
    <masking>Double</masking>
  </study_design_info>
  <enrollment>175</enrollment>
  <condition>HIV Infections</condition>
  <intervention>
    <intervention_type>Drug</intervention_type>
    <intervention_name>Tenofovir disoproxil fumarate</intervention_name>
  </intervention>
  <eligibility>
    <criteria>
      <textblock>
        Inclusion Criteria

        You may be eligible for this study if you:

          -  Are HIV-positive.

          -  Have an HIV count of 400 - 50,000 copies/ml.

          -  Are expected to live for at least 1 year.

          -  Have been taking the same anti-HIV drug combination (made up of no more than 3
             anti-HIV drugs) for at least 8 weeks prior to study entry.

          -  Are at least 18 years old.

          -  Agree to use effective methods of birth control during the study.

        Exclusion Criteria

        You will not be eligible for this study if you:

          -  Have taken medications for certain infections within 15 days prior to study entry.

          -  Have a history of cancer, except Kaposi's sarcoma (KS) or skin cancer.

          -  Develop a new AIDS-related condition within 30 days of study entry.

          -  Have certain serious medical conditions, including severe nausea, vomiting, or other
             stomach problems that make you unable to take medications by mouth.

          -  Have received a vaccine within 30 days prior to study entry.

          -  Have taken certain medications, including those that may affect your kidneys.

          -  Abuse alcohol or drugs.

          -  Are pregnant.
      </textblock>
    </criteria>
    <gender>All</gender>
    <minimum_age>18 Years</minimum_age>
    <maximum_age>65 Years</maximum_age>
    <healthy_volunteers>No</healthy_volunteers>
  </eligibility>
  <location>
    <facility>
      <name>Univ of Alabama at Birmingham / 1917 Rsch Cln</name>
      <address>
        <city>Birmingham</city>
        <state>Alabama</state>
        <zip>35294</zip>
        <country>United States</country>
      </address>
    </facility>
  </location>
  <location>
    <facility>
      <name>McDowell Clinic</name>
      <address>
        <city>Phoenix</city>
        <state>Arizona</state>
        <zip>85016</zip>
        <country>United States</country>
      </address>
    </facility>
  </location>
  <location>
    <facility>
      <name>East Bay AIDS Ctr</name>
      <address>
        <city>Berkeley</city>
        <state>California</state>
        <zip>94705</zip>
        <country>United States</country>
      </address>
    </facility>
  </location>
  <location>
    <facility>
      <name>Tower Infectious Disease Med Ctr</name>
      <address>
        <city>Los Angeles</city>
        <state>California</state>
        <zip>90048</zip>
        <country>United States</country>
      </address>
    </facility>
  </location>
  <location>
    <facility>
      <name>UCSD Treatment Ctr</name>
      <address>
        <city>San Diego</city>
        <state>California</state>
        <zip>92103</zip>
        <country>United States</country>
      </address>
    </facility>
  </location>
  <location>
    <facility>
      <name>San Francisco Veterans Adm Med Cntr</name>
      <address>
        <city>San Francisco</city>
        <state>California</state>
        <zip>94121</zip>
        <country>United States</country>
      </address>
    </facility>
  </location>
  <location>
    <facility>
      <name>Harbor UCLA Med Ctr</name>
      <address>
        <city>Torrance</city>
        <state>California</state>
        <zip>90502</zip>
        <country>United States</country>
      </address>
    </facility>
  </location>
  <location>
    <facility>
      <name>Univ of Colorado Health Sciences Ctr</name>
      <address>
        <city>Denver</city>
        <state>Colorado</state>
        <zip>80262</zip>
        <country>United States</country>
      </address>
    </facility>
  </location>
  <location>
    <facility>
      <name>Hillsborough County Health Dept Special Care Ctr</name>
      <address>
        <city>Tampa</city>
        <state>Florida</state>
        <zip>33605</zip>
        <country>United States</country>
      </address>
    </facility>
  </location>
  <location>
    <facility>
      <name>AIDS Research Consortium of Atlanta Inc</name>
      <address>
        <city>Atlanta</city>
        <state>Georgia</state>
        <zip>30308</zip>
        <country>United States</country>
      </address>
    </facility>
  </location>
  <location>
    <facility>
      <name>Grady Mem Hosp</name>
      <address>
        <city>Atlanta</city>
        <state>Georgia</state>
        <zip>30308</zip>
        <country>United States</country>
      </address>
    </facility>
  </location>
  <location>
    <facility>
      <name>Private Practice / Thacker and Thompson</name>
      <address>
        <city>Atlanta</city>
        <state>Georgia</state>
        <zip>30324</zip>
        <country>United States</country>
      </address>
    </facility>
  </location>
  <location>
    <facility>
      <name>Northstar Med Clinic</name>
      <address>
        <city>Chicago</city>
        <state>Illinois</state>
        <zip>60657</zip>
        <country>United States</country>
      </address>
    </facility>
  </location>
  <location>
    <facility>
      <name>CRI New England</name>
      <address>
        <city>Brookline</city>
        <state>Massachusetts</state>
        <zip>02445</zip>
        <country>United States</country>
      </address>
    </facility>
  </location>
  <location>
    <facility>
      <name>Univ of Minnesota</name>
      <address>
        <city>Minneapolis</city>
        <state>Minnesota</state>
        <zip>55455</zip>
        <country>United States</country>
      </address>
    </facility>
  </location>
  <location>
    <facility>
      <name>Beth Israel Med Ctr</name>
      <address>
        <city>New York</city>
        <state>New York</state>
        <zip>10003</zip>
        <country>United States</country>
      </address>
    </facility>
  </location>
  <location>
    <facility>
      <name>Cornell Clinical Trials Unit - Chelsea Clinic</name>
      <address>
        <city>New York</city>
        <state>New York</state>
        <zip>10011</zip>
        <country>United States</country>
      </address>
    </facility>
  </location>
  <location>
    <facility>
      <name>Univ Hosps of Cleveland</name>
      <address>
        <city>Cleveland</city>
        <state>Ohio</state>
        <zip>44106</zip>
        <country>United States</country>
      </address>
    </facility>
  </location>
  <location>
    <facility>
      <name>The Research and Education Group</name>
      <address>
        <city>Portland</city>
        <state>Oregon</state>
        <zip>97210</zip>
        <country>United States</country>
      </address>
    </facility>
  </location>
  <location>
    <facility>
      <name>Hershey Med Ctr</name>
      <address>
        <city>Hershey</city>
        <state>Pennsylvania</state>
        <zip>17033</zip>
        <country>United States</country>
      </address>
    </facility>
  </location>
  <location>
    <facility>
      <name>Anderson Clinical Research</name>
      <address>
        <city>Pittsburgh</city>
        <state>Pennsylvania</state>
        <zip>15213</zip>
        <country>United States</country>
      </address>
    </facility>
  </location>
  <location>
    <facility>
      <name>Roger Williams Med Ctr</name>
      <address>
        <city>Providence</city>
        <state>Rhode Island</state>
        <zip>02908</zip>
        <country>United States</country>
      </address>
    </facility>
  </location>
  <location>
    <facility>
      <name>Amelia Ct Clinic</name>
      <address>
        <city>Dallas</city>
        <state>Texas</state>
        <zip>75235</zip>
        <country>United States</country>
      </address>
    </facility>
  </location>
  <location>
    <facility>
      <name>Thomas Street Clinic</name>
      <address>
        <city>Houston</city>
        <state>Texas</state>
        <zip>77009</zip>
        <country>United States</country>
      </address>
    </facility>
  </location>
  <location_countries>
    <country>United States</country>
  </location_countries>
  <reference>
    <citation>Miller MD, Margot NA, Schooley R, McGowan I. Baseline and week 48 final phenotypic analysis of HIV-1 from patients adding tenofovir disoproxil fumarate (TDF) therapy to background ART. 8th Conf Retro and Opportun Infect. 2001 Feb 4-8 (abstract no 441)</citation>
  </reference>
  <reference>
    <citation>Schooley R, Myers R, Ruane R, Beall G, Lampiris H, McGowan I. A double-blind, placebo-controlled study of tenofovir disoproxil fumarate (TDF) for the treatment of HIV infection. 39th Intersci Conf Antimicrob Agents Chemother. 1999 Sep (abstract no I302I)</citation>
  </reference>
  <verification_date>November 1999</verification_date>
  <study_first_submitted>November 2, 1999</study_first_submitted>
  <study_first_submitted_qc>August 30, 2001</study_first_submitted_qc>
  <study_first_posted type="Estimate">August 31, 2001</study_first_posted>
  <last_update_submitted>June 23, 2005</last_update_submitted>
  <last_update_submitted_qc>June 23, 2005</last_update_submitted_qc>
  <last_update_posted type="Estimate">June 24, 2005</last_update_posted>
  <keyword>Drug Therapy, Combination</keyword>
  <keyword>Prodrugs</keyword>
  <keyword>Anti-HIV Agents</keyword>
  <condition_browse>
    <!-- CAUTION:  The following MeSH terms are assigned with an imperfect algorithm            -->
    <mesh_term>HIV Infections</mesh_term>
  </condition_browse>
  <intervention_browse>
    <!-- CAUTION:  The following MeSH terms are assigned with an imperfect algorithm            -->
    <mesh_term>Tenofovir</mesh_term>
  </intervention_browse>
  <!-- Results have not yet been posted for this study                                          -->
</clinical_study>

