<clinical_study>
  <!-- This xml conforms to an XML Schema at:
    https://clinicaltrials.gov/ct2/html/images/info/public.xsd -->
  <required_header>
    <download_date>ClinicalTrials.gov processed this data on July 31, 2020</download_date>
    <link_text>Link to the current ClinicalTrials.gov record.</link_text>
    <url>https://clinicaltrials.gov/show/NCT00002566</url>
  </required_header>
  <id_info>
    <org_study_id>CDR0000063579</org_study_id>
    <secondary_id>FRE-IT94</secondary_id>
    <secondary_id>FRE-FNCLCC-IT94</secondary_id>
    <secondary_id>NCI-F94-0019</secondary_id>
    <nct_id>NCT00002566</nct_id>
  </id_info>
  <brief_title>Combination Chemotherapy With Bone Marrow Transplantation in Treating Men With Germ Cell Tumors</brief_title>
  <official_title>INTERNATIONAL RANDOMIZED STUDY FOR THE SALVAGE TREATMENT OF GERM CELL TUMOURS</official_title>
  <sponsors>
    <lead_sponsor>
      <agency>UNICANCER</agency>
      <agency_class>Other</agency_class>
    </lead_sponsor>
  </sponsors>
  <source>National Cancer Institute (NCI)</source>
  <brief_summary>
    <textblock>
      RATIONALE: Drugs used in chemotherapy use different ways to stop tumor cells from dividing so
      they stop growing or die. It is not known whether combining chemotherapy with bone marrow
      transplantation is a more effective treatment for men with germ cell tumors.

      PURPOSE: Randomized phase III trial to compare the effectiveness of combination chemotherapy
      with bone marrow transplantation in treating men with relapsed germ cell tumors.
    </textblock>
  </brief_summary>
  <detailed_description>
    <textblock>
      OBJECTIVES: I. Compare the event-free survival of male patients with germ cell tumors in
      relapse or first partial remission treated with salvage therapy comprising cisplatin,
      etoposide, and ifosfamide (PEI) or vinblastine, ifosfamide, and cisplatin (VeIP) with or
      without high-dose carboplatin, etoposide, and cyclophosphamide, followed by autologous bone
      marrow and/or peripheral blood stem cell transplantation.

      OUTLINE: This is a randomized, multicenter study. Patients are stratified according to prior
      complete remission to first-line treatment (yes vs no), primary site of disease (testicular
      vs retroperitoneal vs mediastinal), and lung metastases at study entry (yes vs no).
      Autologous bone marrow and peripheral blood stem cells (PBSC) are harvested. Part I
      (salvage): Patients are assigned to regimen A if they previously received vinblastine as part
      of a first-line treatment, such as cisplatin, vinblastine, and bleomycin (PVB) or cisplatin,
      cyclophosphamide, doxorubicin, vinblastine, and bleomycin (CISCA VB). Patients are assigned
      to regimen B if they previously received etoposide (VP-16) as part of a first-line treatment,
      such as bleomycin, VP-16, and cisplatin (BEP). Regimen A: Patients receive cisplatin IV over
      2 hours, VP-16 IV over 2 hours, and ifosfamide IV over 1 hour on days 1-5 (PEI). Regimen B:
      Patients receive cisplatin and etoposide as in regimen A and vinblastine IV on days 1 and 2
      (VeIP). Treatment on both regimens continues every 3 weeks for 2 courses. Patients with
      refractory disease at day 43 are taken off study. Part II: Patients are randomized to 1 of 2
      treatment arms. Arm I: Patients receive 2 additional courses of PEI or VeIP. Arm II: Patients
      receive 1 additional course of PEI or VeIP, followed by 1 course of high-dose carboplatin IV
      over 2 hours, VP-16 IV over 2 hours, and cyclophosphamide IV over 1 hour on days 1-4.
      Autologous bone marrow and/or PBSC are reinfused on day 7 of the fourth course for patients
      on both arms. Patients on both arms with residual disease after the fourth course may undergo
      surgery.

      PROJECTED ACCRUAL: A total of 280 patients will be accrued for this study.
    </textblock>
  </detailed_description>
  <overall_status>Unknown status</overall_status>
  <last_known_status>Active, not recruiting</last_known_status>
  <start_date>February 1994</start_date>
  <phase>Phase 3</phase>
  <study_type>Interventional</study_type>
  <has_expanded_access>No</has_expanded_access>
  <study_design_info>
    <allocation>Randomized</allocation>
    <primary_purpose>Treatment</primary_purpose>
  </study_design_info>
  <enrollment type="Anticipated">280</enrollment>
  <condition>Extragonadal Germ Cell Tumor</condition>
  <condition>Testicular Germ Cell Tumor</condition>
  <intervention>
    <intervention_type>Drug</intervention_type>
    <intervention_name>carboplatin</intervention_name>
  </intervention>
  <intervention>
    <intervention_type>Drug</intervention_type>
    <intervention_name>cisplatin</intervention_name>
  </intervention>
  <intervention>
    <intervention_type>Drug</intervention_type>
    <intervention_name>cyclophosphamide</intervention_name>
  </intervention>
  <intervention>
    <intervention_type>Drug</intervention_type>
    <intervention_name>etoposide</intervention_name>
  </intervention>
  <intervention>
    <intervention_type>Drug</intervention_type>
    <intervention_name>ifosfamide</intervention_name>
  </intervention>
  <intervention>
    <intervention_type>Drug</intervention_type>
    <intervention_name>vinblastine sulfate</intervention_name>
  </intervention>
  <intervention>
    <intervention_type>Procedure</intervention_type>
    <intervention_name>autologous bone marrow transplantation</intervention_name>
  </intervention>
  <intervention>
    <intervention_type>Procedure</intervention_type>
    <intervention_name>conventional surgery</intervention_name>
  </intervention>
  <intervention>
    <intervention_type>Procedure</intervention_type>
    <intervention_name>peripheral blood stem cell transplantation</intervention_name>
  </intervention>
  <eligibility>
    <criteria>
      <textblock>
        DISEASE CHARACTERISTICS: Diagnosis of testicular or extragonadal male germ cell tumors Must
        meet 1 of the following conditions after completion of platinum-based first-line
        chemotherapy: Complete remission (CR) followed by relapse Partial remission (PR) Prior
        resection of viable malignancy with elevated tumor markers allowed Initial bulky disease
        with no CR (significantly reduced but still abnormal in plateau) allowed if there is an
        increase in biological tumor markers or development of new metastases Seminoma with relapse
        after CR or PR to cisplatin-based chemotherapy allowed No pure seminoma pre-treated with
        carboplatin No refractory disease (i.e., documented increase in tumor burden and/or serum
        tumor marker level during or within 1 month after platinum-containing chemotherapy) CNS
        involvement allowed

        PATIENT CHARACTERISTICS: Age: 16 and over Sex: Male Performance status: WHO 0-2 OR
        Karnofsky 50-100% Life expectancy: No limits on life expectancy due to severe non-malignant
        disease Hematopoietic: Not specified Hepatic: Not specified Renal: Not specified
        Cardiovascular: No severe cardiac disease that would interfere with study therapy
        Pulmonary: No severe pulmonary disease that would interfere with study therapy Other: HIV
        negative No severe neurologic or metabolic disease that would interfere with study therapy
        No psychological, socioeconomic, or geographic circumstances that would preclude study No
        other concurrent malignancy

        PRIOR CONCURRENT THERAPY: Biologic therapy: Not specified Chemotherapy: See Disease
        Characteristics Endocrine therapy: Not specified Radiotherapy: Prior radiotherapy for
        metastatic disease allowed Surgery: See Disease Characteristics Prior surgery for
        metastatic disease allowed
      </textblock>
    </criteria>
    <gender>Male</gender>
    <minimum_age>16 Years</minimum_age>
    <maximum_age>N/A</maximum_age>
    <healthy_volunteers>No</healthy_volunteers>
  </eligibility>
  <overall_official>
    <last_name>Jose-Louis Pico, MD</last_name>
    <role>Study Chair</role>
    <affiliation>Gustave Roussy, Cancer Campus, Grand Paris</affiliation>
  </overall_official>
  <location>
    <facility>
      <name>Institut Gustave Roussy</name>
      <address>
        <city>Villejuif</city>
        <zip>F-94805</zip>
        <country>France</country>
      </address>
    </facility>
  </location>
  <location_countries>
    <country>France</country>
  </location_countries>
  <verification_date>May 2007</verification_date>
  <study_first_submitted>November 1, 1999</study_first_submitted>
  <study_first_submitted_qc>January 14, 2004</study_first_submitted_qc>
  <study_first_posted type="Estimate">January 15, 2004</study_first_posted>
  <last_update_submitted>November 2, 2010</last_update_submitted>
  <last_update_submitted_qc>November 2, 2010</last_update_submitted_qc>
  <last_update_posted type="Estimate">November 3, 2010</last_update_posted>
  <keyword>recurrent malignant testicular germ cell tumor</keyword>
  <keyword>extragonadal germ cell tumor</keyword>
  <condition_browse>
    <!-- CAUTION:  The following MeSH terms are assigned with an imperfect algorithm            -->
    <mesh_term>Neoplasms, Germ Cell and Embryonal</mesh_term>
    <mesh_term>Neoplasms</mesh_term>
  </condition_browse>
  <intervention_browse>
    <!-- CAUTION:  The following MeSH terms are assigned with an imperfect algorithm            -->
    <mesh_term>Cyclophosphamide</mesh_term>
    <mesh_term>Ifosfamide</mesh_term>
    <mesh_term>Carboplatin</mesh_term>
    <mesh_term>Etoposide</mesh_term>
    <mesh_term>Vinblastine</mesh_term>
  </intervention_browse>
  <!-- Results have not yet been posted for this study                                          -->
</clinical_study>

