<clinical_study>
  <!-- This xml conforms to an XML Schema at:
    https://clinicaltrials.gov/ct2/html/images/info/public.xsd -->
  <required_header>
    <download_date>ClinicalTrials.gov processed this data on July 31, 2020</download_date>
    <link_text>Link to the current ClinicalTrials.gov record.</link_text>
    <url>https://clinicaltrials.gov/show/NCT00000886</url>
  </required_header>
  <id_info>
    <org_study_id>AVEG 020</org_study_id>
    <secondary_id>10570</secondary_id>
    <nct_id>NCT00000886</nct_id>
  </id_info>
  <brief_title>A Phase I Safety and Immunogenicity Trial of HIV-1 gp120 C4-V3 Hybrid Polyvalent Peptide Immunogen Mixed in Mineral Oil Containing Mannose Mono-Oleate (IFA)</brief_title>
  <official_title>A Phase I Safety and Immunogenicity Trial of HIV-1 gp120 C4-V3 Hybrid Polyvalent Peptide Immunogen Mixed in Mineral Oil Containing Mannose Mono-Oleate (IFA)</official_title>
  <sponsors>
    <lead_sponsor>
      <agency>National Institute of Allergy and Infectious Diseases (NIAID)</agency>
      <agency_class>NIH</agency_class>
    </lead_sponsor>
  </sponsors>
  <source>National Institute of Allergy and Infectious Diseases (NIAID)</source>
  <brief_summary>
    <textblock>
      To evaluate the safety of HIV-1 gp120 C4-V3 hybrid polyvalent peptide immunogen (C4-V3
      peptides) formulated in mineral oil containing mannose mono-oleate (IFA) in HIV-1 uninfected
      volunteers. To evaluate the humoral and cellular immune responses to the C4-V3 peptides as
      measured by the induction of 1 or more of the following: neutralizing antibodies to HIV-1 MN
      and RF, cross-neutralizing antibodies to primary isolates of HIV-1, HIV-1 antigen-specific
      lymphoproliferation, CD8+ and CD4+ cytotoxic T lymphocyte (CTL) activity specific for HIV-1
      gp120 or V3 peptides corresponding to the vaccine strains of HIV-1, induction of HLA-B7 and
      HLA-A2 restricted CD8+CTLs, and induction of HIV-specific DTH responses.

      The test immunogen (C4-V3 peptides) is constructed from 4 sequences of the HIV-1 V3 gp120
      loop shared by approximately 80% of North American HIV-1 strains. Because of the critical
      role that this region plays in generating anti-HIV sequences, it is hypothesized that the
      test immunogen (C4-V3 peptides) will be capable of inducing a broad range of cross-reactive
      neutralizing antibodies in the majority of recipients.
    </textblock>
  </brief_summary>
  <detailed_description>
    <textblock>
      The test immunogen (C4-V3 peptides) is constructed from 4 sequences of the HIV-1 V3 gp120
      loop shared by approximately 80% of North American HIV-1 strains. Because of the critical
      role that this region plays in generating anti-HIV sequences, it is hypothesized that the
      test immunogen (C4-V3 peptides) will be capable of inducing a broad range of cross-reactive
      neutralizing antibodies in the majority of recipients.

      Twenty-eight volunteers are randomized to receive two 0.5 ml injections of C4-43 peptides in
      IFA or placebo (IFA alone) administered intramuscularly at 0, 1, 6, and 12 months. At least
      50% of all volunteers (6 per Groups I and II; 2, Group III) must be HLA-B7 phenotype.
    </textblock>
  </detailed_description>
  <overall_status>Completed</overall_status>
  <completion_date type="Actual">April 1999</completion_date>
  <phase>Phase 1</phase>
  <study_type>Interventional</study_type>
  <has_expanded_access>No</has_expanded_access>
  <study_design_info>
    <primary_purpose>Prevention</primary_purpose>
    <masking>Double</masking>
  </study_design_info>
  <enrollment type="Actual">24</enrollment>
  <condition>HIV Infections</condition>
  <intervention>
    <intervention_type>Biological</intervention_type>
    <intervention_name>HIV-1 C4-V3 Polyvalent Peptide Vaccine</intervention_name>
  </intervention>
  <eligibility>
    <criteria>
      <textblock>
        Inclusion Criteria

        Volunteers must have:

          -  Negative ELISA for HIV within 8 weeks of immunization.

          -  Normal history and physical examination.

          -  Normal chest x-ray within 4 weeks prior to initial immunization.

          -  Low-risk sexual behavior as defined by AVEG.

        Exclusion Criteria

        Co-existing Condition:

        Volunteers with the following conditions are excluded:

          -  Medical or psychiatric condition that precludes compliance with the protocol,
             including recent suicidal ideation or present psychosis.

          -  Occupational responsibilities which preclude compliance with the protocol.

          -  Active syphilis (if the serology is documented to be a false positive or due to a
             remote [more than 6 months] treated infection, the volunteer is eligible).

          -  Active tuberculosis (volunteers with a positive purified protein derivative and a
             normal chest x-ray showing no evidence of TB and not requiring isoniazid therapy are
             eligible).

          -  Positivity for hepatitis B surface antigen.

        Volunteers with the following prior conditions are excluded:

          -  History of immunodeficiency, chronic illness, malignancy, or autoimmune disease. NOTE:
             Individuals with a history of cancer are excluded unless there has been surgical
             excision followed by a sufficient observation period to give a reasonable assurance of
             cure.

          -  History of suicide attempts or past psychosis.

          -  History of anaphylaxis or other serious adverse reactions to vaccines.

          -  History of serious allergic reaction to any substance, requiring hospitalization or
             emergent medical care (e.g., Stevens-Johnson syndrome, bronchospasm, or hypotension).

          -  History of lung disease.

        Prior Medication:

        Excluded:

          -  Live attenuated vaccines within 60 days of study. NOTE: Medically indicated subunit or
             killed vaccines (e.g., influenza, pneumococcal) are not exclusionary, but should be
             given at least 2 weeks away from HIV immunizations.

          -  Experimental agents within 30 days prior to study.

          -  HIV-1 vaccines or placebo, received in a previous HIV vaccine trial.

          -  Immunosuppressive medications.

        Prior Treatment:

        Excluded:

          -  Receipt of blood products or immunoglobulin in the past 6 months.

        Risk Behavior: Excluded:

          -  Alcohol intake greater than or equal to the equivalent of 1 oz of 100 proof per day (4
             oz. glass of wine or 12 oz. of beer per day).

          -  Identifiable higher-risk behavior for HIV infection as determined by screening
             questions designed to identify risk factors for HIV infection; specific exclusions
             include a history of injection drug use within the last 12 months prior to enrollment
             and higher- or immediate-risk sexual behavior as defined by the AVEG (i.e., meeting
             the criteria for AVEG Risk Groups C and D).
      </textblock>
    </criteria>
    <gender>All</gender>
    <minimum_age>18 Years</minimum_age>
    <maximum_age>60 Years</maximum_age>
    <healthy_volunteers>Accepts Healthy Volunteers</healthy_volunteers>
  </eligibility>
  <overall_official>
    <last_name>B Graham</last_name>
    <role>Study Chair</role>
  </overall_official>
  <location>
    <facility>
      <name>Univ. of Rochester AVEG</name>
      <address>
        <city>Rochester</city>
        <state>New York</state>
        <country>United States</country>
      </address>
    </facility>
  </location>
  <location>
    <facility>
      <name>Vanderbilt Univ. Hosp. AVEG</name>
      <address>
        <city>Nashville</city>
        <state>Tennessee</state>
        <zip>37232</zip>
        <country>United States</country>
      </address>
    </facility>
  </location>
  <location>
    <facility>
      <name>UW - Seattle AVEG</name>
      <address>
        <city>Seattle</city>
        <state>Washington</state>
        <zip>98144</zip>
        <country>United States</country>
      </address>
    </facility>
  </location>
  <location_countries>
    <country>United States</country>
  </location_countries>
  <verification_date>May 2012</verification_date>
  <study_first_submitted>November 2, 1999</study_first_submitted>
  <study_first_submitted_qc>August 30, 2001</study_first_submitted_qc>
  <study_first_posted type="Estimate">August 31, 2001</study_first_posted>
  <last_update_submitted>May 10, 2012</last_update_submitted>
  <last_update_submitted_qc>May 10, 2012</last_update_submitted_qc>
  <last_update_posted type="Estimate">May 14, 2012</last_update_posted>
  <responsible_party>
    <responsible_party_type>Sponsor</responsible_party_type>
  </responsible_party>
  <keyword>HIV Antibodies</keyword>
  <keyword>HIV Envelope Protein gp120</keyword>
  <keyword>Drug Carriers</keyword>
  <keyword>Hypersensitivity, Delayed</keyword>
  <keyword>AIDS Vaccines</keyword>
  <keyword>CD4-Positive T-Lymphocytes</keyword>
  <keyword>CD8-Positive T-Lymphocytes</keyword>
  <keyword>HIV Seronegativity</keyword>
  <keyword>Neutralization Tests</keyword>
  <keyword>Mineral Oil</keyword>
  <keyword>Oleic Acids</keyword>
  <keyword>Mannose</keyword>
  <keyword>HLA-B7 Antigen</keyword>
  <keyword>HLA-A2 Antigen</keyword>
  <keyword>HIV Preventive Vaccine</keyword>
  <condition_browse>
    <!-- CAUTION:  The following MeSH terms are assigned with an imperfect algorithm            -->
    <mesh_term>HIV Infections</mesh_term>
  </condition_browse>
  <!-- Results have not yet been posted for this study                                          -->
</clinical_study>

