<clinical_study>
  <!-- This xml conforms to an XML Schema at:
    https://clinicaltrials.gov/ct2/html/images/info/public.xsd -->
  <required_header>
    <download_date>ClinicalTrials.gov processed this data on July 31, 2020</download_date>
    <link_text>Link to the current ClinicalTrials.gov record.</link_text>
    <url>https://clinicaltrials.gov/show/NCT00000842</url>
  </required_header>
  <id_info>
    <org_study_id>ACTG 291</org_study_id>
    <secondary_id>11267</secondary_id>
    <nct_id>NCT00000842</nct_id>
  </id_info>
  <brief_title>A Phase II, Double-Blind Trial of Recombinant Human Nerve Growth Factor for Treatment of HIV-Associated Sensory Neuropathy</brief_title>
  <official_title>A Phase II, Double-Blind Trial of Recombinant Human Nerve Growth Factor for Treatment of HIV-Associated Sensory Neuropathy</official_title>
  <sponsors>
    <lead_sponsor>
      <agency>National Institute of Allergy and Infectious Diseases (NIAID)</agency>
      <agency_class>NIH</agency_class>
    </lead_sponsor>
  </sponsors>
  <source>National Institute of Allergy and Infectious Diseases (NIAID)</source>
  <brief_summary>
    <textblock>
      To assess the efficacy, safety, and tolerability of recombinant human nerve growth factor (
      rhNGF ) in the treatment of HIV-associated sensory neuropathy. AS PER AMENDMENT 5/6/97: To
      compare the change in viral load between the double-blind phase baseline and week 4 in
      placebo and active rhNGF recipients. To ensure that rhNGF does not induce an increase in
      viral load compared with viral load changes seen with placebo.

      Up to now, treatments for HIV-associated sensory neuropathy have been symptomatic, relying on
      pain-modifying agents or membrane-stabilizing drugs. Because nerve growth factor is important
      in the development and maintenance of sympathetic and sensory neurons and their outgrowths,
      it is proposed that recombinant human nerve growth factor may provide a specific restorative
      treatment for HIV-associated painful sensory neuropathy.
    </textblock>
  </brief_summary>
  <detailed_description>
    <textblock>
      Up to now, treatments for HIV-associated sensory neuropathy have been symptomatic, relying on
      pain-modifying agents or membrane-stabilizing drugs. Because nerve growth factor is important
      in the development and maintenance of sympathetic and sensory neurons and their outgrowths,
      it is proposed that recombinant human nerve growth factor may provide a specific restorative
      treatment for HIV-associated painful sensory neuropathy.

      Patients are randomized to receive either rhNGF at one of two doses or placebo, administered
      subcutaneously twice weekly for 18 weeks. Patients are stratified into three groups within
      their regimens by use of didanosine, zalcitabine, or stavudine as follows: current use vs.
      discontinued between 8 and 26 weeks before randomization vs. never used or discontinued use
      at least 26 weeks before randomization. Patients will assess their pain daily using the
      Gracely Pain Scale. AS PER AMENDMENT 5/6/97: After completion of the double-blind phase (18
      weeks on treatment followed by 4 weeks off treatment), patients may receive open-label,
      active drug treatment according to their previously assigned regimen for an additional 48
      weeks.
    </textblock>
  </detailed_description>
  <overall_status>Completed</overall_status>
  <completion_date type="Actual">February 1999</completion_date>
  <phase>Phase 2</phase>
  <study_type>Interventional</study_type>
  <has_expanded_access>No</has_expanded_access>
  <study_design_info>
    <primary_purpose>Treatment</primary_purpose>
    <masking>Double</masking>
  </study_design_info>
  <enrollment>270</enrollment>
  <condition>HIV Infections</condition>
  <condition>Peripheral Nervous System Disease</condition>
  <intervention>
    <intervention_type>Drug</intervention_type>
    <intervention_name>Nerve Growth Factor, Recombinant Human</intervention_name>
  </intervention>
  <eligibility>
    <criteria>
      <textblock>
        Inclusion Criteria

        Concurrent Medication:

        Allowed:

          -  Maintenance treatment of CMV retinitis, MAI bacteremia, or cryptococcal meningitis is
             permitted.

          -  Local therapy for Kaposi's sarcoma.

        Patients must have:

          -  Evidence of HIV antibodies documented by a licensed ELISA and a second, FDA-approved,
             confirmatory test.

          -  Diagnosis of HIV-associated, predominantly sensory neuropathy by a neurologist.

          -  Willingness and ability to complete the pain and medication log and competence to
             assess pain level throughout the study.

        Prior Medication:

        Allowed:

          -  History of stable-dose (defined as no more than 50% increase or decrease in dose)
             antiretroviral therapy for eight weeks before randomization, including the following:

          -  didanosine, zalcitabine, stavudine, lamivudine, protease inhibitors, and
             antiretrovirals available through expanded access trials.

          -  Chemotherapeutic drugs other than neurotoxic systemic chemotherapeutic agents within
             30 days prior to randomization.

        Exclusion Criteria

        Co-existing Condition:

        Patients with the following symptoms or conditions are excluded:

          -  Presence of acute, active, opportunistic infection, except oral thrush; oral, genital
             or rectal herpes; and MAI bacteremia within two weeks before randomization.

          -  Evidence of another contributing cause for peripheral neuropathy, including:

          -  diabetes mellitus, hereditary neuropathy, current vitamin B12 deficiency and no
             supplementation or supplementation &lt;= 3 months, or treatment with any drug that might
             contribute to sensory neuropathy.

          -  Major active psychiatric disorder (depression is allowed provided patient has received
             a stable antidepressant regimen for at least four weeks before randomization).

          -  Current active malignancy. NOTE: Malignancies in remission that do not require further
             treatment or Kaposi's sarcoma requiring only local treatment are allowed.

          -  Any conditions, including dementia and myelopathy, that would interfere with patient
             evaluation, accurate completion of the symptom scale, or compliance with subcutaneous
             injection.

        Concurrent Medication:

        Excluded:

          -  Chemotherapeutic agents.

          -  Systemic corticosteroids or immunomodulators.

          -  Initiation of new antiretroviral to a stable regimen.

        Prior Medication:

        Excluded:

          -  Neurotoxic systemic chemotherapy within the past 90 days.

          -  Systemic corticosteroids or immunomodulators within the past 30 days.

          -  Initiation of non-opioid prescription medication for pain during the 2 weeks preceding
             randomization (including tricyclic antidepressants, mexiletine, phenytoin, and
             carbamazepine).

          -  Treatment for acute opportunistic infections within the past 14 days (maintenance
             therapy for CMV retinitis, MAI bacteremia, or cryptococcal meningitis is permitted).

        Active drug or alcohol abuse that would affect study compliance.
      </textblock>
    </criteria>
    <gender>All</gender>
    <minimum_age>18 Years</minimum_age>
    <maximum_age>70 Years</maximum_age>
    <healthy_volunteers>No</healthy_volunteers>
  </eligibility>
  <overall_official>
    <last_name>McArthur J</last_name>
    <role>Study Chair</role>
  </overall_official>
  <overall_official>
    <last_name>Simpson D</last_name>
    <role>Study Chair</role>
  </overall_official>
  <overall_official>
    <last_name>Schifitto G</last_name>
    <role>Study Chair</role>
  </overall_official>
  <location>
    <facility>
      <name>UCLA CARE Center CRS</name>
      <address>
        <city>Los Angeles</city>
        <state>California</state>
        <zip>90095</zip>
        <country>United States</country>
      </address>
    </facility>
  </location>
  <location>
    <facility>
      <name>San Mateo County AIDS Program</name>
      <address>
        <city>San Mateo</city>
        <state>California</state>
        <country>United States</country>
      </address>
    </facility>
  </location>
  <location>
    <facility>
      <name>Stanford CRS</name>
      <address>
        <city>Stanford</city>
        <state>California</state>
        <zip>943055107</zip>
        <country>United States</country>
      </address>
    </facility>
  </location>
  <location>
    <facility>
      <name>Northwestern University CRS</name>
      <address>
        <city>Chicago</city>
        <state>Illinois</state>
        <zip>60611</zip>
        <country>United States</country>
      </address>
    </facility>
  </location>
  <location>
    <facility>
      <name>Johns Hopkins Adult AIDS CRS</name>
      <address>
        <city>Baltimore</city>
        <state>Maryland</state>
        <zip>21287</zip>
        <country>United States</country>
      </address>
    </facility>
  </location>
  <location>
    <facility>
      <name>Beth Israel Deaconess - East Campus A0102 CRS</name>
      <address>
        <city>Boston</city>
        <state>Massachusetts</state>
        <zip>02215</zip>
        <country>United States</country>
      </address>
    </facility>
  </location>
  <location>
    <facility>
      <name>Washington U CRS</name>
      <address>
        <city>St. Louis</city>
        <state>Missouri</state>
        <country>United States</country>
      </address>
    </facility>
  </location>
  <location>
    <facility>
      <name>NY Univ. HIV/AIDS CRS</name>
      <address>
        <city>New York</city>
        <state>New York</state>
        <zip>10016</zip>
        <country>United States</country>
      </address>
    </facility>
  </location>
  <location>
    <facility>
      <name>Cornell University A2201</name>
      <address>
        <city>New York</city>
        <state>New York</state>
        <country>United States</country>
      </address>
    </facility>
  </location>
  <location>
    <facility>
      <name>Univ. of Rochester ACTG CRS</name>
      <address>
        <city>Rochester</city>
        <state>New York</state>
        <zip>14642</zip>
        <country>United States</country>
      </address>
    </facility>
  </location>
  <location>
    <facility>
      <name>Unc Aids Crs</name>
      <address>
        <city>Chapel Hill</city>
        <state>North Carolina</state>
        <zip>275997215</zip>
        <country>United States</country>
      </address>
    </facility>
  </location>
  <location>
    <facility>
      <name>Case CRS</name>
      <address>
        <city>Cleveland</city>
        <state>Ohio</state>
        <zip>44106</zip>
        <country>United States</country>
      </address>
    </facility>
  </location>
  <location>
    <facility>
      <name>The Ohio State Univ. AIDS CRS</name>
      <address>
        <city>Columbus</city>
        <state>Ohio</state>
        <zip>432101228</zip>
        <country>United States</country>
      </address>
    </facility>
  </location>
  <location>
    <facility>
      <name>University of Washington AIDS CRS</name>
      <address>
        <city>Seattle</city>
        <state>Washington</state>
        <zip>981224304</zip>
        <country>United States</country>
      </address>
    </facility>
  </location>
  <location_countries>
    <country>United States</country>
  </location_countries>
  <reference>
    <citation>Nerve growth factor study opens. GMHC Treat Issues. 1996 Nov;10(11):9.</citation>
    <PMID>11364013</PMID>
  </reference>
  <reference>
    <citation>Gilden D. Hyperthermia study finds little effect. GMHC Treat Issues. 1995 Nov;9(11):5-7.</citation>
    <PMID>11362992</PMID>
  </reference>
  <reference>
    <citation>James JS. Nerve growth factor: major trial canceled, revived after protest. AIDS Treat News. 1995 Apr 21;(no 221):5.</citation>
    <PMID>11362404</PMID>
  </reference>
  <reference>
    <citation>Simpson DM, Haidich AB, Schifitto G, Yiannoutsos CT, Geraci AP, McArthur JC, Katzenstein DA; ACTG 291 study team. Severity of HIV-associated neuropathy is associated with plasma HIV-1 RNA levels. AIDS. 2002 Feb 15;16(3):407-12.</citation>
    <PMID>11834952</PMID>
  </reference>
  <reference>
    <citation>Lein B. Potential therapy for painful neuropathy. PI Perspect. 1995 May;(no 16):11.</citation>
    <PMID>11362419</PMID>
  </reference>
  <reference>
    <citation>McArthur JC, Yiannoutsos C, Simpson DM, Adornato BT, Singer EJ, Hollander H, Marra C, Rubin M, Cohen BA, Tucker T, Navia BA, Schifitto G, Katzenstein D, Rask C, Zaborski L, Smith ME, Shriver S, Millar L, Clifford DB, Karalnik IJ. A phase II trial of nerve growth factor for sensory neuropathy associated with HIV infection. AIDS Clinical Trials Group Team 291. Neurology. 2000 Mar 14;54(5):1080-8. Erratum in: Neurology 2000 Jul 13;55(1):162.</citation>
    <PMID>10720278</PMID>
  </reference>
  <verification_date>May 2012</verification_date>
  <study_first_submitted>November 2, 1999</study_first_submitted>
  <study_first_submitted_qc>August 30, 2001</study_first_submitted_qc>
  <study_first_posted type="Estimate">August 31, 2001</study_first_posted>
  <last_update_submitted>May 9, 2012</last_update_submitted>
  <last_update_submitted_qc>May 9, 2012</last_update_submitted_qc>
  <last_update_posted type="Estimate">May 10, 2012</last_update_posted>
  <responsible_party>
    <responsible_party_type>Sponsor</responsible_party_type>
  </responsible_party>
  <keyword>Acquired Immunodeficiency Syndrome</keyword>
  <keyword>AIDS-Related Complex</keyword>
  <keyword>Peripheral Nervous System Diseases</keyword>
  <keyword>Nerve Growth Factors</keyword>
  <keyword>Growth Substances</keyword>
  <condition_browse>
    <!-- CAUTION:  The following MeSH terms are assigned with an imperfect algorithm            -->
    <mesh_term>Peripheral Nervous System Diseases</mesh_term>
    <mesh_term>Nervous System Diseases</mesh_term>
  </condition_browse>
  <intervention_browse>
    <!-- CAUTION:  The following MeSH terms are assigned with an imperfect algorithm            -->
    <mesh_term>Mitogens</mesh_term>
  </intervention_browse>
  <!-- Results have not yet been posted for this study                                          -->
</clinical_study>

