<clinical_study>
  <!-- This xml conforms to an XML Schema at:
    https://clinicaltrials.gov/ct2/html/images/info/public.xsd -->
  <required_header>
    <download_date>ClinicalTrials.gov processed this data on July 31, 2020</download_date>
    <link_text>Link to the current ClinicalTrials.gov record.</link_text>
    <url>https://clinicaltrials.gov/show/NCT00001563</url>
  </required_header>
  <id_info>
    <org_study_id>970040</org_study_id>
    <secondary_id>97-C-0040</secondary_id>
    <nct_id>NCT00001563</nct_id>
    <nct_alias>NCT00019253</nct_alias>
  </id_info>
  <brief_title>EPOCH Chemotherapy +/- IL-12 for Previously Untreated and EPOCH Plus Rituximab for Previously Treated Patients With AIDS-Associated Lymphoma</brief_title>
  <official_title>EPOCH Chemotherapy Plus Rituximab for Previously Treated Patients With AIDS-Associated Lymphoma</official_title>
  <sponsors>
    <lead_sponsor>
      <agency>National Cancer Institute (NCI)</agency>
      <agency_class>NIH</agency_class>
    </lead_sponsor>
  </sponsors>
  <source>National Institutes of Health Clinical Center (CC)</source>
  <oversight_info>
    <is_fda_regulated_drug>Yes</is_fda_regulated_drug>
    <is_fda_regulated_device>No</is_fda_regulated_device>
  </oversight_info>
  <brief_summary>
    <textblock>
      The prognosis of AIDS-related Non-Hodgkin's lymphoma is poor, especially in the relapsed
      setting. There is no standard treatment, and the few small studies that have been conducted
      have reported dismal outcomes. The purpose of this study is to pilot the use of EPOCH plus
      rituximab in previously treated AIDS-related lymphoma. Clinical endpoints of the study
      include toxicity and response. Progression-free and overall survival will be measured. Tumors
      will be evaluated for p53 mutations, p-16, bcl-2 expression, tumor proliferation, c-myc and
      EBV when possible.
    </textblock>
  </brief_summary>
  <detailed_description>
    <textblock>
      The prognosis of AIDS-related Non-Hodgkin's lymphoma is poor, especially in the relapsed
      setting. There is no standard treatment, and the few small studies that have been conducted
      have reported dismal outcomes. The purpose of this study is to pilot the use of EPOCH plus
      rituximab in previously treated AIDS-related lymphoma. Clinical endpoints of the study
      include toxicity and response. Progression-free and overall survival will be measured. Tumors
      will be evaluated for p53 mutations, p-16, bcl-2 expression, tumor proliferation, c-myc and
      EBV when possible.
    </textblock>
  </detailed_description>
  <overall_status>Completed</overall_status>
  <start_date type="Actual">January 8, 1997</start_date>
  <completion_date type="Actual">May 5, 2005</completion_date>
  <primary_completion_date type="Actual">May 5, 2005</primary_completion_date>
  <phase>Phase 2</phase>
  <study_type>Interventional</study_type>
  <has_expanded_access>No</has_expanded_access>
  <study_design_info>
    <allocation>N/A</allocation>
    <intervention_model>Single Group Assignment</intervention_model>
    <primary_purpose>Treatment</primary_purpose>
    <masking>None (Open Label)</masking>
  </study_design_info>
  <primary_outcome>
    <measure>Determination of safety profile and response rates</measure>
    <time_frame>End of Study</time_frame>
    <description>number and types of adverse events {AEs), as well as the number of patients who respond to the therapy {CR, PR, SD)</description>
  </primary_outcome>
  <number_of_arms>1</number_of_arms>
  <enrollment type="Actual">39</enrollment>
  <condition>AIDS Related Lymphoma</condition>
  <condition>AIDS-Associated Lymphoma</condition>
  <arm_group>
    <arm_group_label>1</arm_group_label>
    <arm_group_type>Experimental</arm_group_type>
    <description>EPOCH-R every 3 weeks for up to 6 cycle</description>
  </arm_group>
  <intervention>
    <intervention_type>Biological</intervention_type>
    <intervention_name>Filgrastim</intervention_name>
    <description>Filgrastim after EPOCH-R from Day 6 for 10 days every cycle.</description>
    <arm_group_label>1</arm_group_label>
  </intervention>
  <intervention>
    <intervention_type>Biological</intervention_type>
    <intervention_name>Rituximab</intervention_name>
    <description>EPOCH-R every 3 weeks for up to 6 cycle</description>
    <arm_group_label>1</arm_group_label>
  </intervention>
  <intervention>
    <intervention_type>Drug</intervention_type>
    <intervention_name>EPOCH</intervention_name>
    <description>EPOCH-R every 3 weeks for up to 6 cycle</description>
    <arm_group_label>1</arm_group_label>
  </intervention>
  <eligibility>
    <criteria>
      <textblock>
        -  INCLUSION CRITERIA:

        Aggressive CD20 + NHL confirmed by Pathology, DCS.

        HIV + serology.

        All stages (I-IV) of disease.

        NHL previously treated with up to two chemotherapy regimens and evaluable disease.

        Age greater than or equal to 18 years.

        Laboratory test: (Abnormalities are allowed if due to organ involvement by lymphoma).

        Creatinine less than or equal to 1.7.

        Bilirubin must be less than 2.0 mg/dl, or total bilirubin less than or equal to 3.7 mg/dl
        with direct fraction less than or equal to 0.2 mg/dl and indirect fraction of less than or
        equal 3.5 mg/dl in patients for whom these abnormalities are felt to be due to protease
        inhibitor therapy.

        AST and ALT less than or equal to 3 times ULN (AST and ALT less than or equal to 6 times
        ULN for patients on hyperalimentation for whom these abnormalities are felt to be due to
        the hyperalimentation).

        ANC greater than or equal 1000/mm(3).

        Platelets must be greater than or equal to 75,000/mm(3) (patients with ITP platelets
        greater than or equal to 30,000/mm(3).

        Signed informed consent and Durable Power of Attorney.

        EXCLUSION CRITERIA:

        Pregnancy or nursing.

        History of clinical heart failure or symptomatic ischemic heart disease.

        Serious underlying medical condition or infection other than HIV that would contraindicate
        EPOCH.

        Concurrent anti-retroviral therapy during EPOCH therapy.

        Primary CNS lymphoma.
      </textblock>
    </criteria>
    <gender>All</gender>
    <minimum_age>18 Years</minimum_age>
    <maximum_age>N/A</maximum_age>
    <healthy_volunteers>No</healthy_volunteers>
  </eligibility>
  <overall_official>
    <last_name>Wyndham H Wilson, M.D.</last_name>
    <role>Principal Investigator</role>
    <affiliation>National Cancer Institute (NCI)</affiliation>
  </overall_official>
  <location>
    <facility>
      <name>National Institutes of Health Clinical Center, 9000 Rockville Pike</name>
      <address>
        <city>Bethesda</city>
        <state>Maryland</state>
        <zip>20892</zip>
        <country>United States</country>
      </address>
    </facility>
  </location>
  <location_countries>
    <country>United States</country>
  </location_countries>
  <link>
    <url>https://clinicalstudies.info.nih.gov/cgi/detail.cgi?B_1997-C-0040.html</url>
    <description>NIH Clinical Center Detailed Web Page</description>
  </link>
  <reference>
    <citation>Kaplan LD, Abrams DI, Feigal E, McGrath M, Kahn J, Neville P, Ziegler J, Volberding PA. AIDS-associated non-Hodgkin's lymphoma in San Francisco. JAMA. 1989 Feb 3;261(5):719-24.</citation>
    <PMID>2536124</PMID>
  </reference>
  <reference>
    <citation>Sparano JA, Wiernik PH, Strack M, Leaf A, Becker NH, Sarta C, Carney D, Elkind R, Shah M, Valentine ES, et al. Infusional cyclophosphamide, doxorubicin and etoposide in HIV-related non-Hodgkin's lymphoma: a follow-up report of a highly active regimen. Leuk Lymphoma. 1994 Jul;14(3-4):263-71.</citation>
    <PMID>7950915</PMID>
  </reference>
  <reference>
    <citation>Beral V, Peterman T, Berkelman R, Jaffe H. AIDS-associated non-Hodgkin lymphoma. Lancet. 1991 Apr 6;337(8745):805-9.</citation>
    <PMID>1672911</PMID>
  </reference>
  <verification_date>April 29, 2020</verification_date>
  <study_first_submitted>November 3, 1999</study_first_submitted>
  <study_first_submitted_qc>November 3, 1999</study_first_submitted_qc>
  <study_first_posted type="Estimate">November 4, 1999</study_first_posted>
  <last_update_submitted>June 25, 2020</last_update_submitted>
  <last_update_submitted_qc>June 25, 2020</last_update_submitted_qc>
  <last_update_posted type="Actual">June 26, 2020</last_update_posted>
  <responsible_party>
    <responsible_party_type>Sponsor</responsible_party_type>
  </responsible_party>
  <keyword>Lymphomagenesis</keyword>
  <keyword>Molecular markers of drug resistance</keyword>
  <keyword>Refractory, progressive, or relapsed HIV + NHL</keyword>
  <keyword>AIDS-related NHL</keyword>
  <condition_browse>
    <!-- CAUTION:  The following MeSH terms are assigned with an imperfect algorithm            -->
    <mesh_term>Lymphoma</mesh_term>
    <mesh_term>Lymphoma, AIDS-Related</mesh_term>
  </condition_browse>
  <intervention_browse>
    <!-- CAUTION:  The following MeSH terms are assigned with an imperfect algorithm            -->
    <mesh_term>Rituximab</mesh_term>
  </intervention_browse>
  <!-- Results have not yet been posted for this study                                          -->
</clinical_study>

