<clinical_study>
  <!-- This xml conforms to an XML Schema at:
    https://clinicaltrials.gov/ct2/html/images/info/public.xsd -->
  <required_header>
    <download_date>ClinicalTrials.gov processed this data on July 31, 2020</download_date>
    <link_text>Link to the current ClinicalTrials.gov record.</link_text>
    <url>https://clinicaltrials.gov/show/NCT00002911</url>
  </required_header>
  <id_info>
    <org_study_id>CDR0000065284</org_study_id>
    <secondary_id>ILEX-C03-IVB/173</secondary_id>
    <secondary_id>BB-C03-IVB/173</secondary_id>
    <secondary_id>NCI-V96-1113</secondary_id>
    <nct_id>NCT00002911</nct_id>
  </id_info>
  <brief_title>Marimastat in Treating Patients With Stage III Non-small Cell Lung Cancer</brief_title>
  <official_title>A PHASE III, MULTI-CENTER, RANDOMIZED, DOUBLE-BLIND, PLACEBO-CONTROLLED STUDY OF MARIMASTAT IN PATIENTS WITH MINIMAL DISEASE STAGE III NON-SMALL CELL LUNG CANCER</official_title>
  <sponsors>
    <lead_sponsor>
      <agency>ILEX Oncology Services, Incorporated</agency>
      <agency_class>Industry</agency_class>
    </lead_sponsor>
  </sponsors>
  <source>National Cancer Institute (NCI)</source>
  <brief_summary>
    <textblock>
      RATIONALE: Marimastat may stop the growth of non-small cell lung cancer by stopping blood
      flow to the tumor.

      PURPOSE: Randomized double-blinded phase III trial to determine the effectiveness of
      marimastat in treating patients who have residual stage III non-small cell lung cancer.
    </textblock>
  </brief_summary>
  <detailed_description>
    <textblock>
      OBJECTIVES: I. Compare the effect of marimastat (a matrix metalloproteinase inhibitor) vs.
      placebo on overall survival in patients with Stage III non-small cell lung cancer who have
      minimal residual disease following chemotherapy, radiotherapy, and/or surgery. II. Assess the
      effect of marimastat on time to disease progression in these patients. III. Assess the safety
      and tolerability of marimastat in these patients.

      OUTLINE: This is a randomized, double-blind study. Patients are randomized no less than 2 and
      no more than 8 weeks after the last prior treatment modality received. Patients are
      stratified by participating institution. Patients are randomly assigned to receive either
      oral marimastat or oral placebo twice daily. Treatment begins within 5 days of minimization
      and continues for up to 18 months after the last patient is enrolled, unless disease
      progression or unacceptable toxicity intervenes. Patients deriving benefit at end of study
      may continue treatment if desired. Patients are followed every 3 months.

      PROJECTED ACCRUAL: A total of 504 patients will be entered over 30 months from approximately
      60 centers.
    </textblock>
  </detailed_description>
  <overall_status>Completed</overall_status>
  <start_date>December 1996</start_date>
  <completion_date type="Actual">May 2004</completion_date>
  <phase>Phase 3</phase>
  <study_type>Interventional</study_type>
  <has_expanded_access>No</has_expanded_access>
  <study_design_info>
    <allocation>Randomized</allocation>
    <primary_purpose>Treatment</primary_purpose>
  </study_design_info>
  <condition>Lung Cancer</condition>
  <intervention>
    <intervention_type>Drug</intervention_type>
    <intervention_name>marimastat</intervention_name>
  </intervention>
  <eligibility>
    <criteria>
      <textblock>
        DISEASE CHARACTERISTICS: Histologically or cytologically confirmed non-small cell lung
        cancer Stage IIIA/B disease No malignant pleural effusions Minimal residual disease after
        one or a combination of the following: Incomplete surgical resection i.e., macroscopic
        residual disease at completion of surgery Radical radiotherapy with no evidence of disease
        progression at entry Documented complete or partial tumor response following at least 2
        courses of cytotoxic chemotherapy No evidence of disease progression during or following
        prior therapy

        PATIENT CHARACTERISTICS: Age: 18 and over Performance status: ECOG 0-2 Hematopoietic:
        Absolute neutrophil count greater than 500/mm3 Platelet count greater than 50,000/mm3
        Hepatic: Bilirubin less than 2.0 times upper limit of normal (ULN) AST/ALT no greater than
        3.0 times ULN Renal: Creatinine no greater than 1.5 times ULN Other: No acute illness
        within 1 week of start of study No other illness that would significantly interfere with
        study outcome No major medical illness that precludes prolonged marimastat administration
        No second malignancy within 5 years except: Adequately treated basal cell carcinoma of the
        skin In situ carcinoma of the cervix Not pregnant or nursing Medically approved method of
        contraception required of fertile women Willing and able to tolerate and comply with study
        requirements

        PRIOR CONCURRENT THERAPY: Biologic therapy: Not specified Chemotherapy: See Disease
        Characteristics No prior marimastat, batimastat, bleomycin, or busulphan No more than 1
        cytotoxic chemotherapy regimen for non-small cell lung cancer Endocrine therapy: Not
        specified Radiotherapy: See Disease Characteristics Surgery: See Disease Characteristics
        Other: At least 4 weeks since any investigational drug therapies
      </textblock>
    </criteria>
    <gender>All</gender>
    <minimum_age>18 Years</minimum_age>
    <maximum_age>N/A</maximum_age>
    <healthy_volunteers>No</healthy_volunteers>
  </eligibility>
  <overall_official>
    <last_name>Kathleen Heck, MEd, MBA</last_name>
    <role>Study Chair</role>
    <affiliation>ILEX Oncology Services, Incorporated</affiliation>
  </overall_official>
  <location>
    <facility>
      <name>Comprehensive Cancer Institute of Huntsville</name>
      <address>
        <city>Huntsville</city>
        <state>Alabama</state>
        <zip>35801</zip>
        <country>United States</country>
      </address>
    </facility>
  </location>
  <location>
    <facility>
      <name>Hematology Associates, Ltd.</name>
      <address>
        <city>Phoenix</city>
        <state>Arizona</state>
        <zip>85013</zip>
        <country>United States</country>
      </address>
    </facility>
  </location>
  <location>
    <facility>
      <name>Marin Cancer Institute</name>
      <address>
        <city>Greenbrae</city>
        <state>California</state>
        <zip>94904</zip>
        <country>United States</country>
      </address>
    </facility>
  </location>
  <location>
    <facility>
      <name>Scripps Clinic</name>
      <address>
        <city>La Jolla</city>
        <state>California</state>
        <zip>92037</zip>
        <country>United States</country>
      </address>
    </facility>
  </location>
  <location>
    <facility>
      <name>Scripps Memorial Hospital Stevens Cancer Center</name>
      <address>
        <city>La Jolla</city>
        <state>California</state>
        <zip>92037</zip>
        <country>United States</country>
      </address>
    </facility>
  </location>
  <location>
    <facility>
      <name>USC/Norris Comprehensive Cancer Center</name>
      <address>
        <city>Los Angeles</city>
        <state>California</state>
        <zip>90033-0800</zip>
        <country>United States</country>
      </address>
    </facility>
  </location>
  <location>
    <facility>
      <name>St. Joseph Hospital - Orange</name>
      <address>
        <city>Orange</city>
        <state>California</state>
        <zip>92613-5600</zip>
        <country>United States</country>
      </address>
    </facility>
  </location>
  <location>
    <facility>
      <name>John Wayne Cancer Institute</name>
      <address>
        <city>Santa Monica</city>
        <state>California</state>
        <zip>90404</zip>
        <country>United States</country>
      </address>
    </facility>
  </location>
  <location>
    <facility>
      <name>Kaiser Permanente Medical Center - Vallejo</name>
      <address>
        <city>Vallejo</city>
        <state>California</state>
        <zip>94589</zip>
        <country>United States</country>
      </address>
    </facility>
  </location>
  <location>
    <facility>
      <name>Rocky Mountain Cancer Center</name>
      <address>
        <city>Denver</city>
        <state>Colorado</state>
        <zip>80218</zip>
        <country>United States</country>
      </address>
    </facility>
  </location>
  <location>
    <facility>
      <name>University of Colorado Cancer Center</name>
      <address>
        <city>Denver</city>
        <state>Colorado</state>
        <zip>80262</zip>
        <country>United States</country>
      </address>
    </facility>
  </location>
  <location>
    <facility>
      <name>University of Connecticut Health Center</name>
      <address>
        <city>Farmington</city>
        <state>Connecticut</state>
        <zip>06360-7106</zip>
        <country>United States</country>
      </address>
    </facility>
  </location>
  <location>
    <facility>
      <name>Vincent T. Lombardi Cancer Research Center, Georgetown University</name>
      <address>
        <city>Washington</city>
        <state>District of Columbia</state>
        <zip>20007</zip>
        <country>United States</country>
      </address>
    </facility>
  </location>
  <location>
    <facility>
      <name>Comprehensive Cancer Center at JFK Medical Center</name>
      <address>
        <city>Atlantis</city>
        <state>Florida</state>
        <zip>33462</zip>
        <country>United States</country>
      </address>
    </facility>
  </location>
  <location>
    <facility>
      <name>Radiation Therapy Associates - Fort Myers</name>
      <address>
        <city>Fort Myers</city>
        <state>Florida</state>
        <zip>33901</zip>
        <country>United States</country>
      </address>
    </facility>
  </location>
  <location>
    <facility>
      <name>Oncology-Hematology Group of South Florida</name>
      <address>
        <city>Miami</city>
        <state>Florida</state>
        <zip>33176</zip>
        <country>United States</country>
      </address>
    </facility>
  </location>
  <location>
    <facility>
      <name>Bay Area Oncology, MD'S, PA</name>
      <address>
        <city>Tampa</city>
        <state>Florida</state>
        <zip>33607-6381</zip>
        <country>United States</country>
      </address>
    </facility>
  </location>
  <location>
    <facility>
      <name>Rush-Presbyterian-St. Luke's Medical Center</name>
      <address>
        <city>Chicago</city>
        <state>Illinois</state>
        <zip>60612</zip>
        <country>United States</country>
      </address>
    </facility>
  </location>
  <location>
    <facility>
      <name>University of Chicago Cancer Research Center</name>
      <address>
        <city>Chicago</city>
        <state>Illinois</state>
        <zip>60637</zip>
        <country>United States</country>
      </address>
    </facility>
  </location>
  <location>
    <facility>
      <name>Community Hospitals of Indianapolis - Regional Cancer Center</name>
      <address>
        <city>Indianapolis</city>
        <state>Indiana</state>
        <zip>46219</zip>
        <country>United States</country>
      </address>
    </facility>
  </location>
  <location>
    <facility>
      <name>Memorial Hospital of South Bend</name>
      <address>
        <city>South Bend</city>
        <state>Indiana</state>
        <zip>46601</zip>
        <country>United States</country>
      </address>
    </facility>
  </location>
  <location>
    <facility>
      <name>Veterans Affairs Medical Center - Lexington</name>
      <address>
        <city>Lexington</city>
        <state>Kentucky</state>
        <zip>40511-1093</zip>
        <country>United States</country>
      </address>
    </facility>
  </location>
  <location>
    <facility>
      <name>Louisiana State University School of Medicine</name>
      <address>
        <city>New Orleans</city>
        <state>Louisiana</state>
        <zip>70112-2822</zip>
        <country>United States</country>
      </address>
    </facility>
  </location>
  <location>
    <facility>
      <name>Hubert H. Humphrey Cancer Center</name>
      <address>
        <city>Coon Rapids</city>
        <state>Minnesota</state>
        <zip>55433</zip>
        <country>United States</country>
      </address>
    </facility>
  </location>
  <location>
    <facility>
      <name>St. Louis University Health Sciences Center</name>
      <address>
        <city>Saint Louis</city>
        <state>Missouri</state>
        <zip>63110-0250</zip>
        <country>United States</country>
      </address>
    </facility>
  </location>
  <location>
    <facility>
      <name>Southwest Cancer Clinic</name>
      <address>
        <city>Henderson</city>
        <state>Nevada</state>
        <zip>89014</zip>
        <country>United States</country>
      </address>
    </facility>
  </location>
  <location>
    <facility>
      <name>Cancer Institute of New Jersey at Hamilton</name>
      <address>
        <city>Hamilton</city>
        <state>New Jersey</state>
        <zip>08690</zip>
        <country>United States</country>
      </address>
    </facility>
  </location>
  <location>
    <facility>
      <name>Beth Israel Medical Center</name>
      <address>
        <city>New York</city>
        <state>New York</state>
        <zip>10003</zip>
        <country>United States</country>
      </address>
    </facility>
  </location>
  <location>
    <facility>
      <name>Kaplan Cancer Center</name>
      <address>
        <city>New York</city>
        <state>New York</state>
        <zip>10016</zip>
        <country>United States</country>
      </address>
    </facility>
  </location>
  <location>
    <facility>
      <name>Strong Memorial Hospital of the University of Rochester</name>
      <address>
        <city>Rochester</city>
        <state>New York</state>
        <zip>14642</zip>
        <country>United States</country>
      </address>
    </facility>
  </location>
  <location>
    <facility>
      <name>Barrett Cancer Center, The University Hospital</name>
      <address>
        <city>Cincinnati</city>
        <state>Ohio</state>
        <zip>45219</zip>
        <country>United States</country>
      </address>
    </facility>
  </location>
  <location>
    <facility>
      <name>Ireland Cancer Center</name>
      <address>
        <city>Cleveland</city>
        <state>Ohio</state>
        <zip>44106-5065</zip>
        <country>United States</country>
      </address>
    </facility>
  </location>
  <location>
    <facility>
      <name>Natalie Warren Bryant Cancer Center</name>
      <address>
        <city>Tulsa</city>
        <state>Oklahoma</state>
        <zip>74136</zip>
        <country>United States</country>
      </address>
    </facility>
  </location>
  <location>
    <facility>
      <name>Abington Memorial Hospital</name>
      <address>
        <city>Abington</city>
        <state>Pennsylvania</state>
        <zip>19001</zip>
        <country>United States</country>
      </address>
    </facility>
  </location>
  <location>
    <facility>
      <name>Hematology-Oncology Mawr Medical North</name>
      <address>
        <city>Bryn Mawr</city>
        <state>Pennsylvania</state>
        <zip>19010</zip>
        <country>United States</country>
      </address>
    </facility>
  </location>
  <location>
    <facility>
      <name>Milton S. Hershey Medical Center</name>
      <address>
        <city>Hershey</city>
        <state>Pennsylvania</state>
        <zip>17033</zip>
        <country>United States</country>
      </address>
    </facility>
  </location>
  <location>
    <facility>
      <name>University of Pennsylvania Cancer Center</name>
      <address>
        <city>Philadelphia</city>
        <state>Pennsylvania</state>
        <zip>19104</zip>
        <country>United States</country>
      </address>
    </facility>
  </location>
  <location>
    <facility>
      <name>Care Group</name>
      <address>
        <city>Philadelphia</city>
        <state>Pennsylvania</state>
        <zip>19145</zip>
        <country>United States</country>
      </address>
    </facility>
  </location>
  <location>
    <facility>
      <name>Allegheny University Hospitals - Graduate MCP</name>
      <address>
        <city>Philadelphia</city>
        <state>Pennsylvania</state>
        <zip>19146</zip>
        <country>United States</country>
      </address>
    </facility>
  </location>
  <location>
    <facility>
      <name>University of Pittsburgh Cancer Institute</name>
      <address>
        <city>Pittsburgh</city>
        <state>Pennsylvania</state>
        <zip>15213</zip>
        <country>United States</country>
      </address>
    </facility>
  </location>
  <location>
    <facility>
      <name>Pittsburgh Pediatric Research, Inc.</name>
      <address>
        <city>Pittsburgh</city>
        <state>Pennsylvania</state>
        <zip>15216</zip>
        <country>United States</country>
      </address>
    </facility>
  </location>
  <location>
    <facility>
      <name>Roger Williams Medical Center/BUSM</name>
      <address>
        <city>Providence</city>
        <state>Rhode Island</state>
        <zip>02908-4735</zip>
        <country>United States</country>
      </address>
    </facility>
  </location>
  <location>
    <facility>
      <name>Jackson Clinic Professional Association</name>
      <address>
        <city>Jackson</city>
        <state>Tennessee</state>
        <zip>38301</zip>
        <country>United States</country>
      </address>
    </facility>
  </location>
  <location>
    <facility>
      <name>Baptist Regional Cancer Center - Knoxville</name>
      <address>
        <city>Knoxville</city>
        <state>Tennessee</state>
        <zip>37901</zip>
        <country>United States</country>
      </address>
    </facility>
  </location>
  <location>
    <facility>
      <name>Texas Oncology PA (TOPA) at Baylor-Sammons</name>
      <address>
        <city>Dallas</city>
        <state>Texas</state>
        <zip>75246</zip>
        <country>United States</country>
      </address>
    </facility>
  </location>
  <location>
    <facility>
      <name>University of Texas Medical Branch</name>
      <address>
        <city>Galveston</city>
        <state>Texas</state>
        <zip>77555-1329</zip>
        <country>United States</country>
      </address>
    </facility>
  </location>
  <location>
    <facility>
      <name>University of Texas - MD Anderson Cancer Center</name>
      <address>
        <city>Houston</city>
        <state>Texas</state>
        <zip>77030</zip>
        <country>United States</country>
      </address>
    </facility>
  </location>
  <location>
    <facility>
      <name>Joe Arrington Cancer Research and Treatment Center</name>
      <address>
        <city>Lubbock</city>
        <state>Texas</state>
        <zip>79410-1894</zip>
        <country>United States</country>
      </address>
    </facility>
  </location>
  <location>
    <facility>
      <name>Ottawa Regional Cancer Center - General Division</name>
      <address>
        <city>Ottawa</city>
        <state>Ontario</state>
        <zip>K1H 8L6</zip>
        <country>Canada</country>
      </address>
    </facility>
  </location>
  <location>
    <facility>
      <name>Toronto General Hospital</name>
      <address>
        <city>Toronto</city>
        <state>Ontario</state>
        <zip>M5G 2C4</zip>
        <country>Canada</country>
      </address>
    </facility>
  </location>
  <location_countries>
    <country>Canada</country>
    <country>United States</country>
  </location_countries>
  <verification_date>May 2007</verification_date>
  <study_first_submitted>November 1, 1999</study_first_submitted>
  <study_first_submitted_qc>May 25, 2004</study_first_submitted_qc>
  <study_first_posted type="Estimate">May 26, 2004</study_first_posted>
  <last_update_submitted>December 17, 2013</last_update_submitted>
  <last_update_submitted_qc>December 17, 2013</last_update_submitted_qc>
  <last_update_posted type="Estimate">December 18, 2013</last_update_posted>
  <keyword>stage IIIA non-small cell lung cancer</keyword>
  <keyword>stage IIIB non-small cell lung cancer</keyword>
  <condition_browse>
    <!-- CAUTION:  The following MeSH terms are assigned with an imperfect algorithm            -->
    <mesh_term>Lung Neoplasms</mesh_term>
    <mesh_term>Carcinoma, Non-Small-Cell Lung</mesh_term>
  </condition_browse>
  <intervention_browse>
    <!-- CAUTION:  The following MeSH terms are assigned with an imperfect algorithm            -->
    <mesh_term>Marimastat</mesh_term>
  </intervention_browse>
  <!-- Results have not yet been posted for this study                                          -->
</clinical_study>

