<clinical_study>
  <!-- This xml conforms to an XML Schema at:
    https://clinicaltrials.gov/ct2/html/images/info/public.xsd -->
  <required_header>
    <download_date>ClinicalTrials.gov processed this data on July 31, 2020</download_date>
    <link_text>Link to the current ClinicalTrials.gov record.</link_text>
    <url>https://clinicaltrials.gov/show/NCT00001567</url>
  </required_header>
  <id_info>
    <org_study_id>970060</org_study_id>
    <secondary_id>97-C-0060</secondary_id>
    <nct_id>NCT00001567</nct_id>
  </id_info>
  <brief_title>A Phase II Efficacy Study of Roferon-A in Hairy Cell Leukemia</brief_title>
  <official_title>A Phase II Efficacy Study of Roferon-A in Hairy Cell Leukemia</official_title>
  <sponsors>
    <lead_sponsor>
      <agency>National Cancer Institute (NCI)</agency>
      <agency_class>NIH</agency_class>
    </lead_sponsor>
  </sponsors>
  <source>National Institutes of Health Clinical Center (CC)</source>
  <brief_summary>
    <textblock>
      This study began as an efficacy study of interferon alpha-2a in patients with hairy cell
      leukemia. It was observed that most patients responded with interferon, but that very few
      complete responses were being obtained. Studies being done elsewhere confirmed the low
      complete remission rate. Once interferon was stopped, nearly uniformly disease progression
      requiring reinstitution of therapy was observed. There appear to be very few if any patients
      who will not require further therapy after receiving 12 or 18 months of continuous interferon
      treatment. Because of these findings, and in order to evaluate the safety and efficacy of
      long-term recombinant interferon-alpha (IFN-Alpha) in patients with hairy cell leukemia, we
      opted to administer interferon continuously to patients who were initially responsive to this
      drug. Of the 53 evaluable patients (of the 56 entered on this study), there was one complete
      remission, 41 partial remissions, 1 minor response, 9 patients with stable disease and only 1
      patient with disease progression. Fourteen patients continue to receive interferon without
      interruption with a median duration of continuous interferon treatment of 9.2 years.
      Thirty-four patients discontinued interferon for a variety of reasons, the most common being
      the development of acquired interferon resistance in association with interferon antibodies.
      The resistance to interferon was manifested early, in the first 18 months of treatment,
      except in two cases. An important finding in this study is the continued slow, but
      significant, hematologic improvement in absolute granulocyte and platelet counts beyond 18
      months of therapy, thereby indicating that prolonged treatment results in continued benefit
      rather than the production of antibodies with subsequent development of interferon
      resistance. Although it is clear from this study that hairy cell leukemia can be controlled
      in the long-term with interferon, longer follow-up will be necessary to determine if
      continuous therapy with interferon is better than intermittent therapy. The optimal therapy
      for hairy cell leukemia remains open to discussion. Although early reports suggested that
      2-chlorodeoxyadenosine was curative, additional studies with longer periods of follow up
      suggests that as many as 30% of patients will relapse. This study provides the only instance
      where continuous long term treatment with interferon has been evaluated. This provides an
      opportunity to evaluate the long term toxicity of chronic interferon therapy, the long term
      efficacy of this treatment and to evaluate the potential benefits of long term interferon in
      preventing second malignancies, a complication noted in about 15% of patients treated in
      other fashions.

      After their initial clinical evaluation, patients were given 3 million units of recombinant
      IFN-Alpha subcutaneously daily for 4 to 6 months. In responding patients, maintenance therapy
      was given at a dose of three million units subcutaneously 3 times per week. Responding
      patients have continued on therapy indefinitely.
    </textblock>
  </brief_summary>
  <detailed_description>
    <textblock>
      This study began as an efficacy study of interferon alpha-2a in patients with hairy cell
      leukemia. It was observed that most patients responded with interferon, but that very few
      complete responses were being obtained. Studies being done elsewhere confirmed the low
      complete remission rate. Once interferon was stopped, nearly uniform disease progression
      requiring reinstitution of therapy was observed. There appears to be very few if any patients
      who will not require further therapy after receiving 12 or 18 months of continuous interferon
      treatment. Because of these findings, and in order to evaluate the safety and efficacy of
      long-term recombinant interferon-alpha (IFN-Alpha) in patients with hairy cell leukemia, we
      opted to administer interferon continuously to patients who were initially responsive to this
      drug. Of the 53 evaluable patients (of the 56 entered on this study), there was one complete
      remission, 41 partial remissions, 1 minor response, 9 patients with stable disease and only 1
      patient with disease progression. Fourteen patients continue to receive interferon without
      interruption with a median duration of continuous interferon treatment of 9.2 years.
      Thirty-four patients discontinued interferon for a variety of reasons, the most common being
      the development of acquired interferon resistance in association with interferon antibodies.
      The resistance to interferon was manifested early, in the first 18 months of treatment,
      except in two cases. An important finding in this study is the continued slow, but
      significant, hematologic improvement in absolute granulocyte and platelet counts beyond 18
      months of therapy, thereby indicating that prolonged treatment results in continued benefit
      rather than the production of antibodies with subsequent development of interferon
      resistance. Although it is clear from this study that hairy cell leukemia can be controlled
      in the long-term with interferon, longer follow-up will be necessary to determine if
      continuous therapy with interferon is better than intermittent therapy. The optimal therapy
      for hairy cell leukemia remains open to discussion. Although early reports suggested that
      2-chlorodeoxyadenosine was curative, additional studies with longer periods of follow up
      suggest that as many as 30% of patients will relapse. This study provides the only instance
      where continuous long term treatment with interferon has been evaluated. This provides an
      opportunity to evaluate the long term toxicity of chronic interferon therapy, the long term
      efficacy of this treatment and to evaluate the potential benefits of long term interferon in
      preventing second malignancies, a complication noted in about 15% of patients treated in
      other fashions.

      After their initial clinical evaluation, patients were given 3 million units of recombinant
      IFN-Alpha subcutaneously daily for 4 to 6 months. In responding patients, maintenance therapy
      was given at a dose of 3 million units subcutaneously 3 times per week. Responding patients
      have continued on therapy indefinitely.
    </textblock>
  </detailed_description>
  <overall_status>Completed</overall_status>
  <start_date>January 1997</start_date>
  <completion_date>April 2002</completion_date>
  <phase>Phase 2</phase>
  <study_type>Interventional</study_type>
  <has_expanded_access>No</has_expanded_access>
  <study_design_info>
    <primary_purpose>Treatment</primary_purpose>
  </study_design_info>
  <enrollment>56</enrollment>
  <condition>Hairy Cell Leukemia</condition>
  <intervention>
    <intervention_type>Drug</intervention_type>
    <intervention_name>Roferon-A</intervention_name>
  </intervention>
  <eligibility>
    <criteria>
      <textblock>
        Age 18-70.

        Patients must have morphologically identifiable hairy cells in peripheral blood and bone
        marrow, or tissue biopsies with at least one of the following: 1) Positive stain for the
        tartrate-resistant acid phosphatase 2) Electron microscopy compatible with hairy cells.

        Patients must be ambulatory with an expected survival greater than 16 weeks and be willing
        and able to give written informed consent.

        Patients must have a disease that is assessable, defined by: 1) Pancytopenia 2) Bone marrow
        leukemic infiltrate 3) Lymphadenopathy, splenomegaly, or hepatomegaly.

        Patients must not require palliative chemotherapy, immunotherapy or hormonal therapy other
        than the treatment prescribed in this protocol.

        Patients must be tested for Hepatitis B surface antigen within one week of entry into this
        study.

        No pregnant or lactating women. No fertile men and women, unless using effective
        contraception.

        No patients with unstable angina. Patients with Class III or IV cardiovascular disease may
        be entered only after medical clearance by a cardiology consultant.

        No patients with severe intercurrent infection or patients having had surgery within the
        past four weeks unless fully recovered.

        No patients with impaired renal function (serum creatinine greater than 1.8).

        No patients with impaired hepatic function (total bilirubin greater than 1.4).

        No patients with serum calcium greater than 12 mg/dl.

        No patients with a performance status less than or equal to 60% on the Karnofsky scale.

        No patients who have had any prior (leukocyte or fibroblast) interferon therapy.

        No patients unable to carry out the treatment program.

        No patients less than 20,000 per cu mm platelets and clinical bleeding disorder; both must
        be present for patient to be excluded.
      </textblock>
    </criteria>
    <gender>All</gender>
    <minimum_age>N/A</minimum_age>
    <maximum_age>N/A</maximum_age>
    <healthy_volunteers>No</healthy_volunteers>
  </eligibility>
  <location>
    <facility>
      <name>National Cancer Institute (NCI)</name>
      <address>
        <city>Bethesda</city>
        <state>Maryland</state>
        <zip>20892</zip>
        <country>United States</country>
      </address>
    </facility>
  </location>
  <location_countries>
    <country>United States</country>
  </location_countries>
  <reference>
    <citation>Knight E Jr, Korant BD. A cell surface alteration in mouse L cells induced by interferon. Biochem Biophys Res Commun. 1977 Jan 24;74(2):707-13.</citation>
    <PMID>836320</PMID>
  </reference>
  <reference>
    <citation>Lindahl-Magnusson P, Leary P, Gresser I. Interferon and cell division. VI. Inhibitory effect of interferon on the multiplication of mouse embryo and mouse kidney cells in primary cultures. Proc Soc Exp Biol Med. 1971 Dec;138(3):1044-50.</citation>
    <PMID>5131604</PMID>
  </reference>
  <reference>
    <citation>Blomgren H. Steroid sensitivity of the response of human lymphocytes to phytohemagglutinin and pokeweed mitogen: role of phagocytic cells. Scand J Immunol. 1974;3(5):655-64.</citation>
    <PMID>4422819</PMID>
  </reference>
  <verification_date>April 2002</verification_date>
  <study_first_submitted>November 3, 1999</study_first_submitted>
  <study_first_submitted_qc>November 3, 1999</study_first_submitted_qc>
  <study_first_posted type="Estimate">November 4, 1999</study_first_posted>
  <last_update_submitted>March 3, 2008</last_update_submitted>
  <last_update_submitted_qc>March 3, 2008</last_update_submitted_qc>
  <last_update_posted type="Estimate">March 4, 2008</last_update_posted>
  <keyword>Follow-Up Study</keyword>
  <keyword>Relapse-Free Survival</keyword>
  <keyword>Serum Soluble IL-2 Receptor</keyword>
  <keyword>Hematologic Malignancy</keyword>
  <keyword>Chronic Therapy</keyword>
  <condition_browse>
    <!-- CAUTION:  The following MeSH terms are assigned with an imperfect algorithm            -->
    <mesh_term>Leukemia</mesh_term>
    <mesh_term>Leukemia, Hairy Cell</mesh_term>
  </condition_browse>
  <intervention_browse>
    <!-- CAUTION:  The following MeSH terms are assigned with an imperfect algorithm            -->
    <mesh_term>Interferon alpha-2</mesh_term>
  </intervention_browse>
  <!-- Results have not yet been posted for this study                                          -->
</clinical_study>

