<clinical_study>
  <!-- This xml conforms to an XML Schema at:
    https://clinicaltrials.gov/ct2/html/images/info/public.xsd -->
  <required_header>
    <download_date>ClinicalTrials.gov processed this data on July 31, 2020</download_date>
    <link_text>Link to the current ClinicalTrials.gov record.</link_text>
    <url>https://clinicaltrials.gov/show/NCT00000942</url>
  </required_header>
  <id_info>
    <org_study_id>ACTG 316A</org_study_id>
    <secondary_id>11291</secondary_id>
    <nct_id>NCT00000942</nct_id>
  </id_info>
  <brief_title>A Study of Nevirapine to Prevent HIV Transmission From Mothers to Their Babies</brief_title>
  <official_title>A Phase III Randomized, Double-Blinded Study of Nevirapine for the Prevention of Maternal-Fetal Transmission in Pregnant HIV-Infected Women</official_title>
  <sponsors>
    <lead_sponsor>
      <agency>National Institute of Allergy and Infectious Diseases (NIAID)</agency>
      <agency_class>NIH</agency_class>
    </lead_sponsor>
  </sponsors>
  <source>National Institute of Allergy and Infectious Diseases (NIAID)</source>
  <brief_summary>
    <textblock>
      The purpose of this study is to see if giving the anti-HIV drug nevirapine (NVP) to
      HIV-positive pregnant women and their babies can help reduce the chance that a mother will
      give HIV to her baby during delivery.

      Previous studies suggest that NVP is a promising medication for blocking HIV transmission
      from HIV-positive mothers to their babies.
    </textblock>
  </brief_summary>
  <detailed_description>
    <textblock>
      NVP has several properties that make it an attractive candidate for antiretroviral therapy to
      interrupt HIV-1 transmission in the intrapartum and early post-partum period. The
      pharmacokinetic profile suggests that NVP would be rapidly absorbed and transferred to the
      infant in utero when given during labor and delivery. The HIV-1 antiviral activity is rapid
      with significant reduction in plasma virus occurring within a few days of drug
      administration. In addition, NVP has been shown to penetrate cell-free virions and inactivate
      virion-associated RT in situ. This property would be potentially useful in inactivating
      cell-free virions in the genital tract as well as in breast milk. These characteristics of
      NVP suggest that treatment of an HIV-infected pregnant woman in labor with an oral dose of
      NVP may provide a prophylactic level of NVP in the infant during the time of exposure to
      virus in the birth canal and/or maternal blood. In addition, NVP may inactivate the
      virion-associated RT present in cell-free virions in the genital tract or breast milk.

      Mothers are randomized to receive either a single oral dose of NVP during labor or the
      corresponding NVP placebo. Randomization occurs at any time after the 28th week of gestation.
      To assure balance between the treatment groups, the randomization is stratified using 2
      factors: 1) use of antiretroviral therapy during the current pregnancy (no antiretroviral
      therapy at all; monotherapy [with no multi-agent therapy] for any duration; multi-agent
      therapy for any duration), and 2) CD4 cell count at the time of randomization (less than 200
      cells; 200 to 399 cells; 400 cells or greater). Mothers are followed on-study for 4 to 6
      weeks postpartum.

      Due to the results of ACTG 076 and 185, all women for entry into ACTG 316 are encouraged to
      incorporate a regimen of zidovudine (ZDV) into their current treatment regimen and should
      continue ZDV during delivery and to their neonates (for at least 6 weeks post-birth).

      Infants receive a single oral dose of NVP (or the corresponding placebo) administered between
      48 and 72 hours of life. The infant's study drug is the same as the mother's randomized
      treatment assignment. Infants are dosed with study drug according to their randomization
      group regardless of whether the mother received study drug or not. Infants are followed for 6
      months of life, and are tested for HIV at birth, 4 to 6 weeks of life, 3 months of life, and
      6 months of life.
    </textblock>
  </detailed_description>
  <overall_status>Completed</overall_status>
  <completion_date type="Actual">May 2001</completion_date>
  <phase>Phase 3</phase>
  <study_type>Interventional</study_type>
  <has_expanded_access>No</has_expanded_access>
  <study_design_info>
    <primary_purpose>Prevention</primary_purpose>
    <masking>Double</masking>
  </study_design_info>
  <enrollment>1244</enrollment>
  <condition>HIV Infections</condition>
  <condition>Pregnancy</condition>
  <intervention>
    <intervention_type>Drug</intervention_type>
    <intervention_name>Nevirapine</intervention_name>
  </intervention>
  <eligibility>
    <criteria>
      <textblock>
        Inclusion Criteria

        You may be eligible for this study if you:

          -  Are an HIV-positive pregnant woman.

          -  Have been pregnant for at least 28 weeks.

          -  Are at least 13 years of age (consent of parent or guardian is required if under 18).

        Exclusion Criteria

        You will not be eligible for this study if:

          -  Your baby will not live.

          -  You intend to breast-feed.

          -  You are allergic to benzodiazepines (a tranquilizer).

          -  You have a liver disorder.

          -  You have received non-nucleoside reverse transcriptase inhibitors (a class of anti-HIV
             drugs).
      </textblock>
    </criteria>
    <gender>All</gender>
    <minimum_age>13 Years</minimum_age>
    <maximum_age>N/A</maximum_age>
    <healthy_volunteers>No</healthy_volunteers>
  </eligibility>
  <overall_official>
    <last_name>Alejandro Dorenbaum, MD</last_name>
    <role>Study Chair</role>
  </overall_official>
  <overall_official>
    <last_name>John L. Sullivan, MD</last_name>
    <role>Study Chair</role>
  </overall_official>
  <location>
    <facility>
      <name>Princess Margaret Hosp</name>
      <address>
        <city>Nassau</city>
        <country>Bahamas</country>
      </address>
    </facility>
  </location>
  <location>
    <facility>
      <name>Hopital Hotel Dieu de Lyon</name>
      <address>
        <city>Lyon</city>
        <country>France</country>
      </address>
    </facility>
  </location>
  <location>
    <facility>
      <name>CHRU de Nantes</name>
      <address>
        <city>Nantes</city>
        <country>France</country>
      </address>
    </facility>
  </location>
  <location>
    <facility>
      <name>Universita Frederico II</name>
      <address>
        <city>Napoli</city>
        <country>Italy</country>
      </address>
    </facility>
  </location>
  <location>
    <facility>
      <name>Hosp Doce De Octubre</name>
      <address>
        <city>Madrid</city>
        <country>Spain</country>
      </address>
    </facility>
  </location>
  <location_countries>
    <country>Bahamas</country>
    <country>France</country>
    <country>Italy</country>
    <country>Spain</country>
  </location_countries>
  <reference>
    <citation>Cunningham CK, Balasubramanian R, Delke I, Maupin R, Mofenson L, Dorenbaum A, Sullivan JL, Gonzalez-Garcia A, Thorpe E, Rathore M, Gelber RD. The impact of race/ethnicity on mother-to-child HIV transmission in the United States in Pediatric AIDS Clinical Trials Group Protocol 316. J Acquir Immune Defic Syndr. 2004 Jul 1;36(3):800-7.</citation>
    <PMID>15213563</PMID>
  </reference>
  <reference>
    <citation>Watts DH, Balasubramanian R, Maupin RT Jr, Delke I, Dorenbaum A, Fiore S, Newell ML, Delfraissy JF, Gelber RD, Mofenson LM, Culnane M, Cunningham CK; PACTG 316 Study Team. Maternal toxicity and pregnancy complications in human immunodeficiency virus-infected women receiving antiretroviral therapy: PACTG 316. Am J Obstet Gynecol. 2004 Feb;190(2):506-16.</citation>
    <PMID>14981398</PMID>
  </reference>
  <verification_date>March 2012</verification_date>
  <study_first_submitted>November 2, 1999</study_first_submitted>
  <study_first_submitted_qc>August 30, 2001</study_first_submitted_qc>
  <study_first_posted type="Estimate">August 31, 2001</study_first_posted>
  <last_update_submitted>March 30, 2012</last_update_submitted>
  <last_update_submitted_qc>March 30, 2012</last_update_submitted_qc>
  <last_update_posted type="Estimate">April 3, 2012</last_update_posted>
  <responsible_party>
    <responsible_party_type>Sponsor</responsible_party_type>
  </responsible_party>
  <keyword>Placebos</keyword>
  <keyword>Pregnancy</keyword>
  <keyword>Pregnancy Complications, Infectious</keyword>
  <keyword>Nevirapine</keyword>
  <keyword>Disease Transmission, Vertical</keyword>
  <keyword>Labor</keyword>
  <keyword>Anti-HIV Agents</keyword>
  <condition_browse>
    <!-- CAUTION:  The following MeSH terms are assigned with an imperfect algorithm            -->
    <mesh_term>HIV Infections</mesh_term>
  </condition_browse>
  <intervention_browse>
    <!-- CAUTION:  The following MeSH terms are assigned with an imperfect algorithm            -->
    <mesh_term>Nevirapine</mesh_term>
  </intervention_browse>
  <!-- Results have not yet been posted for this study                                          -->
</clinical_study>

