<clinical_study>
  <!-- This xml conforms to an XML Schema at:
    https://clinicaltrials.gov/ct2/html/images/info/public.xsd -->
  <required_header>
    <download_date>ClinicalTrials.gov processed this data on July 31, 2020</download_date>
    <link_text>Link to the current ClinicalTrials.gov record.</link_text>
    <url>https://clinicaltrials.gov/show/NCT00001028</url>
  </required_header>
  <id_info>
    <org_study_id>CPCRA 013</org_study_id>
    <secondary_id>11565</secondary_id>
    <nct_id>NCT00001028</nct_id>
  </id_info>
  <brief_title>A Study of Pentamidine Plus Dapsone in the Prevention of Pneumocystis Carinii Pneumonia (PCP) in HIV-Infected Patients Who Cannot Take Trimethoprim or Sulfonamides</brief_title>
  <official_title>A Randomized, Comparative, Prospective Study of Monthly Aerosolized Pentamidine and Thrice Weekly Dapsone for Prophylaxis Against PCP in HIV-Infected Patients Who Are Intolerant to Trimethoprim and/or Sulfonamides</official_title>
  <sponsors>
    <lead_sponsor>
      <agency>National Institute of Allergy and Infectious Diseases (NIAID)</agency>
      <agency_class>NIH</agency_class>
    </lead_sponsor>
    <collaborator>
      <agency>Jacobus Pharmaceutical</agency>
      <agency_class>Industry</agency_class>
    </collaborator>
    <collaborator>
      <agency>Fujisawa Pharmaceutical Co</agency>
      <agency_class>Industry</agency_class>
    </collaborator>
  </sponsors>
  <source>National Institute of Allergy and Infectious Diseases (NIAID)</source>
  <brief_summary>
    <textblock>
      To compare the safety and efficacy of aerosolized pentamidine and dapsone in the prevention
      of Pneumocystis carinii pneumonia (PCP) in high-risk HIV-infected patients who are intolerant
      to trimethoprim and/or sulfonamides.

      Both aerosolized pentamidine and dapsone have been shown to prevent PCP, but both drugs cause
      side effects. This study attempts to determine which drug is more efficacious as prophylaxis
      against PCP in patients who cannot tolerate trimethoprim/sulfamethoxazole.
    </textblock>
  </brief_summary>
  <detailed_description>
    <textblock>
      Both aerosolized pentamidine and dapsone have been shown to prevent PCP, but both drugs cause
      side effects. This study attempts to determine which drug is more efficacious as prophylaxis
      against PCP in patients who cannot tolerate trimethoprim/sulfamethoxazole.

      Patients are evenly divided between two treatment arms to receive either aerosolized
      pentamidine every 4 weeks or dapsone orally three times weekly. Follow-up data is collected
      every 3 months, and patients are clinically evaluated every 6 months. Patients who develop
      PCP or a severe or persistent study drug toxicity may be switched to the alternative study
      drug at the clinician's discretion. Average duration of follow-up is 2 years.
    </textblock>
  </detailed_description>
  <overall_status>Completed</overall_status>
  <completion_date type="Actual">June 1994</completion_date>
  <phase>Phase 3</phase>
  <study_type>Interventional</study_type>
  <has_expanded_access>No</has_expanded_access>
  <study_design_info>
    <primary_purpose>Treatment</primary_purpose>
  </study_design_info>
  <enrollment>400</enrollment>
  <condition>Pneumonia, Pneumocystis Carinii</condition>
  <condition>HIV Infections</condition>
  <intervention>
    <intervention_type>Drug</intervention_type>
    <intervention_name>Pentamidine isethionate</intervention_name>
  </intervention>
  <intervention>
    <intervention_type>Drug</intervention_type>
    <intervention_name>Dapsone</intervention_name>
  </intervention>
  <eligibility>
    <criteria>
      <textblock>
        Inclusion Criteria

        Patients must have:

          -  HIV infection.

          -  CD4 count &lt;= 200 cells/mm3 or &lt;= 15 percent of total lymphocytes OR a history of prior
             PCP.

          -  History of intolerance to trimethoprim and/or sulfonamides.

          -  No active pneumocystosis. Patient or guardian must sign informed consent. Pregnant
             patients are eligible at the clinician's discretion. Patients who do not meet required
             laboratory values may be eligible at the discretion of the clinician.

        Exclusion Criteria

        Concurrent Medication:

        Excluded:

          -  Any medication with potential anti-PCP activity.

        Patients with the following prior conditions are excluded:

          -  Treatment-limiting reaction to pentamidine or dapsone.
      </textblock>
    </criteria>
    <gender>All</gender>
    <minimum_age>13 Years</minimum_age>
    <maximum_age>N/A</maximum_age>
    <healthy_volunteers>No</healthy_volunteers>
  </eligibility>
  <overall_official>
    <last_name>El-Sadr W</last_name>
    <role>Study Chair</role>
  </overall_official>
  <overall_official>
    <last_name>Luskin-Hawk R</last_name>
    <role>Study Chair</role>
  </overall_official>
  <location>
    <facility>
      <name>Community Consortium of San Francisco</name>
      <address>
        <city>San Francisco</city>
        <state>California</state>
        <zip>94110</zip>
        <country>United States</country>
      </address>
    </facility>
  </location>
  <location>
    <facility>
      <name>Denver CPCRA / Denver Public Hlth</name>
      <address>
        <city>Denver</city>
        <state>Colorado</state>
        <zip>802044507</zip>
        <country>United States</country>
      </address>
    </facility>
  </location>
  <location>
    <facility>
      <name>Wilmington Hosp / Med Ctr of Delaware</name>
      <address>
        <city>Wilmington</city>
        <state>Delaware</state>
        <zip>19899</zip>
        <country>United States</country>
      </address>
    </facility>
  </location>
  <location>
    <facility>
      <name>Veterans Administration Med Ctr / Regional AIDS Program</name>
      <address>
        <city>Washington</city>
        <state>District of Columbia</state>
        <zip>20422</zip>
        <country>United States</country>
      </address>
    </facility>
  </location>
  <location>
    <facility>
      <name>AIDS Research Alliance - Chicago</name>
      <address>
        <city>Chicago</city>
        <state>Illinois</state>
        <zip>60657</zip>
        <country>United States</country>
      </address>
    </facility>
  </location>
  <location>
    <facility>
      <name>Wishard Hosp / Indiana Univ Hosp</name>
      <address>
        <city>Indianapolis</city>
        <state>Indiana</state>
        <zip>46202</zip>
        <country>United States</country>
      </address>
    </facility>
  </location>
  <location>
    <facility>
      <name>Louisiana Comm AIDS Rsch Prog / Tulane Univ Med</name>
      <address>
        <city>New Orleans</city>
        <state>Louisiana</state>
        <zip>70112</zip>
        <country>United States</country>
      </address>
    </facility>
  </location>
  <location>
    <facility>
      <name>Comprehensive AIDS Alliance of Detroit</name>
      <address>
        <city>Detroit</city>
        <state>Michigan</state>
        <zip>48201</zip>
        <country>United States</country>
      </address>
    </facility>
  </location>
  <location>
    <facility>
      <name>Henry Ford Hosp</name>
      <address>
        <city>Detroit</city>
        <state>Michigan</state>
        <zip>48202</zip>
        <country>United States</country>
      </address>
    </facility>
  </location>
  <location>
    <facility>
      <name>North Jersey Community Research Initiative</name>
      <address>
        <city>Newark</city>
        <state>New Jersey</state>
        <zip>071032842</zip>
        <country>United States</country>
      </address>
    </facility>
  </location>
  <location>
    <facility>
      <name>Bronx Lebanon Hosp Ctr</name>
      <address>
        <city>Bronx</city>
        <state>New York</state>
        <zip>10456</zip>
        <country>United States</country>
      </address>
    </facility>
  </location>
  <location>
    <facility>
      <name>Harlem AIDS Treatment Group / Harlem Hosp Ctr</name>
      <address>
        <city>New York</city>
        <state>New York</state>
        <zip>10037</zip>
        <country>United States</country>
      </address>
    </facility>
  </location>
  <location>
    <facility>
      <name>Portland Veterans Adm Med Ctr / Rsch &amp; Education Grp</name>
      <address>
        <city>Portland</city>
        <state>Oregon</state>
        <zip>972109951</zip>
        <country>United States</country>
      </address>
    </facility>
  </location>
  <location>
    <facility>
      <name>Richmond AIDS Consortium</name>
      <address>
        <city>Richmond</city>
        <state>Virginia</state>
        <zip>23298</zip>
        <country>United States</country>
      </address>
    </facility>
  </location>
  <location_countries>
    <country>United States</country>
  </location_countries>
  <reference>
    <citation>el-Sadr W, Wentworth D, Dehlinger M, Larntz K. Design and implementation of a community-based trial for prophylaxis for P. carinii pneumonia (PCP). Int Conf AIDS. 1993 Jun 6-11;9(1):79 (abstract no WS-B36-2)</citation>
  </reference>
  <verification_date>March 2012</verification_date>
  <study_first_submitted>November 2, 1999</study_first_submitted>
  <study_first_submitted_qc>August 30, 2001</study_first_submitted_qc>
  <study_first_posted type="Estimate">August 31, 2001</study_first_posted>
  <last_update_submitted>March 28, 2012</last_update_submitted>
  <last_update_submitted_qc>March 28, 2012</last_update_submitted_qc>
  <last_update_posted type="Estimate">March 29, 2012</last_update_posted>
  <responsible_party>
    <responsible_party_type>Sponsor</responsible_party_type>
  </responsible_party>
  <keyword>Pneumonia, Pneumocystis carinii</keyword>
  <keyword>Pentamidine</keyword>
  <keyword>Dapsone</keyword>
  <keyword>Acquired Immunodeficiency Syndrome</keyword>
  <keyword>AIDS-Related Complex</keyword>
  <condition_browse>
    <!-- CAUTION:  The following MeSH terms are assigned with an imperfect algorithm            -->
    <mesh_term>Pneumonia, Pneumocystis</mesh_term>
    <mesh_term>Pneumonia</mesh_term>
  </condition_browse>
  <intervention_browse>
    <!-- CAUTION:  The following MeSH terms are assigned with an imperfect algorithm            -->
    <mesh_term>Dapsone</mesh_term>
    <mesh_term>Pentamidine</mesh_term>
  </intervention_browse>
  <!-- Results have not yet been posted for this study                                          -->
</clinical_study>

