<clinical_study>
  <!-- This xml conforms to an XML Schema at:
    https://clinicaltrials.gov/ct2/html/images/info/public.xsd -->
  <required_header>
    <download_date>ClinicalTrials.gov processed this data on July 31, 2020</download_date>
    <link_text>Link to the current ClinicalTrials.gov record.</link_text>
    <url>https://clinicaltrials.gov/show/NCT00002087</url>
  </required_header>
  <id_info>
    <org_study_id>084A</org_study_id>
    <secondary_id>Amend 022</secondary_id>
    <secondary_id>P/3325/0002</secondary_id>
    <nct_id>NCT00002087</nct_id>
  </id_info>
  <brief_title>Safety, Tolerance, Efficacy and Pharmacokinetics of Multiple Doses of sCD4-PE40 in the Treatment of HIV-Infected Individuals</brief_title>
  <official_title>Safety, Tolerance, Efficacy and Pharmacokinetics of Multiple Doses of sCD4-PE40 in the Treatment of HIV-Infected Individuals</official_title>
  <sponsors>
    <lead_sponsor>
      <agency>Pharmacia and Upjohn</agency>
      <agency_class>Industry</agency_class>
    </lead_sponsor>
  </sponsors>
  <source>NIH AIDS Clinical Trials Information Service</source>
  <brief_summary>
    <textblock>
      To investigate the safety and tolerance of an increasing number of infusions per week of
      alvircept sudotox ( sCD4-PE40; soluble CD4-Pseudomonas exotoxin ) at a fixed dose when
      administered to HIV-1-infected individuals. To investigate the effect of sCD4-PE40 on the
      following parameters: T lymphocyte subsets, plasma HIV RNA and cellular HIV proviral DNA in
      PBMC and CD4 cells, p24 levels, serum beta-2 microglobulin, and neopterin levels.
    </textblock>
  </brief_summary>
  <overall_status>Completed</overall_status>
  <phase>Phase 1</phase>
  <study_type>Interventional</study_type>
  <has_expanded_access>No</has_expanded_access>
  <study_design_info>
    <primary_purpose>Treatment</primary_purpose>
    <masking>None (Open Label)</masking>
  </study_design_info>
  <condition>HIV Infections</condition>
  <intervention>
    <intervention_type>Drug</intervention_type>
    <intervention_name>Alvircept sudotox</intervention_name>
  </intervention>
  <eligibility>
    <criteria>
      <textblock>
        Inclusion Criteria

        Patients must have:

          -  HIV positivity confirmed by Western blot.

          -  CD4 count of 100 - 500 cells/mm3 on a morning draw within 3 weeks prior to study
             entry.

        Exclusion Criteria

        Co-existing Condition:

        Patients with the following symptoms and conditions are excluded:

          -  Concurrent neoplasms other than basal cell carcinoma of the skin, in situ carcinoma of
             the cervix, or nondisseminated Kaposi's sarcoma.

          -  Hemophilia or other clotting disorders.

          -  Major organ allograft.

          -  Significant cardiac, hepatic, renal, or CNS disease.

        Prior Medication:

        Excluded:

          -  Antiretroviral agents within 2 months prior to study entry.

          -  Known anti-HIV medication within 60 days prior to study entry.

          -  Prior immunomodulators (e.g., systemic steroids, interferons, or interleukins) or
             other chemotherapy.

        Prior Treatment:

        Excluded:

          -  Prior radiation therapy. Active substance abuse.
      </textblock>
    </criteria>
    <gender>All</gender>
    <minimum_age>18 Years</minimum_age>
    <maximum_age>N/A</maximum_age>
    <healthy_volunteers>No</healthy_volunteers>
  </eligibility>
  <location>
    <facility>
      <name>Stanford Univ Med Ctr</name>
      <address>
        <city>Stanford</city>
        <state>California</state>
        <zip>943055107</zip>
        <country>United States</country>
      </address>
    </facility>
  </location>
  <location_countries>
    <country>United States</country>
  </location_countries>
  <reference>
    <citation>Davey RT Jr, Boenning CM, Herpin BR, Batts DH, Metcalf JA, Wathen L, Cox SR, Polis MA, Kovacs JA, Falloon J, et al. Use of recombinant soluble CD4 Pseudomonas exotoxin, a novel immunotoxin, for treatment of persons infected with human immunodeficiency virus. J Infect Dis. 1994 Nov;170(5):1180-8.</citation>
    <PMID>7963711</PMID>
  </reference>
  <verification_date>April 1994</verification_date>
  <study_first_submitted>November 2, 1999</study_first_submitted>
  <study_first_submitted_qc>August 30, 2001</study_first_submitted_qc>
  <study_first_posted type="Estimate">August 31, 2001</study_first_posted>
  <last_update_submitted>June 23, 2005</last_update_submitted>
  <last_update_submitted_qc>June 23, 2005</last_update_submitted_qc>
  <last_update_posted type="Estimate">June 24, 2005</last_update_posted>
  <keyword>Recombinant Proteins</keyword>
  <keyword>Acquired Immunodeficiency Syndrome</keyword>
  <keyword>Antigens, CD4</keyword>
  <keyword>AIDS-Related Complex</keyword>
  <condition_browse>
    <!-- CAUTION:  The following MeSH terms are assigned with an imperfect algorithm            -->
    <mesh_term>HIV Infections</mesh_term>
  </condition_browse>
  <!-- Results have not yet been posted for this study                                          -->
</clinical_study>

