<clinical_study>
  <!-- This xml conforms to an XML Schema at:
    https://clinicaltrials.gov/ct2/html/images/info/public.xsd -->
  <required_header>
    <download_date>ClinicalTrials.gov processed this data on July 31, 2020</download_date>
    <link_text>Link to the current ClinicalTrials.gov record.</link_text>
    <url>https://clinicaltrials.gov/show/NCT00002450</url>
  </required_header>
  <id_info>
    <org_study_id>283D</org_study_id>
    <secondary_id>GS-99-907</secondary_id>
    <nct_id>NCT00002450</nct_id>
  </id_info>
  <brief_title>Safety and Effectiveness of Tenofovir Disoproxil Fumarate (Tenofovir DF) Plus Other Anti-HIV Drugs in HIV-Infected Patients</brief_title>
  <official_title>A Phase III, Double-Blind, Randomized, Placebo-Controlled, Multicenter Study of the Safety and Efficacy of Tenofovir Disoproxil Fumarate in Combination With Other Antiretroviral Agents for the Treatment of HIV-1 Infected Patients</official_title>
  <sponsors>
    <lead_sponsor>
      <agency>Gilead Sciences</agency>
      <agency_class>Industry</agency_class>
    </lead_sponsor>
  </sponsors>
  <source>NIH AIDS Clinical Trials Information Service</source>
  <brief_summary>
    <textblock>
      The purpose of this study is to see if giving tenofovir DF plus a combination of other
      anti-HIV drugs is safe and effective.
    </textblock>
  </brief_summary>
  <detailed_description>
    <textblock>
      Patients are randomized 2:1 to add tenofovir DF once daily or placebo to their existing
      antiretroviral regimen in a blinded manner. Patients are stratified according to HIV-1 RNA
      level, CD4 cell count, and number of antiretroviral drugs taken prior to study entry.
      Patients and physicians are strongly discouraged from making changes in their antiviral
      therapies for at least 24 weeks post-randomization. After Week 24, changes in background
      antiretroviral therapy are permitted. At 24 weeks post-randomization, patients randomized to
      receive placebo are crossed over to receive open-label tenofovir DF once daily for the
      remainder of the 48-week study. While on study drug, patients are monitored for safety using
      periodic physical examinations and serial laboratory tests. Additionally, changes in plasma
      HIV RNA levels and CD4 cell counts are monitored to assess antiviral efficacy. At the end of
      the 48-week study period, patients are rolled over into extended dosing until tenofovir DF is
      commercially available or Gilead Sciences terminates the study.
    </textblock>
  </detailed_description>
  <overall_status>Completed</overall_status>
  <phase>Phase 3</phase>
  <study_type>Interventional</study_type>
  <has_expanded_access>No</has_expanded_access>
  <study_design_info>
    <primary_purpose>Treatment</primary_purpose>
    <masking>Double</masking>
  </study_design_info>
  <enrollment>600</enrollment>
  <condition>HIV Infections</condition>
  <intervention>
    <intervention_type>Drug</intervention_type>
    <intervention_name>Tenofovir disoproxil fumarate</intervention_name>
  </intervention>
  <eligibility>
    <criteria>
      <textblock>
        Inclusion Criteria

        Patients may be eligible for this study if they:

          -  Are HIV-positive.

          -  Have been on stable anti-HIV therapy for at least 8 weeks with no more than 4 anti-HIV
             drugs at the time of study entry.

          -  Have a viral load (level of HIV in the blood) between 400 and 10,000 copies/ml.

          -  Have good kidney function.

          -  Are 18 to 65 years old.

          -  Agree to use a barrier method of birth control (such as condoms) during the study and
             for 30 days after.

        Exclusion Criteria

        Patients will not be eligible for this study if they:

          -  Have a new AIDS-related illness diagnosed within 30 days of study entry.

          -  Have any other serious medical conditions, including kidney or bone disease, an active
             infection requiring antibiotics, or cancer (other than Kaposi's sarcoma or certain
             skin cancers).

          -  Have received a vaccine within 30 days of study entry.

          -  Are unable to take medications by mouth.

          -  Have ever taken tenofovir or adefovir dipivoxil.

          -  Have taken certain medications within 30 days of study entry, such as chemotherapy,
             corticosteroids, medications that affect the kidneys, treatment for Kaposi's sarcoma,
             or certain experimental drugs.

          -  Abuse alcohol or drugs.

          -  Are pregnant or breast-feeding.
      </textblock>
    </criteria>
    <gender>All</gender>
    <minimum_age>18 Years</minimum_age>
    <maximum_age>65 Years</maximum_age>
    <healthy_volunteers>No</healthy_volunteers>
  </eligibility>
  <location>
    <facility>
      <name>Univ of Alabama at Birmingham</name>
      <address>
        <city>Birmingham</city>
        <state>Alabama</state>
        <zip>35294</zip>
        <country>United States</country>
      </address>
    </facility>
  </location>
  <location>
    <facility>
      <name>Phoenix Body Positive</name>
      <address>
        <city>Phoenix</city>
        <state>Arizona</state>
        <zip>85016</zip>
        <country>United States</country>
      </address>
    </facility>
  </location>
  <location>
    <facility>
      <name>Ocean View Internal Medicine</name>
      <address>
        <city>Long Beach</city>
        <state>California</state>
        <zip>90803</zip>
        <country>United States</country>
      </address>
    </facility>
  </location>
  <location>
    <facility>
      <name>St Mary's Med Ctr</name>
      <address>
        <city>Long Beach</city>
        <state>California</state>
        <zip>90813</zip>
        <country>United States</country>
      </address>
    </facility>
  </location>
  <location>
    <facility>
      <name>AIDS Healthcare Foundation-Research Center</name>
      <address>
        <city>Los Angeles</city>
        <state>California</state>
        <zip>90027</zip>
        <country>United States</country>
      </address>
    </facility>
  </location>
  <location>
    <facility>
      <name>Kaiser Permanente LAMC</name>
      <address>
        <city>Los Angeles</city>
        <state>California</state>
        <zip>90027</zip>
        <country>United States</country>
      </address>
    </facility>
  </location>
  <location>
    <facility>
      <name>LAC / USC Med Ctr / Infectious Diseases</name>
      <address>
        <city>Los Angeles</city>
        <state>California</state>
        <zip>90033</zip>
        <country>United States</country>
      </address>
    </facility>
  </location>
  <location>
    <facility>
      <name>Cedars Sinai Med Ctr</name>
      <address>
        <city>Los Angeles</city>
        <state>California</state>
        <zip>90048</zip>
        <country>United States</country>
      </address>
    </facility>
  </location>
  <location>
    <facility>
      <name>Tower Infectious Diseases / Med Associates Inc</name>
      <address>
        <city>Los Angeles</city>
        <state>California</state>
        <zip>90048</zip>
        <country>United States</country>
      </address>
    </facility>
  </location>
  <location>
    <facility>
      <name>Robert Scott MD</name>
      <address>
        <city>Oakland</city>
        <state>California</state>
        <zip>94609</zip>
        <country>United States</country>
      </address>
    </facility>
  </location>
  <location>
    <facility>
      <name>UCSD Med Ctr - Owen Clinic</name>
      <address>
        <city>San Diego</city>
        <state>California</state>
        <zip>921038681</zip>
        <country>United States</country>
      </address>
    </facility>
  </location>
  <location>
    <facility>
      <name>Pacific Horizons Med Group</name>
      <address>
        <city>San Francisco</city>
        <state>California</state>
        <zip>94115</zip>
        <country>United States</country>
      </address>
    </facility>
  </location>
  <location>
    <facility>
      <name>Kaiser Foundation Hospital</name>
      <address>
        <city>San Francisco</city>
        <state>California</state>
        <zip>94118</zip>
        <country>United States</country>
      </address>
    </facility>
  </location>
  <location>
    <facility>
      <name>San Francisco VA Med Ctr</name>
      <address>
        <city>San Francisco</city>
        <state>California</state>
        <zip>94121</zip>
        <country>United States</country>
      </address>
    </facility>
  </location>
  <location>
    <facility>
      <name>Harbor UCLA Med Ctr / Research and Educational Institute</name>
      <address>
        <city>Torrance</city>
        <state>California</state>
        <zip>90502</zip>
        <country>United States</country>
      </address>
    </facility>
  </location>
  <location>
    <facility>
      <name>Univ of Colorado / Health Science Ctr</name>
      <address>
        <city>Denver</city>
        <state>Colorado</state>
        <zip>80262</zip>
        <country>United States</country>
      </address>
    </facility>
  </location>
  <location>
    <facility>
      <name>Yale New Haven Hosp / Nathan Smith Clinic</name>
      <address>
        <city>New Haven</city>
        <state>Connecticut</state>
        <zip>06504</zip>
        <country>United States</country>
      </address>
    </facility>
  </location>
  <location>
    <facility>
      <name>Yale-New Haven Hospital</name>
      <address>
        <city>New Haven</city>
        <state>Connecticut</state>
        <zip>06504</zip>
        <country>United States</country>
      </address>
    </facility>
  </location>
  <location>
    <facility>
      <name>George Washington Univ Med Ctr</name>
      <address>
        <city>Washington</city>
        <state>District of Columbia</state>
        <zip>20037</zip>
        <country>United States</country>
      </address>
    </facility>
  </location>
  <location>
    <facility>
      <name>Physicans Home Service</name>
      <address>
        <city>Washington</city>
        <state>District of Columbia</state>
        <zip>20037</zip>
        <country>United States</country>
      </address>
    </facility>
  </location>
  <location>
    <facility>
      <name>Therafirst Med Ctr</name>
      <address>
        <city>Fort Lauderdale</city>
        <state>Florida</state>
        <zip>33308</zip>
        <country>United States</country>
      </address>
    </facility>
  </location>
  <location>
    <facility>
      <name>ARTCTC</name>
      <address>
        <city>Fort Pierce</city>
        <state>Florida</state>
        <zip>34950</zip>
        <country>United States</country>
      </address>
    </facility>
  </location>
  <location>
    <facility>
      <name>Steinhart Medical Associates</name>
      <address>
        <city>Miami</city>
        <state>Florida</state>
        <zip>33133</zip>
        <country>United States</country>
      </address>
    </facility>
  </location>
  <location>
    <facility>
      <name>Univ of Miami School of Medicine</name>
      <address>
        <city>Miami</city>
        <state>Florida</state>
        <zip>33136</zip>
        <country>United States</country>
      </address>
    </facility>
  </location>
  <location>
    <facility>
      <name>Hillsborough County Health Dept</name>
      <address>
        <city>Tampa</city>
        <state>Florida</state>
        <zip>33602</zip>
        <country>United States</country>
      </address>
    </facility>
  </location>
  <location>
    <facility>
      <name>Treasure Coast Infectious Disease Consultants</name>
      <address>
        <city>Vero Beach</city>
        <state>Florida</state>
        <zip>32960</zip>
        <country>United States</country>
      </address>
    </facility>
  </location>
  <location>
    <facility>
      <name>AIDS Research Consortium of Atlanta Inc</name>
      <address>
        <city>Atlanta</city>
        <state>Georgia</state>
        <zip>30308</zip>
        <country>United States</country>
      </address>
    </facility>
  </location>
  <location>
    <facility>
      <name>Ponce de Leon Med Ctr</name>
      <address>
        <city>Atlanta</city>
        <state>Georgia</state>
        <zip>30308</zip>
        <country>United States</country>
      </address>
    </facility>
  </location>
  <location>
    <facility>
      <name>Northstar Med Clinic</name>
      <address>
        <city>Chicago</city>
        <state>Illinois</state>
        <zip>60657</zip>
        <country>United States</country>
      </address>
    </facility>
  </location>
  <location>
    <facility>
      <name>Bendel Med Research</name>
      <address>
        <city>Lafayette</city>
        <state>Louisiana</state>
        <zip>70503</zip>
        <country>United States</country>
      </address>
    </facility>
  </location>
  <location>
    <facility>
      <name>Dr Joel Gallant</name>
      <address>
        <city>Baltimore</city>
        <state>Maryland</state>
        <zip>21205</zip>
        <country>United States</country>
      </address>
    </facility>
  </location>
  <location>
    <facility>
      <name>New England Med Ctr</name>
      <address>
        <city>Boston</city>
        <state>Massachusetts</state>
        <zip>02111</zip>
        <country>United States</country>
      </address>
    </facility>
  </location>
  <location>
    <facility>
      <name>Massachusetts Gen Hosp</name>
      <address>
        <city>Boston</city>
        <state>Massachusetts</state>
        <zip>02114</zip>
        <country>United States</country>
      </address>
    </facility>
  </location>
  <location>
    <facility>
      <name>Harper Hosp</name>
      <address>
        <city>Detroit</city>
        <state>Michigan</state>
        <zip>48201</zip>
        <country>United States</country>
      </address>
    </facility>
  </location>
  <location>
    <facility>
      <name>Regions Hosp / HIV/AIDS Program</name>
      <address>
        <city>St. Paul</city>
        <state>Minnesota</state>
        <zip>55101</zip>
        <country>United States</country>
      </address>
    </facility>
  </location>
  <location>
    <facility>
      <name>Univ of NM</name>
      <address>
        <city>Albuquerque</city>
        <state>New Mexico</state>
        <zip>87131</zip>
        <country>United States</country>
      </address>
    </facility>
  </location>
  <location>
    <facility>
      <name>Albany Med College</name>
      <address>
        <city>Albany</city>
        <state>New York</state>
        <zip>12208</zip>
        <country>United States</country>
      </address>
    </facility>
  </location>
  <location>
    <facility>
      <name>Bronx Lebanon Hosp Ctr</name>
      <address>
        <city>Bronx</city>
        <state>New York</state>
        <zip>10457</zip>
        <country>United States</country>
      </address>
    </facility>
  </location>
  <location>
    <facility>
      <name>Brookdale Univ Hosp and Med Ctr</name>
      <address>
        <city>Brooklyn</city>
        <state>New York</state>
        <zip>112123198</zip>
        <country>United States</country>
      </address>
    </facility>
  </location>
  <location>
    <facility>
      <name>Howard Grossman</name>
      <address>
        <city>New York</city>
        <state>New York</state>
        <zip>10011</zip>
        <country>United States</country>
      </address>
    </facility>
  </location>
  <location>
    <facility>
      <name>St Vincent's Hosp</name>
      <address>
        <city>New York</city>
        <state>New York</state>
        <zip>10011</zip>
        <country>United States</country>
      </address>
    </facility>
  </location>
  <location>
    <facility>
      <name>Columbia Univ</name>
      <address>
        <city>New York</city>
        <state>New York</state>
        <zip>10032</zip>
        <country>United States</country>
      </address>
    </facility>
  </location>
  <location>
    <facility>
      <name>Univ of Rochester Medical Center</name>
      <address>
        <city>Rochester</city>
        <state>New York</state>
        <zip>14642</zip>
        <country>United States</country>
      </address>
    </facility>
  </location>
  <location>
    <facility>
      <name>Nalle Clinic / Clinical Research Dept</name>
      <address>
        <city>Charlotte</city>
        <state>North Carolina</state>
        <zip>28207</zip>
        <country>United States</country>
      </address>
    </facility>
  </location>
  <location>
    <facility>
      <name>Ian Baird</name>
      <address>
        <city>Columbus</city>
        <state>Ohio</state>
        <zip>43214</zip>
        <country>United States</country>
      </address>
    </facility>
  </location>
  <location>
    <facility>
      <name>Remington Davis Inc</name>
      <address>
        <city>Columbus</city>
        <state>Ohio</state>
        <zip>43215</zip>
        <country>United States</country>
      </address>
    </facility>
  </location>
  <location>
    <facility>
      <name>Oklahoma Univ Health Science Ctr</name>
      <address>
        <city>Oklahoma City</city>
        <state>Oklahoma</state>
        <zip>73104</zip>
        <country>United States</country>
      </address>
    </facility>
  </location>
  <location>
    <facility>
      <name>Pennsylvania State College of Medicine</name>
      <address>
        <city>Hershey</city>
        <state>Pennsylvania</state>
        <zip>17033</zip>
        <country>United States</country>
      </address>
    </facility>
  </location>
  <location>
    <facility>
      <name>Miriam Hosp / Brown Univ</name>
      <address>
        <city>Providence</city>
        <state>Rhode Island</state>
        <zip>02906</zip>
        <country>United States</country>
      </address>
    </facility>
  </location>
  <location>
    <facility>
      <name>Dallas Veterans Administration Med Ctr</name>
      <address>
        <city>Dallas</city>
        <state>Texas</state>
        <zip>75216</zip>
        <country>United States</country>
      </address>
    </facility>
  </location>
  <location>
    <facility>
      <name>Nicholas Bellos</name>
      <address>
        <city>Dallas</city>
        <state>Texas</state>
        <zip>75246</zip>
        <country>United States</country>
      </address>
    </facility>
  </location>
  <location>
    <facility>
      <name>Thomas Street Clinic</name>
      <address>
        <city>Houston</city>
        <state>Texas</state>
        <zip>77009</zip>
        <country>United States</country>
      </address>
    </facility>
  </location>
  <location>
    <facility>
      <name>Univ of Texas / Thomas Street Clinic</name>
      <address>
        <city>Houston</city>
        <state>Texas</state>
        <zip>77030</zip>
        <country>United States</country>
      </address>
    </facility>
  </location>
  <location>
    <facility>
      <name>Univ TX San Antonio Health Science Ctr</name>
      <address>
        <city>San Antonio</city>
        <state>Texas</state>
        <zip>78284</zip>
        <country>United States</country>
      </address>
    </facility>
  </location>
  <location>
    <facility>
      <name>Infectious Diseases Physicians Inc</name>
      <address>
        <city>Annandale</city>
        <state>Virginia</state>
        <zip>22003</zip>
        <country>United States</country>
      </address>
    </facility>
  </location>
  <location>
    <facility>
      <name>Hampton Roads Med Specialists</name>
      <address>
        <city>Hampton</city>
        <state>Virginia</state>
        <zip>23666</zip>
        <country>United States</country>
      </address>
    </facility>
  </location>
  <location>
    <facility>
      <name>Infections Ltd PS</name>
      <address>
        <city>Puyallup</city>
        <state>Washington</state>
        <zip>98371</zip>
        <country>United States</country>
      </address>
    </facility>
  </location>
  <location>
    <facility>
      <name>Infections Ltd / Physicians Med Ctr</name>
      <address>
        <city>Tacoma</city>
        <state>Washington</state>
        <zip>98405</zip>
        <country>United States</country>
      </address>
    </facility>
  </location>
  <location>
    <facility>
      <name>Ponce Univ Hosp</name>
      <address>
        <city>Ponce</city>
        <zip>00731</zip>
        <country>Puerto Rico</country>
      </address>
    </facility>
  </location>
  <location>
    <facility>
      <name>Clinical Research Puerto Rico Inc</name>
      <address>
        <city>San Juan</city>
        <zip>009091711</zip>
        <country>Puerto Rico</country>
      </address>
    </facility>
  </location>
  <location>
    <facility>
      <name>San Juan AIDS Program</name>
      <address>
        <city>Santurce</city>
        <zip>00908</zip>
        <country>Puerto Rico</country>
      </address>
    </facility>
  </location>
  <location_countries>
    <country>Puerto Rico</country>
    <country>United States</country>
  </location_countries>
  <verification_date>July 2000</verification_date>
  <study_first_submitted>January 17, 2000</study_first_submitted>
  <study_first_submitted_qc>August 30, 2001</study_first_submitted_qc>
  <study_first_posted type="Estimate">August 31, 2001</study_first_posted>
  <last_update_submitted>June 23, 2005</last_update_submitted>
  <last_update_submitted_qc>June 23, 2005</last_update_submitted_qc>
  <last_update_posted type="Estimate">June 24, 2005</last_update_posted>
  <keyword>HIV-1</keyword>
  <keyword>Drug Therapy, Combination</keyword>
  <keyword>Drug Administration Schedule</keyword>
  <keyword>RNA, Viral</keyword>
  <keyword>Anti-HIV Agents</keyword>
  <keyword>Viral Load</keyword>
  <condition_browse>
    <!-- CAUTION:  The following MeSH terms are assigned with an imperfect algorithm            -->
    <mesh_term>HIV Infections</mesh_term>
  </condition_browse>
  <intervention_browse>
    <!-- CAUTION:  The following MeSH terms are assigned with an imperfect algorithm            -->
    <mesh_term>Tenofovir</mesh_term>
  </intervention_browse>
  <!-- Results have not yet been posted for this study                                          -->
</clinical_study>

