<clinical_study>
  <!-- This xml conforms to an XML Schema at:
    https://clinicaltrials.gov/ct2/html/images/info/public.xsd -->
  <required_header>
    <download_date>ClinicalTrials.gov processed this data on July 31, 2020</download_date>
    <link_text>Link to the current ClinicalTrials.gov record.</link_text>
    <url>https://clinicaltrials.gov/show/NCT00000637</url>
  </required_header>
  <id_info>
    <org_study_id>ACTG 152</org_study_id>
    <secondary_id>11127</secondary_id>
    <nct_id>NCT00000637</nct_id>
  </id_info>
  <brief_title>A Randomized Comparative Trial of Zidovudine (AZT) Versus 2',3'-Dideoxyinosine (ddI) Versus AZT Plus ddI in Symptomatic HIV-Infected Children</brief_title>
  <official_title>A Randomized Comparative Trial of Zidovudine (AZT) Versus 2',3'-Dideoxyinosine (ddI) Versus AZT Plus ddI in Symptomatic HIV-Infected Children</official_title>
  <sponsors>
    <lead_sponsor>
      <agency>National Institute of Allergy and Infectious Diseases (NIAID)</agency>
      <agency_class>NIH</agency_class>
    </lead_sponsor>
    <collaborator>
      <agency>Bristol-Myers Squibb</agency>
      <agency_class>Industry</agency_class>
    </collaborator>
    <collaborator>
      <agency>Glaxo Wellcome</agency>
      <agency_class>Industry</agency_class>
    </collaborator>
  </sponsors>
  <source>National Institute of Allergy and Infectious Diseases (NIAID)</source>
  <brief_summary>
    <textblock>
      To compare the effectiveness of treatment with zidovudine (AZT) compared to didanosine (ddI)
      and compared to the combination of AZT and ddI as determined by survival and disease
      progression. To compare the relative safety and tolerance of AZT versus ddI versus AZT plus
      ddI in symptomatic HIV infected children; to compare the virological and immunological
      parameters in the three treatment groups. AZT has been shown to delay the progression of AIDS
      in HIV infected individuals. However, bone marrow toxicity is a frequent adverse effect.
      Also, HIV resistance to AZT sometimes occurs in patients who initially respond to treatment,
      but later have progression of the disease. Thus, new drug treatments are needed. Studies of
      ddI in adults and children indicate some effectiveness of the drug. A direct comparison of
      AZT and ddI treatment in children has not been made. Combination antiviral treatment (AZT
      plus ddI) may give added therapeutic benefit to children.
    </textblock>
  </brief_summary>
  <detailed_description>
    <textblock>
      AZT has been shown to delay the progression of AIDS in HIV infected individuals. However,
      bone marrow toxicity is a frequent adverse effect. Also, HIV resistance to AZT sometimes
      occurs in patients who initially respond to treatment, but later have progression of the
      disease. Thus, new drug treatments are needed. Studies of ddI in adults and children indicate
      some effectiveness of the drug. A direct comparison of AZT and ddI treatment in children has
      not been made. Combination antiviral treatment (AZT plus ddI) may give added therapeutic
      benefit to children.

      Patients are placed by random selection into one of three groups to receive either AZT alone,
      ddI alone, or AZT and ddI. This is a double-blind study: neither patient nor treating
      physician knows which group patient is in. If patients are receiving either AZT or ddI alone
      and they develop drug toxicity (after dose reduction), or if HIV disease progresses, the
      alternative single drug is offered. If patients receiving both drugs develop drug toxicity
      (despite dose reduction) or if HIV disease progresses, they discontinue study drug and are
      offered the best alternative therapy. PER AMENDMENT 6/26/95: Initial monotherapy AZT arm is
      unblinded and no further crossover therapy for any arm is permitted. Patients who reach
      crossover criteria on initial blinded ddI or AZT+ddI will be unblinded and permanently
      discontinued from study drugs.
    </textblock>
  </detailed_description>
  <overall_status>Completed</overall_status>
  <completion_date type="Actual">September 1996</completion_date>
  <phase>Phase 3</phase>
  <study_type>Interventional</study_type>
  <has_expanded_access>No</has_expanded_access>
  <study_design_info>
    <primary_purpose>Treatment</primary_purpose>
    <masking>Double</masking>
  </study_design_info>
  <enrollment>819</enrollment>
  <condition>HIV Infections</condition>
  <intervention>
    <intervention_type>Drug</intervention_type>
    <intervention_name>Zidovudine</intervention_name>
  </intervention>
  <intervention>
    <intervention_type>Drug</intervention_type>
    <intervention_name>Didanosine</intervention_name>
  </intervention>
  <eligibility>
    <criteria>
      <textblock>
        Inclusion Criteria

        Concurrent Medication:

        Allowed:

          -  Acetaminophen, ibuprofen, or aspirin, but not on a continual basis for &gt; 72 hours.

          -  Systemic ketoconazole and fluconazole for acute therapy.

        Recommended:

          -  Prophylaxis for PCP. (Primary prophylaxis with TMP / SMX is encouraged.) IV
             pentamidine may be used in selected cases if not administered on a weekly basis.

        Patients must have the following:

          -  HIV infection.

          -  Children randomized prior to their eighteenth birthday are eligible. Co-enrollment in
             either ACTG 179 or 189 is permitted.

        Prior Medication:

        Allowed:

          -  Up to six weeks of antiretroviral or immunomodulator treatment excluding steroids and
             intravenous immunoglobulin.

        Exclusion Criteria

        Co-existing Condition:

        Patients with the following conditions or symptoms are excluded:

          -  Active malignancy.

          -  Pancreatitis or history of pancreatitis within one year prior to study entry
             associated with compatible symptoms.

          -  History of uncontrolled seizure disorder.

          -  Grade 3 or higher peripheral neuropathy.

          -  Cardiomyopathy.

        Concurrent Medication:

        Excluded:

          -  Chemotherapy for malignancy.

          -  Oral acidifying agents.

          -  Acetaminophen, ibuprofen, or aspirin on a continual basis for &gt; 72 hours.

          -  Ketoconazole or fluconazole for prophylaxis.

          -  Drugs with potential to cause peripheral neuropathy or pancreatitis should not be
             given daily for &gt; 4 weeks.

        Patients with the following are excluded:

          -  Active malignancy.

          -  Pancreatitis or history of pancreatitis within one year prior to study entry
             associated with compatible symptoms.

          -  History of uncontrolled seizure disorder.

          -  Grade 3 or higher peripheral neuropathy.

        Prior Medication:

        Excluded:

          -  Steroids.

          -  Intravenous immunoglobulin.

          -  Antiretroviral drugs or specific immunomodulator treatment (excluding steroids and
             intravenous immunoglobulin) for &gt; 6 weeks and within 7 days prior to study entry.

        Prior Treatment:

        Excluded:

          -  Red blood cell transfusion within four weeks prior to study entry.

        Ongoing drug or alcohol use.
      </textblock>
    </criteria>
    <gender>All</gender>
    <minimum_age>3 Months</minimum_age>
    <maximum_age>17 Years</maximum_age>
    <healthy_volunteers>No</healthy_volunteers>
  </eligibility>
  <overall_official>
    <last_name>Baker C</last_name>
    <role>Study Chair</role>
  </overall_official>
  <overall_official>
    <last_name>Englund J</last_name>
    <role>Study Chair</role>
  </overall_official>
  <location>
    <facility>
      <name>Univ of Alabama at Birmingham Schl of Med / Pediatrics</name>
      <address>
        <city>Birmingham</city>
        <state>Alabama</state>
        <zip>35294</zip>
        <country>United States</country>
      </address>
    </facility>
  </location>
  <location>
    <facility>
      <name>Kaiser Permanente / UCLA Med Ctr</name>
      <address>
        <city>Downey</city>
        <state>California</state>
        <zip>902422814</zip>
        <country>United States</country>
      </address>
    </facility>
  </location>
  <location>
    <facility>
      <name>UCSD Med Ctr / Pediatrics / Clinical Sciences</name>
      <address>
        <city>La Jolla</city>
        <state>California</state>
        <zip>920930672</zip>
        <country>United States</country>
      </address>
    </facility>
  </location>
  <location>
    <facility>
      <name>Long Beach Memorial (Pediatric)</name>
      <address>
        <city>Long Beach</city>
        <state>California</state>
        <zip>90801</zip>
        <country>United States</country>
      </address>
    </facility>
  </location>
  <location>
    <facility>
      <name>Los Angeles County - USC Med Ctr</name>
      <address>
        <city>Los Angeles</city>
        <state>California</state>
        <zip>90033</zip>
        <country>United States</country>
      </address>
    </facility>
  </location>
  <location>
    <facility>
      <name>Cedars Sinai / UCLA Med Ctr</name>
      <address>
        <city>Los Angeles</city>
        <state>California</state>
        <zip>900481804</zip>
        <country>United States</country>
      </address>
    </facility>
  </location>
  <location>
    <facility>
      <name>UCLA Med Ctr / Pediatric</name>
      <address>
        <city>Los Angeles</city>
        <state>California</state>
        <zip>900951752</zip>
        <country>United States</country>
      </address>
    </facility>
  </location>
  <location>
    <facility>
      <name>Harbor - UCLA Med Ctr / UCLA School of Medicine</name>
      <address>
        <city>Los Angeles</city>
        <state>California</state>
        <zip>905022004</zip>
        <country>United States</country>
      </address>
    </facility>
  </location>
  <location>
    <facility>
      <name>Children's Hosp of Oakland</name>
      <address>
        <city>Oakland</city>
        <state>California</state>
        <zip>946091809</zip>
        <country>United States</country>
      </address>
    </facility>
  </location>
  <location>
    <facility>
      <name>Huntington Memorial Hosp / Children's Hosp of Los Angeles</name>
      <address>
        <city>Pasadena</city>
        <state>California</state>
        <zip>91105</zip>
        <country>United States</country>
      </address>
    </facility>
  </location>
  <location>
    <facility>
      <name>Univ of California / San Diego Treatment Ctr</name>
      <address>
        <city>San Diego</city>
        <state>California</state>
        <zip>921036325</zip>
        <country>United States</country>
      </address>
    </facility>
  </location>
  <location>
    <facility>
      <name>UCSF / Moffitt Hosp - Pediatric</name>
      <address>
        <city>San Francisco</city>
        <state>California</state>
        <zip>941430105</zip>
        <country>United States</country>
      </address>
    </facility>
  </location>
  <location>
    <facility>
      <name>Stanford Univ School of Medicine / Pediatrics</name>
      <address>
        <city>Stanford</city>
        <state>California</state>
        <zip>943054149</zip>
        <country>United States</country>
      </address>
    </facility>
  </location>
  <location>
    <facility>
      <name>Children's Hosp of Denver</name>
      <address>
        <city>Denver</city>
        <state>Colorado</state>
        <zip>802181088</zip>
        <country>United States</country>
      </address>
    </facility>
  </location>
  <location>
    <facility>
      <name>Univ of Connecticut Health Ctr</name>
      <address>
        <city>Farmington</city>
        <state>Connecticut</state>
        <zip>06032</zip>
        <country>United States</country>
      </address>
    </facility>
  </location>
  <location>
    <facility>
      <name>Yale Univ Med School</name>
      <address>
        <city>New Haven</city>
        <state>Connecticut</state>
        <zip>06504</zip>
        <country>United States</country>
      </address>
    </facility>
  </location>
  <location>
    <facility>
      <name>Georgetown Univ Med Ctr</name>
      <address>
        <city>Washington</city>
        <state>District of Columbia</state>
        <zip>200072197</zip>
        <country>United States</country>
      </address>
    </facility>
  </location>
  <location>
    <facility>
      <name>Children's Hosp of Washington DC</name>
      <address>
        <city>Washington</city>
        <state>District of Columbia</state>
        <zip>200102916</zip>
        <country>United States</country>
      </address>
    </facility>
  </location>
  <location>
    <facility>
      <name>Howard Univ Hosp</name>
      <address>
        <city>Washington</city>
        <state>District of Columbia</state>
        <zip>20060</zip>
        <country>United States</country>
      </address>
    </facility>
  </location>
  <location>
    <facility>
      <name>Univ of Miami (Pediatric)</name>
      <address>
        <city>Miami</city>
        <state>Florida</state>
        <zip>33161</zip>
        <country>United States</country>
      </address>
    </facility>
  </location>
  <location>
    <facility>
      <name>Emory Univ Hosp / Pediatrics</name>
      <address>
        <city>Atlanta</city>
        <state>Georgia</state>
        <zip>30306</zip>
        <country>United States</country>
      </address>
    </facility>
  </location>
  <location>
    <facility>
      <name>Cook County Hosp</name>
      <address>
        <city>Chicago</city>
        <state>Illinois</state>
        <zip>60612</zip>
        <country>United States</country>
      </address>
    </facility>
  </location>
  <location>
    <facility>
      <name>Univ of Illinois College of Medicine / Pediatrics</name>
      <address>
        <city>Chicago</city>
        <state>Illinois</state>
        <zip>60612</zip>
        <country>United States</country>
      </address>
    </facility>
  </location>
  <location>
    <facility>
      <name>Chicago Children's Memorial Hosp</name>
      <address>
        <city>Chicago</city>
        <state>Illinois</state>
        <zip>606143394</zip>
        <country>United States</country>
      </address>
    </facility>
  </location>
  <location>
    <facility>
      <name>Univ of Chicago Children's Hosp</name>
      <address>
        <city>Chicago</city>
        <state>Illinois</state>
        <zip>606371470</zip>
        <country>United States</country>
      </address>
    </facility>
  </location>
  <location>
    <facility>
      <name>Univ of Maryland at Baltimore / Univ Med Ctr</name>
      <address>
        <city>Baltimore</city>
        <state>Maryland</state>
        <zip>21201</zip>
        <country>United States</country>
      </address>
    </facility>
  </location>
  <location>
    <facility>
      <name>Johns Hopkins Hosp - Pediatric</name>
      <address>
        <city>Baltimore</city>
        <state>Maryland</state>
        <zip>212874933</zip>
        <country>United States</country>
      </address>
    </facility>
  </location>
  <location>
    <facility>
      <name>Children's Hosp of Boston</name>
      <address>
        <city>Boston</city>
        <state>Massachusetts</state>
        <zip>021155724</zip>
        <country>United States</country>
      </address>
    </facility>
  </location>
  <location>
    <facility>
      <name>Boston City Hosp / Pediatrics</name>
      <address>
        <city>Boston</city>
        <state>Massachusetts</state>
        <zip>02118</zip>
        <country>United States</country>
      </address>
    </facility>
  </location>
  <location>
    <facility>
      <name>Baystate Med Ctr of Springfield</name>
      <address>
        <city>Springfield</city>
        <state>Massachusetts</state>
        <zip>01199</zip>
        <country>United States</country>
      </address>
    </facility>
  </location>
  <location>
    <facility>
      <name>Univ of Massachusetts Med Ctr</name>
      <address>
        <city>Worcester</city>
        <state>Massachusetts</state>
        <zip>01655</zip>
        <country>United States</country>
      </address>
    </facility>
  </location>
  <location>
    <facility>
      <name>Children's Hosp of Michigan</name>
      <address>
        <city>Detroit</city>
        <state>Michigan</state>
        <zip>48201</zip>
        <country>United States</country>
      </address>
    </facility>
  </location>
  <location>
    <facility>
      <name>St Louis Univ School of Medicine</name>
      <address>
        <city>St Louis</city>
        <state>Missouri</state>
        <zip>63104</zip>
        <country>United States</country>
      </address>
    </facility>
  </location>
  <location>
    <facility>
      <name>UMDNJ - Robert Wood Johnson Med School / Pediatrics</name>
      <address>
        <city>New Brunswick</city>
        <state>New Jersey</state>
        <zip>089030019</zip>
        <country>United States</country>
      </address>
    </facility>
  </location>
  <location>
    <facility>
      <name>Robert Wood Johnson Med School / Hershey Med Ctr</name>
      <address>
        <city>New Brunswick</city>
        <state>New Jersey</state>
        <zip>08903</zip>
        <country>United States</country>
      </address>
    </facility>
  </location>
  <location>
    <facility>
      <name>Saint Joseph's Hosp and Med Ctr/UMDNJ - New Jersey Med Schl</name>
      <address>
        <city>Newark</city>
        <state>New Jersey</state>
        <zip>07103</zip>
        <country>United States</country>
      </address>
    </facility>
  </location>
  <location>
    <facility>
      <name>Children's Hosp of New Jersey / UMDNJ - New Jersey Med Schl</name>
      <address>
        <city>Newark</city>
        <state>New Jersey</state>
        <zip>071072198</zip>
        <country>United States</country>
      </address>
    </facility>
  </location>
  <location>
    <facility>
      <name>Children's Hosp at Albany Med Ctr</name>
      <address>
        <city>Albany</city>
        <state>New York</state>
        <zip>12208</zip>
        <country>United States</country>
      </address>
    </facility>
  </location>
  <location>
    <facility>
      <name>Lincoln Hosp Ctr</name>
      <address>
        <city>Bronx</city>
        <state>New York</state>
        <zip>10451</zip>
        <country>United States</country>
      </address>
    </facility>
  </location>
  <location>
    <facility>
      <name>Bronx Lebanon Hosp Ctr / Pediatrics</name>
      <address>
        <city>Bronx</city>
        <state>New York</state>
        <zip>10457</zip>
        <country>United States</country>
      </address>
    </facility>
  </location>
  <location>
    <facility>
      <name>Bronx Lebanon Hosp Ctr</name>
      <address>
        <city>Bronx</city>
        <state>New York</state>
        <zip>10457</zip>
        <country>United States</country>
      </address>
    </facility>
  </location>
  <location>
    <facility>
      <name>Albert Einstein College of Medicine</name>
      <address>
        <city>Bronx</city>
        <state>New York</state>
        <zip>10461</zip>
        <country>United States</country>
      </address>
    </facility>
  </location>
  <location>
    <facility>
      <name>King's County Hosp Ctr / Pediatrics</name>
      <address>
        <city>Brooklyn</city>
        <state>New York</state>
        <zip>11203</zip>
        <country>United States</country>
      </address>
    </facility>
  </location>
  <location>
    <facility>
      <name>SUNY - Brooklyn</name>
      <address>
        <city>Brooklyn</city>
        <state>New York</state>
        <zip>11203</zip>
        <country>United States</country>
      </address>
    </facility>
  </location>
  <location>
    <facility>
      <name>SUNY / Health Sciences Ctr at Brooklyn / Pediatrics</name>
      <address>
        <city>Brooklyn</city>
        <state>New York</state>
        <zip>11203</zip>
        <country>United States</country>
      </address>
    </facility>
  </location>
  <location>
    <facility>
      <name>Children's Hosp Pact Prog / Children's Hosp of Buffalo</name>
      <address>
        <city>Buffalo</city>
        <state>New York</state>
        <zip>14222</zip>
        <country>United States</country>
      </address>
    </facility>
  </location>
  <location>
    <facility>
      <name>North Shore Univ Hosp</name>
      <address>
        <city>Great Neck</city>
        <state>New York</state>
        <zip>11021</zip>
        <country>United States</country>
      </address>
    </facility>
  </location>
  <location>
    <facility>
      <name>Schneider Children's Hosp</name>
      <address>
        <city>New Hyde Park</city>
        <state>New York</state>
        <zip>11040</zip>
        <country>United States</country>
      </address>
    </facility>
  </location>
  <location>
    <facility>
      <name>Beth Israel Med Ctr / Pediatrics</name>
      <address>
        <city>New York</city>
        <state>New York</state>
        <zip>10003</zip>
        <country>United States</country>
      </address>
    </facility>
  </location>
  <location>
    <facility>
      <name>Bellevue Hosp / New York Univ Med Ctr</name>
      <address>
        <city>New York</city>
        <state>New York</state>
        <zip>10016</zip>
        <country>United States</country>
      </address>
    </facility>
  </location>
  <location>
    <facility>
      <name>Cornell Univ Med College</name>
      <address>
        <city>New York</city>
        <state>New York</state>
        <zip>10021</zip>
        <country>United States</country>
      </address>
    </facility>
  </location>
  <location>
    <facility>
      <name>Saint Luke's - Roosevelt Hosp Ctr</name>
      <address>
        <city>New York</city>
        <state>New York</state>
        <zip>10025</zip>
        <country>United States</country>
      </address>
    </facility>
  </location>
  <location>
    <facility>
      <name>Metropolitan Hosp Ctr</name>
      <address>
        <city>New York</city>
        <state>New York</state>
        <zip>10029</zip>
        <country>United States</country>
      </address>
    </facility>
  </location>
  <location>
    <facility>
      <name>Mount Sinai Med Ctr / Pediatrics</name>
      <address>
        <city>New York</city>
        <state>New York</state>
        <zip>10029</zip>
        <country>United States</country>
      </address>
    </facility>
  </location>
  <location>
    <facility>
      <name>Columbia Presbyterian Med Ctr</name>
      <address>
        <city>New York</city>
        <state>New York</state>
        <zip>10032</zip>
        <country>United States</country>
      </address>
    </facility>
  </location>
  <location>
    <facility>
      <name>Incarnation Children's Ctr / Columbia Presbyterian Med Ctr</name>
      <address>
        <city>New York</city>
        <state>New York</state>
        <zip>10032</zip>
        <country>United States</country>
      </address>
    </facility>
  </location>
  <location>
    <facility>
      <name>Harlem Hosp Ctr</name>
      <address>
        <city>New York</city>
        <state>New York</state>
        <zip>10037</zip>
        <country>United States</country>
      </address>
    </facility>
  </location>
  <location>
    <facility>
      <name>Univ of Rochester Medical Center</name>
      <address>
        <city>Rochester</city>
        <state>New York</state>
        <zip>14642</zip>
        <country>United States</country>
      </address>
    </facility>
  </location>
  <location>
    <facility>
      <name>State Univ of New York at Stony Brook</name>
      <address>
        <city>Stony Brook</city>
        <state>New York</state>
        <zip>117948111</zip>
        <country>United States</country>
      </address>
    </facility>
  </location>
  <location>
    <facility>
      <name>SUNY Health Sciences Ctr at Syracuse / Pediatrics</name>
      <address>
        <city>Syracuse</city>
        <state>New York</state>
        <zip>13210</zip>
        <country>United States</country>
      </address>
    </facility>
  </location>
  <location>
    <facility>
      <name>Westchester Hosp</name>
      <address>
        <city>Valhalla</city>
        <state>New York</state>
        <zip>10595</zip>
        <country>United States</country>
      </address>
    </facility>
  </location>
  <location>
    <facility>
      <name>Univ of North Carolina</name>
      <address>
        <city>Chapel Hill</city>
        <state>North Carolina</state>
        <zip>275997215</zip>
        <country>United States</country>
      </address>
    </facility>
  </location>
  <location>
    <facility>
      <name>Duke Univ Med Ctr</name>
      <address>
        <city>Durham</city>
        <state>North Carolina</state>
        <zip>277103499</zip>
        <country>United States</country>
      </address>
    </facility>
  </location>
  <location>
    <facility>
      <name>Cincinnati Children's Hosp / Univ Hosp</name>
      <address>
        <city>Cincinnati</city>
        <state>Ohio</state>
        <zip>452292899</zip>
        <country>United States</country>
      </address>
    </facility>
  </location>
  <location>
    <facility>
      <name>Case Western Reserve Univ</name>
      <address>
        <city>Cleveland</city>
        <state>Ohio</state>
        <zip>44106</zip>
        <country>United States</country>
      </address>
    </facility>
  </location>
  <location>
    <facility>
      <name>Columbus Children's Hosp</name>
      <address>
        <city>Columbus</city>
        <state>Ohio</state>
        <zip>432052696</zip>
        <country>United States</country>
      </address>
    </facility>
  </location>
  <location>
    <facility>
      <name>Children's Hosp of Philadelphia</name>
      <address>
        <city>Philadelphia</city>
        <state>Pennsylvania</state>
        <zip>191044318</zip>
        <country>United States</country>
      </address>
    </facility>
  </location>
  <location>
    <facility>
      <name>Saint Christopher's Hosp for Children</name>
      <address>
        <city>Philadelphia</city>
        <state>Pennsylvania</state>
        <zip>191341095</zip>
        <country>United States</country>
      </address>
    </facility>
  </location>
  <location>
    <facility>
      <name>Hemophilia Ctr of Western PA / Univ of Pittsburgh</name>
      <address>
        <city>Pittsburgh</city>
        <state>Pennsylvania</state>
        <zip>15219</zip>
        <country>United States</country>
      </address>
    </facility>
  </location>
  <location>
    <facility>
      <name>Rhode Island Hosp / Brown Univ</name>
      <address>
        <city>Providence</city>
        <state>Rhode Island</state>
        <zip>02903</zip>
        <country>United States</country>
      </address>
    </facility>
  </location>
  <location>
    <facility>
      <name>Med Univ of South Carolina</name>
      <address>
        <city>Charleston</city>
        <state>South Carolina</state>
        <zip>29425</zip>
        <country>United States</country>
      </address>
    </facility>
  </location>
  <location>
    <facility>
      <name>Saint Jude Children's Research Hosp of Memphis</name>
      <address>
        <city>Memphis</city>
        <state>Tennessee</state>
        <zip>381052794</zip>
        <country>United States</country>
      </address>
    </facility>
  </location>
  <location>
    <facility>
      <name>Children's Med Ctr of Dallas</name>
      <address>
        <city>Dallas</city>
        <state>Texas</state>
        <zip>75235</zip>
        <country>United States</country>
      </address>
    </facility>
  </location>
  <location>
    <facility>
      <name>Hermann Hosp / Univ Texas Health Science Ctr</name>
      <address>
        <city>Houston</city>
        <state>Texas</state>
        <zip>77030</zip>
        <country>United States</country>
      </address>
    </facility>
  </location>
  <location>
    <facility>
      <name>Texas Children's Hosp / Baylor Univ</name>
      <address>
        <city>Houston</city>
        <state>Texas</state>
        <zip>77030</zip>
        <country>United States</country>
      </address>
    </facility>
  </location>
  <location>
    <facility>
      <name>Children's Hosp of Seattle</name>
      <address>
        <city>Seattle</city>
        <state>Washington</state>
        <zip>98105</zip>
        <country>United States</country>
      </address>
    </facility>
  </location>
  <location>
    <facility>
      <name>Ramon Ruiz Arnau Univ Hosp / Pediatrics</name>
      <address>
        <city>Bayamon</city>
        <zip>00956</zip>
        <country>Puerto Rico</country>
      </address>
    </facility>
  </location>
  <location>
    <facility>
      <name>Univ of Puerto Rico / Univ Children's Hosp AIDS</name>
      <address>
        <city>San Juan</city>
        <zip>009365067</zip>
        <country>Puerto Rico</country>
      </address>
    </facility>
  </location>
  <location>
    <facility>
      <name>UPR Children's Hosp / UPR School of Medicine</name>
      <address>
        <city>San Juan</city>
        <zip>009365067</zip>
        <country>Puerto Rico</country>
      </address>
    </facility>
  </location>
  <location>
    <facility>
      <name>San Juan City Hosp</name>
      <address>
        <city>San Juan</city>
        <zip>009367344</zip>
        <country>Puerto Rico</country>
      </address>
    </facility>
  </location>
  <location_countries>
    <country>Puerto Rico</country>
    <country>United States</country>
  </location_countries>
  <reference>
    <citation>Raskino C, Pearson DA, Baker CJ, Lifschitz MH, O'Donnell K, Mintz M, Nozyce M, Brouwers P, McKinney RE, Jimenez E, Englund JA. Neurologic, neurocognitive, and brain growth outcomes in human immunodeficiency virus-infected children receiving different nucleoside antiretroviral regimens. Pediatric AIDS Clinical Trials Group 152 Study Team. Pediatrics. 1999 Sep;104(3):e32.</citation>
    <PMID>10469815</PMID>
  </reference>
  <reference>
    <citation>Grubman S. Pediatric treatment update. GMHC Treat Issues. 1996 Mar;10(3):7-9.</citation>
    <PMID>11363392</PMID>
  </reference>
  <reference>
    <citation>Glick ME. CTG studies yield results. AIDS Clinical Trials Group. NIAID AIDS Agenda. 1995 Spring:8-9.</citation>
    <PMID>11362451</PMID>
  </reference>
  <reference>
    <citation>Rogers MF, Mofenson LM, Moseley RR. Reducing the risk of perinatal HIV transmission through zidovudine therapy: treatment recommendations and implications. J Am Med Womens Assoc (1972). 1995 May-Aug;50(3-4):78-82, 93. Review.</citation>
    <PMID>7657952</PMID>
  </reference>
  <reference>
    <citation>Nielsen K, Wei LS, Sim MS, Deveikis A, Keller M, Stiehm ER, Frenkel LM, Bryson YJ. Correlation of clinical progression in human immunodeficiency virus-infected children with in vitro zidovudine resistance measured by a direct quantitative peripheral blood lymphocyte assay. J Infect Dis. 1995 Aug;172(2):359-64.</citation>
    <PMID>7622878</PMID>
  </reference>
  <reference>
    <citation>Palumbo PE, Raskino C, Fiscus S, Pahwa S, Fowler MG, Spector SA, Englund JA, Baker CJ. Predictive value of quantitative plasma HIV RNA and CD4+ lymphocyte count in HIV-infected infants and children. JAMA. 1998 Mar 11;279(10):756-61.</citation>
    <PMID>9508151</PMID>
  </reference>
  <reference>
    <citation>McKinney RE Jr, Wilfert C. Growth as a prognostic indicator in children with human immunodeficiency virus infection treated with zidovudine. AIDS Clinical Trials Group Protocol 043 Study Group. J Pediatr. 1994 Nov;125(5 Pt 1):728-33.</citation>
    <PMID>7965424</PMID>
  </reference>
  <reference>
    <citation>James JS. AZT, ddI, and ddC combinations at FDA advisory hearing. Food and Drug Administration. AIDS Treat News. 1996 Apr 5;(no 244):6.</citation>
    <PMID>11363307</PMID>
  </reference>
  <reference>
    <citation>Englund JA, Baker CJ, McKinney RE, Raskino CL, Fowler MG, Lifschitz MC. Results of ACTG 152, a randomized comparative trial of zidovudine (ZDV), didanosine (ddI), and ZDV/ddI combination therapy in symptomatic HIV-infected children. Program Abstr Intersci Conf Antimicrob Agents Chemother. 1996 Sep 15-18:213 (abstract no I150)</citation>
  </reference>
  <reference>
    <citation>Englund JA, Baker CJ, Raskino C, McKinney RE, Petrie B, Fowler MG, Pearson D, Gershon A, McSherry GD, Abrams EJ, Schliozberg J, Sullivan JL. Zidovudine, didanosine, or both as the initial treatment for symptomatic HIV-infected children. AIDS Clinical Trials Group (ACTG) Study 152 Team. N Engl J Med. 1997 Jun 12;336(24):1704-12.</citation>
    <PMID>9182213</PMID>
  </reference>
  <reference>
    <citation>Capparelli EV, Englund JA, Connor JD, Spector SA, McKinney RE, Palumbo P, Baker CJ. Population pharmacokinetics and pharmacodynamics of zidovudine in HIV-infected infants and children. J Clin Pharmacol. 2003 Feb;43(2):133-40.</citation>
    <PMID>12616665</PMID>
  </reference>
  <reference>
    <citation>Chantry CJ, Byrd RS, Englund JA, Baker CJ, McKinney RE Jr; Pediatric AIDS Clinical Trials Group Protocol 152 Study Team. Growth, survival and viral load in symptomatic childhood human immunodeficiency virus infection. Pediatr Infect Dis J. 2003 Dec;22(12):1033-9.</citation>
    <PMID>14688560</PMID>
  </reference>
  <verification_date>March 2012</verification_date>
  <study_first_submitted>November 2, 1999</study_first_submitted>
  <study_first_submitted_qc>August 30, 2001</study_first_submitted_qc>
  <study_first_posted type="Estimate">August 31, 2001</study_first_posted>
  <last_update_submitted>March 29, 2012</last_update_submitted>
  <last_update_submitted_qc>March 29, 2012</last_update_submitted_qc>
  <last_update_posted type="Estimate">March 30, 2012</last_update_posted>
  <responsible_party>
    <responsible_party_type>Sponsor</responsible_party_type>
  </responsible_party>
  <keyword>Didanosine</keyword>
  <keyword>Drug Evaluation</keyword>
  <keyword>Drug Therapy, Combination</keyword>
  <keyword>Acquired Immunodeficiency Syndrome</keyword>
  <keyword>AIDS-Related Complex</keyword>
  <keyword>Zidovudine</keyword>
  <condition_browse>
    <!-- CAUTION:  The following MeSH terms are assigned with an imperfect algorithm            -->
    <mesh_term>HIV Infections</mesh_term>
  </condition_browse>
  <intervention_browse>
    <!-- CAUTION:  The following MeSH terms are assigned with an imperfect algorithm            -->
    <mesh_term>Zidovudine</mesh_term>
    <mesh_term>Didanosine</mesh_term>
  </intervention_browse>
  <!-- Results have not yet been posted for this study                                          -->
</clinical_study>

