<clinical_study>
  <!-- This xml conforms to an XML Schema at:
    https://clinicaltrials.gov/ct2/html/images/info/public.xsd -->
  <required_header>
    <download_date>ClinicalTrials.gov processed this data on July 31, 2020</download_date>
    <link_text>Link to the current ClinicalTrials.gov record.</link_text>
    <url>https://clinicaltrials.gov/show/NCT00000216</url>
  </required_header>
  <id_info>
    <org_study_id>NIDA-06266-1</org_study_id>
    <secondary_id>R01DA006266</secondary_id>
    <secondary_id>R01-06266-1</secondary_id>
    <nct_id>NCT00000216</nct_id>
  </id_info>
  <brief_title>Buprenorphine Maintenance for Cocaine Abusing Opioid Addicts - 1</brief_title>
  <official_title>Buprenorphine Maintenance for Cocaine Abusing Opioid Addicts</official_title>
  <sponsors>
    <lead_sponsor>
      <agency>Yale University</agency>
      <agency_class>Other</agency_class>
    </lead_sponsor>
    <collaborator>
      <agency>National Institute on Drug Abuse (NIDA)</agency>
      <agency_class>NIH</agency_class>
    </collaborator>
  </sponsors>
  <source>Yale University</source>
  <brief_summary>
    <textblock>
      The purpose of this study is to compare the clinical efficacy of maintenance on low and high
      doses of buprenorphine with methadone for cocaine abusing opiate addicts.
    </textblock>
  </brief_summary>
  <overall_status>Completed</overall_status>
  <completion_date type="Actual">January 2005</completion_date>
  <phase>Phase 3</phase>
  <study_type>Interventional</study_type>
  <has_expanded_access>No</has_expanded_access>
  <study_design_info>
    <primary_purpose>Treatment</primary_purpose>
  </study_design_info>
  <primary_outcome>
    <measure>Depression</measure>
  </primary_outcome>
  <primary_outcome>
    <measure>Withdrawal symptoms</measure>
  </primary_outcome>
  <primary_outcome>
    <measure>Opioid and cocaine use</measure>
  </primary_outcome>
  <primary_outcome>
    <measure>Social and psychological functioning</measure>
  </primary_outcome>
  <primary_outcome>
    <measure>AIDS risk behavior</measure>
  </primary_outcome>
  <enrollment>0</enrollment>
  <condition>Cocaine-Related Disorders</condition>
  <condition>Opioid-Related Disorders</condition>
  <condition>Substance-Related Disorders</condition>
  <intervention>
    <intervention_type>Drug</intervention_type>
    <intervention_name>Buprenorphine</intervention_name>
  </intervention>
  <eligibility>
    <criteria>
      <textblock>
        Please contact site for information.
      </textblock>
    </criteria>
    <gender>All</gender>
    <minimum_age>N/A</minimum_age>
    <maximum_age>N/A</maximum_age>
    <healthy_volunteers>No</healthy_volunteers>
  </eligibility>
  <overall_official>
    <last_name>Richard Schottenfeld, M.D.</last_name>
    <role>Principal Investigator</role>
    <affiliation>Yale University</affiliation>
  </overall_official>
  <location>
    <facility>
      <name>APT Residential Services Division</name>
      <address>
        <city>New Haven</city>
        <state>Connecticut</state>
        <zip>06519</zip>
        <country>United States</country>
      </address>
    </facility>
  </location>
  <location_countries>
    <country>United States</country>
  </location_countries>
  <reference>
    <citation>Schottenfeld RS, Pakes JR, Oliveto A, Ziedonis D, Kosten TR. Buprenorphine vs methadone maintenance treatment for concurrent opioid dependence and cocaine abuse. Arch Gen Psychiatry. 1997 Aug;54(8):713-20.</citation>
    <PMID>9283506</PMID>
  </reference>
  <verification_date>June 2020</verification_date>
  <study_first_submitted>September 20, 1999</study_first_submitted>
  <study_first_submitted_qc>September 20, 1999</study_first_submitted_qc>
  <study_first_posted type="Estimate">September 21, 1999</study_first_posted>
  <last_update_submitted>June 24, 2020</last_update_submitted>
  <last_update_submitted_qc>June 24, 2020</last_update_submitted_qc>
  <last_update_posted type="Actual">June 29, 2020</last_update_posted>
  <keyword>Opioid-Related Disorders</keyword>
  <condition_browse>
    <!-- CAUTION:  The following MeSH terms are assigned with an imperfect algorithm            -->
    <mesh_term>Disease</mesh_term>
    <mesh_term>Substance-Related Disorders</mesh_term>
    <mesh_term>Opioid-Related Disorders</mesh_term>
    <mesh_term>Cocaine-Related Disorders</mesh_term>
  </condition_browse>
  <intervention_browse>
    <!-- CAUTION:  The following MeSH terms are assigned with an imperfect algorithm            -->
    <mesh_term>Buprenorphine</mesh_term>
  </intervention_browse>
  <!-- Results have not yet been posted for this study                                          -->
</clinical_study>

