<clinical_study>
  <!-- This xml conforms to an XML Schema at:
    https://clinicaltrials.gov/ct2/html/images/info/public.xsd -->
  <required_header>
    <download_date>ClinicalTrials.gov processed this data on July 31, 2020</download_date>
    <link_text>Link to the current ClinicalTrials.gov record.</link_text>
    <url>https://clinicaltrials.gov/show/NCT00002943</url>
  </required_header>
  <id_info>
    <org_study_id>CDR0000065392</org_study_id>
    <secondary_id>CCCWFU-95193</secondary_id>
    <secondary_id>NCI-G97-1146</secondary_id>
    <nct_id>NCT00002943</nct_id>
  </id_info>
  <brief_title>Carboplatin, Etoposide, Cyclophosphamide, and Autologous Bone Marrow Transplantation in Patients With Relapsed or Refractory Cancer</brief_title>
  <official_title>High Dose Carboplatin, Etoposide, Cyclophosphamide and Autologous Bone Marrow Transplantation for Relapsed and Refractory Germ Cell Cancer: A Phase II Pilot Study</official_title>
  <sponsors>
    <lead_sponsor>
      <agency>Wake Forest University Health Sciences</agency>
      <agency_class>Other</agency_class>
    </lead_sponsor>
    <collaborator>
      <agency>National Cancer Institute (NCI)</agency>
      <agency_class>NIH</agency_class>
    </collaborator>
  </sponsors>
  <source>Wake Forest University Health Sciences</source>
  <oversight_info>
    <has_dmc>No</has_dmc>
    <is_fda_regulated_drug>Yes</is_fda_regulated_drug>
    <is_fda_regulated_device>No</is_fda_regulated_device>
  </oversight_info>
  <brief_summary>
    <textblock>
      RATIONALE: Drugs used in chemotherapy use different ways to stop tumor cells from dividing so
      they stop growing or die. Combining chemotherapy with autologous bone marrow transplantation
      may help the body kill more tumor cells.

      PURPOSE: Phase II trial to study the effects of high doses of carboplatin, etoposide, and
      cyclophosphamide followed by autologous bone marrow transplantation in patients with relapsed
      or refractory germ cell cancer and other chemotherapy-sensitive solid tumors.
    </textblock>
  </brief_summary>
  <detailed_description>
    <textblock>
      OBJECTIVES:

        -  Investigate the response rate, duration of response, survival, time to marrow
           reconstitution, and toxicity of two successive cycles of high dose carboplatin,
           etoposide, and cyclophosphamide chemotherapy and ABMT in patients with relapsed and
           refractory germ cell cancer or other chemotherapy-sensitive solid tumors.

        -  Further define the pretransplant characteristics of patients and their disease that
           might influence the outcome of this therapy.

      OUTLINE: Patients receive carboplatin and etoposide for 5 days and cyclophosphamide for 2
      days prior to ABMT.

      At day 60 following ABMT, if the patient has a complete response (CR) or partial response
      (PR) and nonhematologic toxicity is no greater than grade 2, a second ABMT course is given
      when hematologic parameters and other criteria are acceptable. If there is no CR or PR and/or
      nonhematologic toxicity exceeds grade 2, a second ABMT is not given.

      After ABMT patients are followed until disease progression or death.

      PROJECTED ACCRUAL: Ten patients will be accrued for this pilot study.
    </textblock>
  </detailed_description>
  <overall_status>Completed</overall_status>
  <start_date>February 1993</start_date>
  <completion_date type="Actual">August 2007</completion_date>
  <primary_completion_date type="Actual">October 2003</primary_completion_date>
  <phase>Phase 2</phase>
  <study_type>Interventional</study_type>
  <has_expanded_access>No</has_expanded_access>
  <study_design_info>
    <allocation>N/A</allocation>
    <intervention_model>Single Group Assignment</intervention_model>
    <primary_purpose>Treatment</primary_purpose>
    <masking>None (Open Label)</masking>
  </study_design_info>
  <primary_outcome>
    <measure>To investigate the response rate High Dose Carboplatin, Etoposide, Cyclophosphamide and Autologous Transplantation</measure>
    <time_frame>45 days</time_frame>
  </primary_outcome>
  <secondary_outcome>
    <measure>evaluate toxicity of High Dose Carboplatin, Etoposide, Cyclophosphamide and Autologous Transplantation</measure>
    <time_frame>45 days</time_frame>
  </secondary_outcome>
  <enrollment type="Actual">11</enrollment>
  <condition>Extragonadal Germ Cell Tumor</condition>
  <condition>Ovarian Cancer</condition>
  <condition>Testicular Germ Cell Tumor</condition>
  <condition>Unspecified Adult Solid Tumor, Protocol Specific</condition>
  <intervention>
    <intervention_type>Drug</intervention_type>
    <intervention_name>carboplatin</intervention_name>
  </intervention>
  <intervention>
    <intervention_type>Drug</intervention_type>
    <intervention_name>cyclophosphamide</intervention_name>
  </intervention>
  <intervention>
    <intervention_type>Drug</intervention_type>
    <intervention_name>etoposide</intervention_name>
  </intervention>
  <intervention>
    <intervention_type>Procedure</intervention_type>
    <intervention_name>autologous bone marrow transplantation</intervention_name>
  </intervention>
  <eligibility>
    <criteria>
      <textblock>
        DISEASE CHARACTERISTICS:

          -  Histologically confirmed, measurable germ cell cancer relapsed or refractory after
             frontline therapy with cisplatin and etoposide-containing chemotherapy

          -  Other chemotherapy-sensitive solid tumors eligible (as of 06/11/97)

          -  Possibility of residual mass representing benign teratoma must be excluded

          -  Elevated serum tumor markers only are acceptable if possibilities of false-positive
             serum tumor markers or sanctuary disease have been excluded

          -  Also eligible after two to four cycles of conventional dose salvage chemotherapy,
             regardless of response

          -  No CNS or bone marrow involvement

        PATIENT CHARACTERISTICS:

        Age:

          -  18 and over

        Performance status:

          -  Karnofsky 60-100%

        Life expectancy:

          -  Greater than 2 months

        Hematopoietic:

          -  Platelet count at least 100,000/mm3

          -  Neutrophil count at least 1,500/mm3

        Hepatic:

          -  Bilirubin, alkaline phosphatase, SGOT, and SGPT less than 3 times upper limit of
             normal, unless due to disease

        Renal:

          -  Creatinine less than 1.5 times upper limit of normal

          -  Creatinine clearance at least 60 ml/min

        Cardiovascular:

          -  Ventricular ejection fraction at least 45%

          -  No uncontrolled or severe cardiovascular disease including recent myocardial
             infarction, congestive heart failure, angina, life-threatening arrhythmia, or
             hypertension

        Pulmonary:

          -  DLCO and spirometry greater than 50% of predicted

        Other:

          -  Not HIV positive

          -  No active peptic ulcer

          -  No uncontrolled diabetes mellitus

          -  No active infection

          -  No previous or concomitant malignancy other than curatively treated basal or squamous
             cell carcinoma of the skin

          -  Not HBsAG positive

        PRIOR CONCURRENT THERAPY:

        Biologic therapy:

          -  Not specified

        Chemotherapy:

          -  No prior high-dose carboplatin, etoposide, or cyclophosphamide

        Endocrine therapy:

          -  Not specified

        Radiotherapy:

          -  Not specified

        Surgery:

          -  Not specified
      </textblock>
    </criteria>
    <gender>All</gender>
    <minimum_age>18 Years</minimum_age>
    <maximum_age>120 Years</maximum_age>
    <healthy_volunteers>No</healthy_volunteers>
  </eligibility>
  <overall_official>
    <last_name>David D. Hurd, MD</last_name>
    <role>Study Chair</role>
    <affiliation>Wake Forest University Health Sciences</affiliation>
  </overall_official>
  <location>
    <facility>
      <name>Comprehensive Cancer Center at Wake Forest University</name>
      <address>
        <city>Winston-Salem</city>
        <state>North Carolina</state>
        <zip>27157-1082</zip>
        <country>United States</country>
      </address>
    </facility>
  </location>
  <location_countries>
    <country>United States</country>
  </location_countries>
  <verification_date>August 2018</verification_date>
  <study_first_submitted>November 1, 1999</study_first_submitted>
  <study_first_submitted_qc>January 26, 2003</study_first_submitted_qc>
  <study_first_posted type="Estimate">January 27, 2003</study_first_posted>
  <last_update_submitted>August 8, 2018</last_update_submitted>
  <last_update_submitted_qc>August 8, 2018</last_update_submitted_qc>
  <last_update_posted type="Actual">August 10, 2018</last_update_posted>
  <responsible_party>
    <responsible_party_type>Sponsor</responsible_party_type>
  </responsible_party>
  <keyword>stage III malignant testicular germ cell tumor</keyword>
  <keyword>recurrent malignant testicular germ cell tumor</keyword>
  <keyword>unspecified adult solid tumor, protocol specific</keyword>
  <keyword>stage III ovarian germ cell tumor</keyword>
  <keyword>stage IV ovarian germ cell tumor</keyword>
  <keyword>recurrent ovarian germ cell tumor</keyword>
  <keyword>extragonadal germ cell tumor</keyword>
  <condition_browse>
    <!-- CAUTION:  The following MeSH terms are assigned with an imperfect algorithm            -->
    <mesh_term>Neoplasms, Germ Cell and Embryonal</mesh_term>
    <mesh_term>Testicular Neoplasms</mesh_term>
    <mesh_term>Neoplasms</mesh_term>
  </condition_browse>
  <intervention_browse>
    <!-- CAUTION:  The following MeSH terms are assigned with an imperfect algorithm            -->
    <mesh_term>Cyclophosphamide</mesh_term>
    <mesh_term>Carboplatin</mesh_term>
    <mesh_term>Etoposide</mesh_term>
  </intervention_browse>
  <!-- Results have not yet been posted for this study                                          -->
</clinical_study>

