<clinical_study>
  <!-- This xml conforms to an XML Schema at:
    https://clinicaltrials.gov/ct2/html/images/info/public.xsd -->
  <required_header>
    <download_date>ClinicalTrials.gov processed this data on July 31, 2020</download_date>
    <link_text>Link to the current ClinicalTrials.gov record.</link_text>
    <url>https://clinicaltrials.gov/show/NCT00002725</url>
  </required_header>
  <id_info>
    <org_study_id>NCI-2012-02239</org_study_id>
    <secondary_id>MDA-DM-95061</secondary_id>
    <secondary_id>NCI-T95-0035D</secondary_id>
    <secondary_id>CDR0000064591</secondary_id>
    <nct_id>NCT00002725</nct_id>
  </id_info>
  <brief_title>Bryostatin-1 in Treating Patients With Recurrent Non-Hodgkin's Lymphoma</brief_title>
  <official_title>PHASE II EVALUATION OF BRYOSTATIN-1 (NSC 339555) IN NON-HODGKIN'S LYMPHOMA</official_title>
  <sponsors>
    <lead_sponsor>
      <agency>National Cancer Institute (NCI)</agency>
      <agency_class>NIH</agency_class>
    </lead_sponsor>
  </sponsors>
  <source>National Cancer Institute (NCI)</source>
  <brief_summary>
    <textblock>
      Phase II trial to study the effectiveness of bryostatin-1 in treating patients with recurrent
      non-Hodgkin's lymphoma. Drugs used in chemotherapy use different ways to stop cancer cells
      from dividing so they stop growing or die.
    </textblock>
  </brief_summary>
  <detailed_description>
    <textblock>
      OBJECTIVES:

      I. Determine the response to bryostatin 1 (BRYO) administered weekly for 3 weeks in patients
      with relapsed non-Hodgkin's lymphoma.

      II. Assess the toxic effects of this treatment. III. Establish the correlation between PKC
      isoenzyme activity and BRYO function in lymphoma cells and normal lymphocytes.

      IV. Determine the pharmacokinetic profile of BRYO and its relationship to pharmacodynamics.

      OUTLINE:

      Single-Agent Chemotherapy/Differentiation Therapy. Bryostatin 1, BRYO, NSC-339555.
    </textblock>
  </detailed_description>
  <overall_status>Completed</overall_status>
  <start_date>August 1996</start_date>
  <primary_completion_date type="Actual">April 2000</primary_completion_date>
  <phase>Phase 2</phase>
  <study_type>Interventional</study_type>
  <has_expanded_access>No</has_expanded_access>
  <study_design_info>
    <allocation>N/A</allocation>
    <intervention_model>Single Group Assignment</intervention_model>
    <primary_purpose>Treatment</primary_purpose>
    <masking>None (Open Label)</masking>
  </study_design_info>
  <number_of_arms>1</number_of_arms>
  <enrollment type="Actual">35</enrollment>
  <condition>Lymphoma</condition>
  <arm_group>
    <arm_group_label>Arm I</arm_group_label>
    <arm_group_type>Experimental</arm_group_type>
    <description>Single-Agent Chemotherapy/Differentiation Therapy. Bryostatin 1, BRYO, NSC-339555.</description>
  </arm_group>
  <intervention>
    <intervention_type>Drug</intervention_type>
    <intervention_name>bryostatin 1</intervention_name>
    <arm_group_label>Arm I</arm_group_label>
  </intervention>
  <intervention>
    <intervention_type>Drug</intervention_type>
    <intervention_name>chemotherapy</intervention_name>
    <arm_group_label>Arm I</arm_group_label>
  </intervention>
  <eligibility>
    <criteria>
      <textblock>
        DISEASE CHARACTERISTICS:

          -  Histologically confirmed non-Hodgkin's lymphoma

          -  Working formulation low-, intermediate-, and high-grade histologies eligible

          -  Mantle cell and marginal zone lymphoma eligible

          -  Relapse after at least 1 doxorubicin-containing regimen required

          -  No more than 2 prior chemotherapy regimens

          -  One prior biologic therapy in addition to the 2 prior chemotherapy regimens allowed

          -  No prior bone marrow transplantation

          -  Ineligible for treatment on higher priority protocols

          -  Patients eligible for bone marrow transplantation may be treated to reduce tumor bulk

          -  Bidimensionally measurable disease required

          -  No history of primary or metastatic CNS disease

        PATIENT CHARACTERISTICS:

          -  Age: Any age

          -  Performance status: Zubrod 0-2

          -  Life expectancy: Greater than 12 weeks

          -  Absolute neutrophil count at least 1,000/mm3

          -  Platelet count at least 100,000/mm3

          -  Bilirubin no greater than 1.8 mg/dL

          -  Transaminases no greater than 2.5 times normal

          -  Creatinine no greater than 1.5 mg/dL OR creatinine clearance greater than 70 mL/min

          -  No HIV antibody

          -  No serious intercurrent illness

          -  No pregnant or nursing women

          -  Effective contraception required of fertile patients throughout study and for 1 year
             thereafter

        PRIOR CONCURRENT THERAPY:

        -At least 4 weeks since prior therapy (6 weeks since mitomycin) and recovered
      </textblock>
    </criteria>
    <gender>All</gender>
    <minimum_age>N/A</minimum_age>
    <maximum_age>N/A</maximum_age>
    <healthy_volunteers>No</healthy_volunteers>
  </eligibility>
  <overall_official>
    <last_name>Jorge E. Romaguera, MD</last_name>
    <role>Study Chair</role>
    <affiliation>M.D. Anderson Cancer Center</affiliation>
  </overall_official>
  <location>
    <facility>
      <name>University of Texas - MD Anderson Cancer Center</name>
      <address>
        <city>Houston</city>
        <state>Texas</state>
        <zip>77030</zip>
        <country>United States</country>
      </address>
    </facility>
  </location>
  <location_countries>
    <country>United States</country>
  </location_countries>
  <verification_date>October 2000</verification_date>
  <study_first_submitted>November 1, 1999</study_first_submitted>
  <study_first_submitted_qc>June 22, 2004</study_first_submitted_qc>
  <study_first_posted type="Estimate">June 23, 2004</study_first_posted>
  <last_update_submitted>February 4, 2013</last_update_submitted>
  <last_update_submitted_qc>February 4, 2013</last_update_submitted_qc>
  <last_update_posted type="Estimate">February 5, 2013</last_update_posted>
  <responsible_party>
    <responsible_party_type>Sponsor</responsible_party_type>
  </responsible_party>
  <keyword>recurrent small lymphocytic lymphoma</keyword>
  <keyword>recurrent grade 1 follicular lymphoma</keyword>
  <keyword>recurrent grade 2 follicular lymphoma</keyword>
  <keyword>recurrent grade 3 follicular lymphoma</keyword>
  <keyword>recurrent adult diffuse small cleaved cell lymphoma</keyword>
  <keyword>recurrent adult diffuse mixed cell lymphoma</keyword>
  <keyword>recurrent adult diffuse large cell lymphoma</keyword>
  <keyword>recurrent adult immunoblastic large cell lymphoma</keyword>
  <keyword>recurrent adult lymphoblastic lymphoma</keyword>
  <keyword>recurrent adult Burkitt lymphoma</keyword>
  <keyword>recurrent mantle cell lymphoma</keyword>
  <keyword>recurrent marginal zone lymphoma</keyword>
  <keyword>extranodal marginal zone B-cell lymphoma of mucosa-associated lymphoid tissue</keyword>
  <keyword>nodal marginal zone B-cell lymphoma</keyword>
  <keyword>splenic marginal zone lymphoma</keyword>
  <condition_browse>
    <!-- CAUTION:  The following MeSH terms are assigned with an imperfect algorithm            -->
    <mesh_term>Lymphoma</mesh_term>
    <mesh_term>Lymphoma, Non-Hodgkin</mesh_term>
  </condition_browse>
  <intervention_browse>
    <!-- CAUTION:  The following MeSH terms are assigned with an imperfect algorithm            -->
    <mesh_term>Bryostatin 1</mesh_term>
  </intervention_browse>
  <!-- Results have not yet been posted for this study                                          -->
</clinical_study>

