<clinical_study>
  <!-- This xml conforms to an XML Schema at:
    https://clinicaltrials.gov/ct2/html/images/info/public.xsd -->
  <required_header>
    <download_date>ClinicalTrials.gov processed this data on July 31, 2020</download_date>
    <link_text>Link to the current ClinicalTrials.gov record.</link_text>
    <url>https://clinicaltrials.gov/show/NCT00003102</url>
  </required_header>
  <id_info>
    <org_study_id>CDR0000065834</org_study_id>
    <secondary_id>MSKCC-97049</secondary_id>
    <secondary_id>NCI-H97-0004</secondary_id>
    <nct_id>NCT00003102</nct_id>
  </id_info>
  <brief_title>Monoclonal Antibody Therapy in Treating Patients With Advanced Kidney Cancer</brief_title>
  <official_title>Phase I/II Study of 131-I-Labeled Chimeric Antibody G250 (131-I-cG250) in Patients With Advanced Renal Carcinoma</official_title>
  <sponsors>
    <lead_sponsor>
      <agency>Ludwig Institute for Cancer Research</agency>
      <agency_class>Other</agency_class>
    </lead_sponsor>
    <collaborator>
      <agency>National Cancer Institute (NCI)</agency>
      <agency_class>NIH</agency_class>
    </collaborator>
  </sponsors>
  <source>Ludwig Institute for Cancer Research</source>
  <brief_summary>
    <textblock>
      RATIONALE: Monoclonal antibodies can locate tumor cells and either kill them or deliver
      tumor-killing substances to them without harming normal cells.

      PURPOSE: Phase I/II trial to study the effectiveness of monoclonal antibody therapy in
      treating patients with advanced kidney cancer.
    </textblock>
  </brief_summary>
  <detailed_description>
    <textblock>
      OBJECTIVES: I. Define the safety of iodine I 131 chimeric monoclonal antibody G250 (131I MOAB
      cG250) in patients with advanced renal cell carcinoma. II. Determine the maximum tolerated
      dose (MTD) of 131I MOAB cG250. III. Describe the pharmacokinetics and biodistribution of 131I
      MOAB cG250. IV. Determine the response rate of 131I MOAB cG250 at the MTD.

      OUTLINE: This is a dose escalation study. Initially patients receive a scout dose of IV
      iodine I 131 chimeric monoclonal antibody G250 (131I MOAB cG250) over 10 minutes to determine
      whole body clearance. One week later, patients receive incremental doses of IV 131I MOAB
      cG250 over 10 minutes at 2-3 day intervals for 2-6 weeks. Dose escalation begins at least 8
      weeks after the last infusion of 131I MOAB cG250. In the absence of dose limiting toxicity in
      the first 3 patients treated, subsequent cohorts of 3 patients each receive escalating doses
      of 131I MOAB cG250 on the same schedule. If dose limiting toxicity occurs in 4 of 6 patients
      treated at a given dose level, then dose escalation ceases and the next lower dose is
      declared the maximum tolerated dose (MTD). Treatment continues once recovery from all toxic
      effects occurs, beginning 8 to 12 weeks following the last course of 131I MOAB cG250.
      Patients achieving complete remission, partial remission, or stable disease receive up to 3
      courses of treatment. Treatment ceases once disease progression is reached following 8 weeks
      of 131I MOAB cG250.

      PROJECTED ACCRUAL: This study will accrue a maximum of 48 patients, with 24 patients per
      Phase, at an anticipated enrollment of 2 patients per month over 24 months.
    </textblock>
  </detailed_description>
  <overall_status>Completed</overall_status>
  <start_date>July 1997</start_date>
  <primary_completion_date type="Actual">August 2000</primary_completion_date>
  <phase>Phase 1/Phase 2</phase>
  <study_type>Interventional</study_type>
  <has_expanded_access>No</has_expanded_access>
  <study_design_info>
    <primary_purpose>Treatment</primary_purpose>
  </study_design_info>
  <enrollment type="Anticipated">48</enrollment>
  <condition>Kidney Cancer</condition>
  <intervention>
    <intervention_type>Radiation</intervention_type>
    <intervention_name>iodine I 131 chimeric monoclonal antibody G-250</intervention_name>
  </intervention>
  <eligibility>
    <criteria>
      <textblock>
        DISEASE CHARACTERISTICS: Histologically proven renal cell carcinoma Clinical presentation
        consistent with metastatic renal cell carcinoma Bidimensionally measurable disease No CNS
        tumor involvement

        PATIENT CHARACTERISTICS: Age: 16 and over Performance status: Karnofsky 70-100% Life
        expectancy: At least 6 weeks Hematopoietic: WBC at least 3,500/mm3 Platelet count at least
        100,000/mm3 Prothrombin time less than 1.3 times control Hepatic: Serum bilirubin no
        greater than 1 mg/dL Renal: Serum creatinine no greater than 2 mg/dL Cardiovascular: No New
        York Heart Association Class III/IV Other: No serious infection or illness Not pregnant or
        lactating Effective contraception required of fertile patients No hypercalcemia greater
        than 12.5 mg/dL or symptomatic

        PRIOR CONCURRENT THERAPY: Biologic therapy: At least 6 weeks since prior immunotherapy
        Chemotherapy: At least 6 weeks since prior chemotherapy Endocrine therapy: Not specified
        Radiotherapy: No significant prior radiation therapy to the entire pelvis and/or
        lumbosacral spine Surgery: Not specified Other: No concurrent antibiotics
      </textblock>
    </criteria>
    <gender>All</gender>
    <minimum_age>16 Years</minimum_age>
    <maximum_age>120 Years</maximum_age>
    <healthy_volunteers>No</healthy_volunteers>
  </eligibility>
  <overall_official>
    <last_name>Chaitanya R. Divgi, MD</last_name>
    <role>Study Chair</role>
    <affiliation>Memorial Sloan Kettering Cancer Center</affiliation>
  </overall_official>
  <location>
    <facility>
      <name>Memorial Sloan-Kettering Cancer Center</name>
      <address>
        <city>New York</city>
        <state>New York</state>
        <zip>10021</zip>
        <country>United States</country>
      </address>
    </facility>
  </location>
  <location_countries>
    <country>United States</country>
  </location_countries>
  <verification_date>March 2020</verification_date>
  <study_first_submitted>November 1, 1999</study_first_submitted>
  <study_first_submitted_qc>August 11, 2004</study_first_submitted_qc>
  <study_first_posted type="Estimate">August 12, 2004</study_first_posted>
  <last_update_submitted>March 5, 2020</last_update_submitted>
  <last_update_submitted_qc>March 5, 2020</last_update_submitted_qc>
  <last_update_posted type="Actual">March 9, 2020</last_update_posted>
  <keyword>stage IV renal cell cancer</keyword>
  <keyword>recurrent renal cell cancer</keyword>
  <condition_browse>
    <!-- CAUTION:  The following MeSH terms are assigned with an imperfect algorithm            -->
    <mesh_term>Kidney Neoplasms</mesh_term>
    <mesh_term>Carcinoma, Renal Cell</mesh_term>
  </condition_browse>
  <intervention_browse>
    <!-- CAUTION:  The following MeSH terms are assigned with an imperfect algorithm            -->
    <mesh_term>Antibodies</mesh_term>
    <mesh_term>Antibodies, Monoclonal</mesh_term>
  </intervention_browse>
  <!-- Results have not yet been posted for this study                                          -->
</clinical_study>

