<clinical_study>
  <!-- This xml conforms to an XML Schema at:
    https://clinicaltrials.gov/ct2/html/images/info/public.xsd -->
  <required_header>
    <download_date>ClinicalTrials.gov processed this data on July 31, 2020</download_date>
    <link_text>Link to the current ClinicalTrials.gov record.</link_text>
    <url>https://clinicaltrials.gov/show/NCT00000380</url>
  </required_header>
  <id_info>
    <org_study_id>10537-A</org_study_id>
    <secondary_id>R01MH053575</secondary_id>
    <secondary_id>DSIR</secondary_id>
    <nct_id>NCT00000380</nct_id>
  </id_info>
  <brief_title>Growth Hormone Releasing Hormone (GHRH) Treatment for Age-Related Sleep Disturbances</brief_title>
  <official_title>Age-Related Sleep Impairment - Treatment w/GHRH</official_title>
  <sponsors>
    <lead_sponsor>
      <agency>University of Washington</agency>
      <agency_class>Other</agency_class>
    </lead_sponsor>
    <collaborator>
      <agency>National Institute of Mental Health (NIMH)</agency>
      <agency_class>NIH</agency_class>
    </collaborator>
  </sponsors>
  <source>University of Washington</source>
  <brief_summary>
    <textblock>
      The purpose of this study is to examine the effects of giving growth hormone releasing
      hormone (GHRH) to treat sleep disorders in older men and in older women who are on estrogen
      replacement therapy (ERT).

      Many older men and women complain of sleep disturbances. GHRH has been used successfully to
      treat sleep disorders in young men and may help older men and women.

      40 healthy older men and 40 healthy older women on ERT will receive either GHRH or an
      inactive placebo.

      An individual may be eligible for this study if he/she is a healthy older man or woman with
      sleep disturbances, and is on estrogen replacement therapy (women).
    </textblock>
  </brief_summary>
  <detailed_description>
    <textblock>
      To examine the effects of synthetic growth hormone releasing hormone (GHRH) versus placebo on
      the sleep quality, 24-hour secretory pattern of growth hormone (GH), and insulin-like growth
      factor 1 (IGF-1) concentrations of 40 healthy older men and 40 healthy older women on
      estrogen replacement therapy (ERT). To determine if augmenting the GH-IGF-1 axis can improve
      the objective sleep quality of the older population. To determine if treatment-related
      changes in sleep quality are correlated with changes in GH and/or IGF-1 concentrations.

      Nearly 40% of the geriatric population complain of poor sleep quality, a complaint that is
      validated by objective findings. The physiological consequences of age-impaired sleep are
      poorly understood, but may include damped circadian rhythms and impaired anabolic hormone
      status. Poor sleep may also account for the disproportionate prescription of sedative
      hypnotics to older adults which may exacerbate sleep apnea, lead to daytime carryover effects
      such as sedation, falls, fractures, cognitive impairment, and anterograde amnesia, and has
      been associated with increased morbidity and mortality. The recent NIH Consensus Conference
      on the Treatment of Sleep Disorders in Older People concluded that nonsedative interventions
      to improve sleep quality in the elderly population are obviously needed. One such
      intervention may be stimulation of the GH-IGF-1 axis by GHRH administration. Clinical
      evidence indicates sleep quality can be affected by extremes of GH status and several recent
      studies report acute GHRH administration improves sleep quality in young men. We have
      recently demonstrated that measures of sleep quality correlate with basal IGF-1
      concentrations in healthy older men and ERT women.

      40 healthy older men and 40 healthy older women on ERT receive either GHRH or placebo.
    </textblock>
  </detailed_description>
  <overall_status>Completed</overall_status>
  <start_date>June 1996</start_date>
  <completion_date>July 2007</completion_date>
  <primary_completion_date type="Actual">July 2007</primary_completion_date>
  <phase>N/A</phase>
  <study_type>Interventional</study_type>
  <has_expanded_access>No</has_expanded_access>
  <study_design_info>
    <primary_purpose>Treatment</primary_purpose>
  </study_design_info>
  <number_of_arms>2</number_of_arms>
  <condition>Sleep Disorders</condition>
  <arm_group>
    <arm_group_label>GHRH</arm_group_label>
    <arm_group_type>Experimental</arm_group_type>
    <description>Growth-hormone-releasing hormone (GHRH), also known as growth-hormone-releasing factor (GRF, GHRF), somatoliberin or somatocrinin, is a releasing hormone for growth hormone.</description>
  </arm_group>
  <arm_group>
    <arm_group_label>Placebo</arm_group_label>
    <arm_group_type>Placebo Comparator</arm_group_type>
    <description>Placebo</description>
  </arm_group>
  <intervention>
    <intervention_type>Drug</intervention_type>
    <intervention_name>GHRH</intervention_name>
    <arm_group_label>GHRH</arm_group_label>
    <arm_group_label>Placebo</arm_group_label>
  </intervention>
  <eligibility>
    <criteria>
      <textblock>
        Inclusion Criteria:

        -

        Patients must have:

        Age-related sleep impairment.

        -

        Required:

        Estrogen replacement therapy for women.
      </textblock>
    </criteria>
    <gender>All</gender>
    <minimum_age>N/A</minimum_age>
    <maximum_age>N/A</maximum_age>
  </eligibility>
  <overall_official>
    <last_name>Michael Vitiello, PhD</last_name>
    <role>Principal Investigator</role>
    <affiliation>UW</affiliation>
  </overall_official>
  <reference>
    <citation>Merriam GR, Schwartz RS, Vitiello MV. Growth hormone-releasing hormone and growth hormone secretagogues in normal aging. Endocrine. 2003 Oct;22(1):41-8. Review.</citation>
    <PMID>14610297</PMID>
  </reference>
  <reference>
    <citation>Merriam GR, Buchner DM, Prinz PN, Schwartz RS, Vitiello MV. Potential applications of GH secretagogs in the evaluation and treatment of the age-related decline in growth hormone secretion. Endocrine. 1997 Aug;7(1):49-52. Review.</citation>
    <PMID>9449031</PMID>
  </reference>
  <results_reference>
    <citation>Vitiello MV, Moe KE, Merriam GR, Mazzoni G, Buchner DH, Schwartz RS. Growth hormone releasing hormone improves the cognition of healthy older adults. Neurobiol Aging. 2006 Feb;27(2):318-23. Epub 2005 Mar 23.</citation>
    <PMID>16399214</PMID>
  </results_reference>
  <results_reference>
    <citation>Vitiello MV, Larsen LH, Moe KE. Age-related sleep change: Gender and estrogen effects on the subjective-objective sleep quality relationships of healthy, noncomplaining older men and women. J Psychosom Res. 2004 May;56(5):503-10.</citation>
    <PMID>15172206</PMID>
  </results_reference>
  <verification_date>December 2015</verification_date>
  <study_first_submitted>November 2, 1999</study_first_submitted>
  <study_first_submitted_qc>November 2, 1999</study_first_submitted_qc>
  <study_first_posted type="Estimate">November 3, 1999</study_first_posted>
  <last_update_submitted>December 1, 2015</last_update_submitted>
  <last_update_submitted_qc>December 1, 2015</last_update_submitted_qc>
  <last_update_posted type="Estimate">December 3, 2015</last_update_posted>
  <responsible_party>
    <responsible_party_type>Principal Investigator</responsible_party_type>
    <investigator_affiliation>University of Washington</investigator_affiliation>
    <investigator_full_name>Michael Vitiello</investigator_full_name>
    <investigator_title>Professor, Psychiatry and Behavioral Sciences</investigator_title>
  </responsible_party>
  <keyword>Adult</keyword>
  <keyword>Estrogen Replacement Therapy</keyword>
  <keyword>Female</keyword>
  <keyword>Hormone Replacement Therapy</keyword>
  <keyword>Human</keyword>
  <keyword>Insulin-Like Growth Factor I</keyword>
  <keyword>Male</keyword>
  <keyword>Placebos</keyword>
  <keyword>Sleep Disorders</keyword>
  <keyword>Somatotropin-Releasing Hormone</keyword>
  <keyword>Somatotropin</keyword>
  <keyword>Insulin-Like Growth Factor I -- secretion</keyword>
  <keyword>Sleep Disorders -- *drug therapy</keyword>
  <keyword>Somatotropin-Releasing Hormone -- *therapeutic use</keyword>
  <keyword>Somatotropin -- secretion</keyword>
  <condition_browse>
    <!-- CAUTION:  The following MeSH terms are assigned with an imperfect algorithm            -->
    <mesh_term>Sleep Wake Disorders</mesh_term>
    <mesh_term>Parasomnias</mesh_term>
  </condition_browse>
  <!-- Results have not yet been posted for this study                                          -->
</clinical_study>

