<clinical_study>
  <!-- This xml conforms to an XML Schema at:
    https://clinicaltrials.gov/ct2/html/images/info/public.xsd -->
  <required_header>
    <download_date>ClinicalTrials.gov processed this data on July 31, 2020</download_date>
    <link_text>Link to the current ClinicalTrials.gov record.</link_text>
    <url>https://clinicaltrials.gov/show/NCT00003204</url>
  </required_header>
  <id_info>
    <org_study_id>NCI-2012-02972</org_study_id>
    <secondary_id>E1496</secondary_id>
    <secondary_id>U10CA021115</secondary_id>
    <secondary_id>CDR0000066056</secondary_id>
    <nct_id>NCT00003204</nct_id>
  </id_info>
  <brief_title>Combination Chemotherapy With or Without Monoclonal Antibody Therapy in Treating Patients With Stage III or Stage IV Low-Grade Non-Hodgkin's Lymphoma</brief_title>
  <official_title>Randomized Phase III Study in Low Grade Lymphoma Comparing Maintenance Anti-CD20 Antibody Versus Observation Following Induction Therapy</official_title>
  <sponsors>
    <lead_sponsor>
      <agency>National Cancer Institute (NCI)</agency>
      <agency_class>NIH</agency_class>
    </lead_sponsor>
  </sponsors>
  <source>National Cancer Institute (NCI)</source>
  <brief_summary>
    <textblock>
      Randomized phase III trial to compare the effectiveness of two regimens of combination
      chemotherapy followed by rituximab or observation in treating patients who have stage III or
      stage IV low-grade non-Hodgkin's lymphoma. Drugs used in chemotherapy use different ways to
      stop cancer cells from dividing so they stop growing or die. Combining more than one drug may
      kill more cancer cells. Monoclonal antibodies such as rituximab can locate cancer cells and
      either kill them or deliver cancer-killing substances to them without harming normal cells.
      It is not yet known which regimen of combination chemotherapy, with or without rituximab, is
      more effective for non-Hodgkin's lymphoma
    </textblock>
  </brief_summary>
  <detailed_description>
    <textblock>
      PRIMARY OBJECTIVES:

      I. To compare the response rate, time to progression, time to treatment failure, and survival
      for patients with low grade lymphoma treated with the cyclophosphamide - fludarabine regimen
      with a control arm consisting of standard treatment with CVP.

      II. To determine the effect of maintenance with anti-CD20 (IDEC C2B8) on time to progression,
      time to treatment failure, and survival and its effects on lymphocyte number, subsets, and
      quantitative immunoglobulin levels over time.

      OUTLINE: This a two step, stratified, randomized study. Patients are stratified for arms I
      and II (step 1) by age (under 60 vs 60 and over), tumor burden (high vs low), histology
      (follicular vs other), and B symptoms (present vs absent). After arms I and II have been
      completed, patients are stratified in arms III and IV (step 2) by extent of residual disease
      (minimal vs gross), histology (follicular vs other), and initial tumor burden.

      ARM I (CLOSED AS OF 9/2000): Patients receive cyclophosphamide IV over 30-45 minutes on day 1
      and fludarabine IV over 10-20 minutes on days 1-5. Treatment repeats every 28 days in the
      absence of disease progression for a minimum of 4 courses and a maximum of 6 courses.

      ARM II: Patients receive cyclophosphamide IV over 30-45 minutes and vincristine IV on day 1,
      and oral prednisone on days 1-5. Treatment repeats every 21 days in the absence of disease
      progression for a minimum of 6 courses and a maximum of 8 courses.

      After completion of therapy on arm I or II, patients are randomized into step 2 of this study
      comprising arms III and IV.

      ARM III: Patients receive maintenance therapy with rituximab (IDEC-C2B8 monoclonal antibody)
      IV weekly for 4 weeks. Courses repeat every 6 months for 2 years. Maintenance therapy begins
      4 weeks after the last chemotherapy.

      ARM IV: Patients undergo no maintenance therapy and are observed.

      Patients are followed every 3 months for 2 years, every 6 months for the next 3 years, and
      then annually thereafter.
    </textblock>
  </detailed_description>
  <overall_status>Completed</overall_status>
  <start_date>March 1998</start_date>
  <primary_completion_date type="Actual">May 2006</primary_completion_date>
  <phase>Phase 3</phase>
  <study_type>Interventional</study_type>
  <has_expanded_access>No</has_expanded_access>
  <study_design_info>
    <allocation>Randomized</allocation>
    <intervention_model>Parallel Assignment</intervention_model>
    <primary_purpose>Treatment</primary_purpose>
    <masking>None (Open Label)</masking>
  </study_design_info>
  <primary_outcome>
    <measure>Time to treatment failure</measure>
    <time_frame>From maintenance randomization to the earlier of progression or death, assessed up to 5 years</time_frame>
    <description>This comparison will be made using a one-sided logrank test with a 5% type I error rate.</description>
  </primary_outcome>
  <number_of_arms>4</number_of_arms>
  <enrollment type="Actual">515</enrollment>
  <condition>Stage III Grade 1 Follicular Lymphoma</condition>
  <condition>Stage III Grade 2 Follicular Lymphoma</condition>
  <condition>Stage III Grade 3 Follicular Lymphoma</condition>
  <condition>Stage III Small Lymphocytic Lymphoma</condition>
  <condition>Stage IV Grade 1 Follicular Lymphoma</condition>
  <condition>Stage IV Grade 2 Follicular Lymphoma</condition>
  <condition>Stage IV Grade 3 Follicular Lymphoma</condition>
  <condition>Stage IV Small Lymphocytic Lymphoma</condition>
  <arm_group>
    <arm_group_label>Arm I (cyclophosphamide, fludarabine)</arm_group_label>
    <arm_group_type>Experimental</arm_group_type>
    <description>Patients receive cyclophosphamide IV over 30-45 minutes on day 1 and fludarabine IV over 10-20 minutes on days 1-5. Treatment repeats every 28 days in the absence of disease progression for a minimum of 4 courses and a maximum of 6 courses.</description>
  </arm_group>
  <arm_group>
    <arm_group_label>Arm II (cyclophosphamide, vincristine, prednisone)</arm_group_label>
    <arm_group_type>Experimental</arm_group_type>
    <description>Patients receive cyclophosphamide IV over 30-45 minutes and vincristine IV on day 1, and oral prednisone on days 1-5. Treatment repeats every 21 days in the absence of disease progression for a minimum of 6 courses and a maximum of 8 courses.</description>
  </arm_group>
  <arm_group>
    <arm_group_label>Arm III (rituximab)</arm_group_label>
    <arm_group_type>Experimental</arm_group_type>
    <description>Patients receive maintenance therapy with rituximab (IDEC-C2B8 monoclonal antibody) IV weekly for 4 weeks. Courses repeat every 6 months for 2 years. Maintenance therapy begins 4 weeks after the last chemotherapy.</description>
  </arm_group>
  <arm_group>
    <arm_group_label>Arm IV (no intervention)</arm_group_label>
    <arm_group_type>No Intervention</arm_group_type>
    <description>Patients undergo no maintenance therapy and are observed. Patients are followed every 3 months for 2 years, every 6 months for the next 3 years, and then annually thereafter.</description>
  </arm_group>
  <intervention>
    <intervention_type>Drug</intervention_type>
    <intervention_name>cyclophosphamide</intervention_name>
    <description>Given IV</description>
    <arm_group_label>Arm I (cyclophosphamide, fludarabine)</arm_group_label>
    <arm_group_label>Arm II (cyclophosphamide, vincristine, prednisone)</arm_group_label>
    <other_name>CPM</other_name>
    <other_name>CTX</other_name>
    <other_name>Cytoxan</other_name>
    <other_name>Endoxan</other_name>
    <other_name>Endoxana</other_name>
  </intervention>
  <intervention>
    <intervention_type>Drug</intervention_type>
    <intervention_name>fludarabine phosphate</intervention_name>
    <description>Given IV</description>
    <arm_group_label>Arm I (cyclophosphamide, fludarabine)</arm_group_label>
    <other_name>2-F-ara-AMP</other_name>
    <other_name>Beneflur</other_name>
    <other_name>Fludara</other_name>
  </intervention>
  <intervention>
    <intervention_type>Drug</intervention_type>
    <intervention_name>vincristine sulfate</intervention_name>
    <description>Given IV</description>
    <arm_group_label>Arm II (cyclophosphamide, vincristine, prednisone)</arm_group_label>
    <other_name>leurocristine sulfate</other_name>
    <other_name>VCR</other_name>
    <other_name>Vincasar PFS</other_name>
  </intervention>
  <intervention>
    <intervention_type>Drug</intervention_type>
    <intervention_name>prednisone</intervention_name>
    <description>Given PO</description>
    <arm_group_label>Arm II (cyclophosphamide, vincristine, prednisone)</arm_group_label>
    <other_name>DeCortin</other_name>
    <other_name>Deltra</other_name>
  </intervention>
  <intervention>
    <intervention_type>Biological</intervention_type>
    <intervention_name>rituximab</intervention_name>
    <description>Given IV</description>
    <arm_group_label>Arm III (rituximab)</arm_group_label>
    <other_name>IDEC-C2B8</other_name>
    <other_name>IDEC-C2B8 monoclonal antibody</other_name>
    <other_name>Mabthera</other_name>
    <other_name>MOAB IDEC-C2B8</other_name>
    <other_name>Rituxan</other_name>
  </intervention>
  <intervention>
    <intervention_type>Other</intervention_type>
    <intervention_name>laboratory biomarker analysis</intervention_name>
    <description>Correlative studies</description>
    <arm_group_label>Arm I (cyclophosphamide, fludarabine)</arm_group_label>
    <arm_group_label>Arm II (cyclophosphamide, vincristine, prednisone)</arm_group_label>
    <arm_group_label>Arm III (rituximab)</arm_group_label>
  </intervention>
  <eligibility>
    <criteria>
      <textblock>
        Inclusion Criteria:

          -  Patients must have Stage III-IV (Ann Arbor classification) low-grade Non-Hodgkin's
             lymphoma

          -  Baseline measurements and evaluations must be obtained within 4 weeks prior to
             registration; all areas of disease (evaluable and measurable) should be recorded and
             mapped out in order to assess response and uniformity of response to therapy; must
             have at least one objective MEASURABLE disease parameter

               -  Radiographic findings are acceptable providing that clear-cut measurement can be
                  made

               -  Abnormalities on scans may be used to document the presence of disease for
                  staging purposes; a clearly defined, bidimensionally measurable defect or mass
                  measuring at least 2 cm in diameter on a radionuclide or a CT scan will be
                  acceptable as measurable disease

               -  An enlarged spleen extending at least 2 cm below the costal margin will
                  constitute measurable disease providing that no explanation other than
                  lymphomatous involvement is likely; for an enlarged liver to constitute the only
                  evident measurable disease parameter, liver biopsy proof of lymphoma in the liver
                  is required

          -  Patients must have a tissue diagnosis of low-grade malignant lymphoma obtained within
             12 months prior to registration (according to the International Working Formulation)
             as below:

               -  ML- small lymphocytic (Category A)

               -  ML-follicular-small cleaved (Category B)

               -  ML-follicular-mixed small cleaved and large cell (Category C)

          -  Patients having both diffuse and follicular architectural elements will be considered
             eligible if the histology is predominantly follicular (i.e. &gt;= 50% of the
             cross-sectional area); if the interval since tissue diagnosis of low-grade malignant
             lymphoma is &gt; 12 months, diagnostic confirmation using either FNA or nodal biopsy is
             required to confirm that the histology remains in one of the eligible categories

          -  Women of child bearing potential and sexually active males are strongly advised to use
             an accepted and effective method of birth control

          -  No prior chemotherapy, radiotherapy, or immunotherapy

          -  No active, uncontrolled infections (afebrile for &gt; 48 hours off antibiotics)

          -  No evidence of a previous or concurrent malignancy, with the exception of 1) treated
             carcinoma in situ of the cervix, 2) treated squamous cell or basal cell skin cancer OR
             3) any other surgically cured malignancy from which the patient has been disease free
             for at least 5 years

          -  ECOG performance status 0-1

          -  WBC &gt; 3000/mm^3

          -  Plts &gt; 100,000/mm^3

          -  Creatinine =&lt; 1.5 mg/dl

          -  Bilirubin &lt; 2.0 mg/dl

          -  LFTs =&lt; 5x ULN (SGOT and Alkaline Phosphate)

          -  These lab values must be obtained within 4 weeks prior to protocol entry; patients
             with documented marrow involvement at the time of registration are not required to
             meet the hematologic parameters above

          -  Patient must give signed informed consent
      </textblock>
    </criteria>
    <gender>All</gender>
    <minimum_age>18 Years</minimum_age>
    <maximum_age>N/A</maximum_age>
    <healthy_volunteers>No</healthy_volunteers>
  </eligibility>
  <overall_official>
    <last_name>Howard Hochster</last_name>
    <role>Principal Investigator</role>
    <affiliation>Eastern Cooperative Oncology Group</affiliation>
  </overall_official>
  <location>
    <facility>
      <name>Eastern Cooperative Oncology Group</name>
      <address>
        <city>Boston</city>
        <state>Massachusetts</state>
        <zip>02215</zip>
        <country>United States</country>
      </address>
    </facility>
  </location>
  <location_countries>
    <country>United States</country>
  </location_countries>
  <verification_date>February 2013</verification_date>
  <study_first_submitted>May 2, 2000</study_first_submitted>
  <study_first_submitted_qc>January 26, 2003</study_first_submitted_qc>
  <study_first_posted type="Estimate">January 27, 2003</study_first_posted>
  <last_update_submitted>February 26, 2013</last_update_submitted>
  <last_update_submitted_qc>February 26, 2013</last_update_submitted_qc>
  <last_update_posted type="Estimate">February 27, 2013</last_update_posted>
  <responsible_party>
    <responsible_party_type>Sponsor</responsible_party_type>
  </responsible_party>
  <condition_browse>
    <!-- CAUTION:  The following MeSH terms are assigned with an imperfect algorithm            -->
    <mesh_term>Lymphoma</mesh_term>
    <mesh_term>Lymphoma, Follicular</mesh_term>
    <mesh_term>Leukemia, Lymphocytic, Chronic, B-Cell</mesh_term>
  </condition_browse>
  <intervention_browse>
    <!-- CAUTION:  The following MeSH terms are assigned with an imperfect algorithm            -->
    <mesh_term>Prednisone</mesh_term>
    <mesh_term>Cyclophosphamide</mesh_term>
    <mesh_term>Rituximab</mesh_term>
    <mesh_term>Fludarabine</mesh_term>
    <mesh_term>Fludarabine phosphate</mesh_term>
    <mesh_term>Vincristine</mesh_term>
  </intervention_browse>
  <!-- Results have not yet been posted for this study                                          -->
</clinical_study>

