<clinical_study>
  <!-- This xml conforms to an XML Schema at:
    https://clinicaltrials.gov/ct2/html/images/info/public.xsd -->
  <required_header>
    <download_date>ClinicalTrials.gov processed this data on July 31, 2020</download_date>
    <link_text>Link to the current ClinicalTrials.gov record.</link_text>
    <url>https://clinicaltrials.gov/show/NCT00002909</url>
  </required_header>
  <id_info>
    <org_study_id>NCI-2012-02250</org_study_id>
    <secondary_id>J-9616</secondary_id>
    <secondary_id>JHOC-9616</secondary_id>
    <secondary_id>NCI-T95-0017H</secondary_id>
    <secondary_id>CDR0000065274</secondary_id>
    <nct_id>NCT00002909</nct_id>
  </id_info>
  <brief_title>Phenylbutyrate in Treating Patients With Refractory Solid Tumors or Lymphoma</brief_title>
  <official_title>A PHASE I CLINICAL AND PHARMACOLOGIC EVALUATION OF PHENYLBUTYRATE IN PATIENTS WITH REFRACTORY SOLID TUMORS: STUDY OF CONTINUOUS EXPOSURE ORAL PHENYLBUTYRATE ON A THREE TIMES DAILY SCHEDULE</official_title>
  <sponsors>
    <lead_sponsor>
      <agency>National Cancer Institute (NCI)</agency>
      <agency_class>NIH</agency_class>
    </lead_sponsor>
  </sponsors>
  <source>National Cancer Institute (NCI)</source>
  <brief_summary>
    <textblock>
      Phase I trial to study the effectivenes of phenylbutyrate in treating adults with refractory
      solid tumor or lymphoma. Drugs used in chemotherapy use different ways to stop tumor cells
      from dividing so they stop growing or die.
    </textblock>
  </brief_summary>
  <detailed_description>
    <textblock>
      OBJECTIVES:

      I. Determine the maximum tolerated dose of oral phenylbutyrate that can be given three times
      daily in patients with refractory solid tumors or lymphoma until disease progression or a
      trough plasma concentration of 2-6 micromoles per liter is achieved.

      II. Characterize the pharmacokinetics of oral phenylbutyrate absorption, and determine
      whether there is time dependence in the systemic clearance rate during multiple dosing.

      III. Seek preliminary evidence of therapeutic activity of phenylbutyrate when administered on
      this schedule in these patients.

      IV. Correlate any observed responses and toxic effects with results of bioassays and tissue
      sampling for phenylbutyrate activity.

      OUTLINE: This is a dose-seeking study.

      All patients receive oral phenylbutyrate three times daily. Groups of 4 or more patients
      receive escalating doses of phenylbutyrate until the maximum tolerated dose (MTD) is
      determined. Treatment continues until disease progression or unacceptable toxicity
      intervenes.
    </textblock>
  </detailed_description>
  <overall_status>Completed</overall_status>
  <start_date>February 1997</start_date>
  <primary_completion_date type="Actual">October 2000</primary_completion_date>
  <phase>Phase 1</phase>
  <study_type>Interventional</study_type>
  <has_expanded_access>No</has_expanded_access>
  <study_design_info>
    <allocation>N/A</allocation>
    <intervention_model>Single Group Assignment</intervention_model>
    <primary_purpose>Treatment</primary_purpose>
    <masking>None (Open Label)</masking>
  </study_design_info>
  <number_of_arms>1</number_of_arms>
  <enrollment type="Actual">24</enrollment>
  <condition>Lymphoma</condition>
  <condition>Unspecified Adult Solid Tumor, Protocol Specific</condition>
  <arm_group>
    <arm_group_label>Arm I</arm_group_label>
    <arm_group_type>Experimental</arm_group_type>
    <description>All patients receive oral phenylbutyrate three times daily. Groups of 4 or more patients receive escalating doses of phenylbutyrate until the maximum tolerated dose (MTD) is determined. Treatment continues until disease progression or unacceptable toxicity intervenes.</description>
  </arm_group>
  <intervention>
    <intervention_type>Drug</intervention_type>
    <intervention_name>chemotherapy</intervention_name>
    <arm_group_label>Arm I</arm_group_label>
  </intervention>
  <intervention>
    <intervention_type>Drug</intervention_type>
    <intervention_name>oral sodium phenylbutyrate</intervention_name>
    <arm_group_label>Arm I</arm_group_label>
  </intervention>
  <eligibility>
    <criteria>
      <textblock>
        DISEASE CHARACTERISTICS:

          -  Histologically or cytologically confirmed solid tumor or lymphoma that is progressive
             or refractory to conventional therapy or for which no effective therapy is known

          -  Priority given to hormone-refractory prostate cancer and melanoma

          -  No untreated CNS metastases

          -  Head CT not required in the absence of clinical signs or symptoms but recommended for
             metastatic melanoma

        PATIENT CHARACTERISTICS:

          -  Age: 18 and over

          -  Performance status: ECOG 0-2

          -  Life expectancy: At least 3 months

          -  WBC greater than 2,000/mm3 OR absolute neutrophil count greater than 1,500/mm3

          -  Platelet count greater than 100,000/mm3

          -  Hemoglobin greater than 9 g/dL

          -  Bilirubin less than 1.5 mg/dL

          -  AST/ALT less than 1.5 times normal

          -  Creatinine less than 2.0 mg/dL

          -  Obstructive uropathy allowed if relieved by nephrostomy or other appropriate device

          -  Left ventricular ejection fraction greater than 40% by MUGA or normal by
             echocardiogram

          -  No history of congestive heart failure

          -  No uncontrolled hypertension (diastolic greater than 110 mm Hg)

          -  Forced expiratory volume (1 second) greater than 1.5 L/min

          -  No active infection, including HIV or viral hepatitis

          -  No active seizure disorder

          -  No clinical evidence of increased intracranial pressure

          -  No baseline dementia (mini-mental exam less than 23)

          -  No autoimmune disease, including systemic lupus erythematosus, scleroderma, or other
             connective tissue illness

          -  No nonmalignant medical or psychiatric problem of sufficient severity to limit full
             compliance with study or to pose undue risk

          -  Not pregnant or nursing

          -  Adequate contraception required of fertile patients for 2 weeks prior to, during, and
             for 3 months after study

          -  Normal gastrointestinal function with ability to tolerate large intake of oral volume
             required for phenylbutyrate administration

          -  Patients with persistent nausea or moderate to severe anorexia may not be good
             candidates for study

        PRIOR CONCURRENT THERAPY:

          -  Fully recovered from all prior therapy

          -  Prior suramin allowed if serum suramin level less than 50 micrograms/mL at entry

          -  At least 28 days since chemotherapy

          -  No prior phenylacetate, phenylbutyrate, or antineoplaston therapy

          -  The following may be continued during study:

          -  Luteinizing hormone-releasing hormone agonist with evidence of tumor progression
             (e.g., rising prostate-specific antigen, new lesions on bone scan) despite therapy

          -  Adrenal steroid replacement (if needed)

          -  Dexamethasone or other steroids

          -  At least 4-6 weeks since flutamide with evidence of PSA progression required (if
             possible)

          -  At least 28 days since radiotherapy

          -  At least 28 days since major surgery
      </textblock>
    </criteria>
    <gender>All</gender>
    <minimum_age>18 Years</minimum_age>
    <maximum_age>N/A</maximum_age>
    <healthy_volunteers>No</healthy_volunteers>
  </eligibility>
  <overall_official>
    <last_name>Michael A. Carducci, MD</last_name>
    <role>Study Chair</role>
    <affiliation>Sidney Kimmel Comprehensive Cancer Center at Johns Hopkins</affiliation>
  </overall_official>
  <location>
    <facility>
      <name>Johns Hopkins Oncology Center</name>
      <address>
        <city>Baltimore</city>
        <state>Maryland</state>
        <zip>21287</zip>
        <country>United States</country>
      </address>
    </facility>
  </location>
  <location_countries>
    <country>United States</country>
  </location_countries>
  <results_reference>
    <citation>Carducci M, Bowling MK, Eisenberger M, et al.: Phenylbytyrate (PB) for refractory solid tumors: Phase I evaluation of continuous oral PB exposure. [Abstract] Proc Am Assoc Cancer Res 39: A507, 1998.</citation>
  </results_reference>
  <verification_date>February 2001</verification_date>
  <study_first_submitted>November 1, 1999</study_first_submitted>
  <study_first_submitted_qc>August 10, 2004</study_first_submitted_qc>
  <study_first_posted type="Estimate">August 11, 2004</study_first_posted>
  <last_update_submitted>February 4, 2013</last_update_submitted>
  <last_update_submitted_qc>February 4, 2013</last_update_submitted_qc>
  <last_update_posted type="Estimate">February 5, 2013</last_update_posted>
  <responsible_party>
    <responsible_party_type>Sponsor</responsible_party_type>
  </responsible_party>
  <keyword>stage III adult Hodgkin lymphoma</keyword>
  <keyword>stage IV adult Hodgkin lymphoma</keyword>
  <keyword>recurrent adult Hodgkin lymphoma</keyword>
  <keyword>unspecified adult solid tumor, protocol specific</keyword>
  <keyword>stage III grade 1 follicular lymphoma</keyword>
  <keyword>stage III grade 2 follicular lymphoma</keyword>
  <keyword>stage III grade 3 follicular lymphoma</keyword>
  <keyword>stage III adult diffuse small cleaved cell lymphoma</keyword>
  <keyword>stage III adult diffuse mixed cell lymphoma</keyword>
  <keyword>stage III adult diffuse large cell lymphoma</keyword>
  <keyword>stage III adult immunoblastic large cell lymphoma</keyword>
  <keyword>stage III adult lymphoblastic lymphoma</keyword>
  <keyword>stage III adult Burkitt lymphoma</keyword>
  <keyword>stage IV grade 1 follicular lymphoma</keyword>
  <keyword>stage IV grade 2 follicular lymphoma</keyword>
  <keyword>stage IV grade 3 follicular lymphoma</keyword>
  <keyword>stage IV adult diffuse small cleaved cell lymphoma</keyword>
  <keyword>stage IV adult diffuse mixed cell lymphoma</keyword>
  <keyword>stage IV adult diffuse large cell lymphoma</keyword>
  <keyword>stage IV adult immunoblastic large cell lymphoma</keyword>
  <keyword>stage IV adult lymphoblastic lymphoma</keyword>
  <keyword>stage IV adult Burkitt lymphoma</keyword>
  <keyword>recurrent grade 1 follicular lymphoma</keyword>
  <keyword>recurrent grade 2 follicular lymphoma</keyword>
  <keyword>recurrent grade 3 follicular lymphoma</keyword>
  <keyword>recurrent adult diffuse small cleaved cell lymphoma</keyword>
  <keyword>recurrent adult diffuse mixed cell lymphoma</keyword>
  <keyword>recurrent adult diffuse large cell lymphoma</keyword>
  <keyword>recurrent adult immunoblastic large cell lymphoma</keyword>
  <keyword>recurrent adult lymphoblastic lymphoma</keyword>
  <keyword>recurrent adult Burkitt lymphoma</keyword>
  <keyword>stage III adult T-cell leukemia/lymphoma</keyword>
  <keyword>stage IV adult T-cell leukemia/lymphoma</keyword>
  <keyword>stage III mantle cell lymphoma</keyword>
  <keyword>stage IV mantle cell lymphoma</keyword>
  <keyword>recurrent mantle cell lymphoma</keyword>
  <keyword>angioimmunoblastic T-cell lymphoma</keyword>
  <keyword>anaplastic large cell lymphoma</keyword>
  <keyword>recurrent marginal zone lymphoma</keyword>
  <keyword>recurrent small lymphocytic lymphoma</keyword>
  <keyword>stage III small lymphocytic lymphoma</keyword>
  <keyword>stage III marginal zone lymphoma</keyword>
  <keyword>stage IV small lymphocytic lymphoma</keyword>
  <keyword>stage IV marginal zone lymphoma</keyword>
  <keyword>extranodal marginal zone B-cell lymphoma of mucosa-associated lymphoid tissue</keyword>
  <keyword>nodal marginal zone B-cell lymphoma</keyword>
  <keyword>splenic marginal zone lymphoma</keyword>
  <condition_browse>
    <!-- CAUTION:  The following MeSH terms are assigned with an imperfect algorithm            -->
    <mesh_term>Lymphoma</mesh_term>
  </condition_browse>
  <intervention_browse>
    <!-- CAUTION:  The following MeSH terms are assigned with an imperfect algorithm            -->
    <mesh_term>4-phenylbutyric acid</mesh_term>
  </intervention_browse>
  <!-- Results have not yet been posted for this study                                          -->
</clinical_study>

