<clinical_study>
  <!-- This xml conforms to an XML Schema at:
    https://clinicaltrials.gov/ct2/html/images/info/public.xsd -->
  <required_header>
    <download_date>ClinicalTrials.gov processed this data on July 31, 2020</download_date>
    <link_text>Link to the current ClinicalTrials.gov record.</link_text>
    <url>https://clinicaltrials.gov/show/NCT00001152</url>
  </required_header>
  <id_info>
    <org_study_id>760189</org_study_id>
    <secondary_id>76-EI-0189</secondary_id>
    <nct_id>NCT00001152</nct_id>
  </id_info>
  <brief_title>Pigment Dispersion Syndrome With and Without Glaucoma</brief_title>
  <official_title>Pigment Dispersion Syndrome With and Without Glaucoma</official_title>
  <sponsors>
    <lead_sponsor>
      <agency>National Eye Institute (NEI)</agency>
      <agency_class>NIH</agency_class>
    </lead_sponsor>
  </sponsors>
  <source>National Institutes of Health Clinical Center (CC)</source>
  <brief_summary>
    <textblock>
      To compare patients having PDS without and with OH or GL by documenting and following the
      clinical features and course of their disease and evaluating the patient's performance on a
      variety of diagnostic tests.
    </textblock>
  </brief_summary>
  <detailed_description>
    <textblock>
      Pigment dispersion syndrome (PDS) is not an uncommon ocular condition and is frequently
      associated with myopia. There is loss of pigment from the posterior iris, seen clinically in
      most cases as iris transillumination with pigment deposited on the corneal endothelium, iris
      surface and on the angle structures overlying Schlemm's canal. In a subset of patients ocular
      hypertension or glaucoma may develop.

      Ocular hypertension is defined as 3 separate measurements of the intraocular pressure greater
      than 22 mm/Hg in the absence of visual field loss. Glaucoma is defined as the presence of a
      characteristic field defect (Bjerrum scotoma, nasal step or arcuate scotomas) with
      intraocular pressures greater than 22 mm/Hg measured sometime during a diurnal curve testing.

      The etiology of this condition is not known. Hypotheses include developmental abnormalities
      of the iris dilator muscle or mechanical rubbing of zonules against the iris, resulting in
      pigment dispersion in the anterior chamber and pressure elevation. PDS is then viewed as a
      variant of primary open-angle glaucoma or may be secondary to pigment deposited in the angle
      structures with secondary damage to the trabecular meshwork. A hereditary component does
      appear to play a role in the PDS syndrome and may also predispose to the development of
      glaucoma.

      The purpose of this study is to evaluate and determine the risk factors that differentiate
      patients with PDS, PDS+OH, or PDS+GL by documenting the ophthalmic findings and following
      their clinical course. In order to do this, diagnostic tests including intraocular pressure
      and visual fields will be performed. This data may make it possible to determine the risk of
      patients having PDS of developing OH, GL or other possibly associated findings such as
      retinal detachment or cataract. In addition, patients with &quot;pigmentary glaucoma (PG)&quot; will be
      compared to those with the known characteristics of primary open-angle glaucoma (POAG) to
      determine whether PG is different than or a variant of POAG. When possible, family members
      will be examined to investigate the inheritance pattern of this syndrome and its relationship
      to POAG.
    </textblock>
  </detailed_description>
  <overall_status>Completed</overall_status>
  <start_date>June 1976</start_date>
  <completion_date>June 2000</completion_date>
  <study_type>Observational</study_type>
  <has_expanded_access>No</has_expanded_access>
  <enrollment>175</enrollment>
  <condition>Glaucoma</condition>
  <condition>Glaucoma, Open-Angle</condition>
  <condition>Ocular Hypertension</condition>
  <eligibility>
    <criteria>
      <textblock>
        Entrance into the study will depend upon clinical evidence of black pigment deposition on
        trabecular meshwork at the site of Schlemm's canal and at least one of the following:
        Kruckenberg spindle, pigment deposition on iris surface, or mid-stromal iris
        transillumination.

        No patients with other ocular disease or disorders (uveitis, trauma, pseudoexfoliation, ICE
        syndrome, etc.)
      </textblock>
    </criteria>
    <gender>All</gender>
    <minimum_age>N/A</minimum_age>
    <maximum_age>N/A</maximum_age>
    <healthy_volunteers>No</healthy_volunteers>
  </eligibility>
  <location>
    <facility>
      <name>National Eye Institute (NEI)</name>
      <address>
        <city>Bethesda</city>
        <state>Maryland</state>
        <zip>20892</zip>
        <country>United States</country>
      </address>
    </facility>
  </location>
  <location_countries>
    <country>United States</country>
  </location_countries>
  <reference>
    <citation>Kupfer C, Kuwabara T, Kaiser-Kupfer M. The histopathology of pigmentary dispersion syndrome with glaucoma. Am J Ophthalmol. 1975 Nov;80(5):857-62.</citation>
    <PMID>1190279</PMID>
  </reference>
  <reference>
    <citation>Campbell DG. Pigmentary dispersion and glaucoma. A new theory. Arch Ophthalmol. 1979 Sep;97(9):1667-72.</citation>
    <PMID>475638</PMID>
  </reference>
  <reference>
    <citation>Andersen JS, Pralea AM, DelBono EA, Haines JL, Gorin MB, Schuman JS, Mattox CG, Wiggs JL. A gene responsible for the pigment dispersion syndrome maps to chromosome 7q35-q36. Arch Ophthalmol. 1997 Mar;115(3):384-8.</citation>
    <PMID>9076212</PMID>
  </reference>
  <verification_date>May 1998</verification_date>
  <study_first_submitted>November 3, 1999</study_first_submitted>
  <study_first_submitted_qc>December 9, 2002</study_first_submitted_qc>
  <study_first_posted type="Estimate">December 10, 2002</study_first_posted>
  <last_update_submitted>March 3, 2008</last_update_submitted>
  <last_update_submitted_qc>March 3, 2008</last_update_submitted_qc>
  <last_update_posted type="Estimate">March 4, 2008</last_update_posted>
  <keyword>Aqueous Humor Dynamics</keyword>
  <keyword>Glaucoma</keyword>
  <keyword>Ocular Hypertension</keyword>
  <keyword>Pigment Dispersion Syndrome</keyword>
  <keyword>Primary Open Angle Glaucoma</keyword>
  <keyword>Pseudo-Exfoliation of the Lens Capsule</keyword>
  <condition_browse>
    <!-- CAUTION:  The following MeSH terms are assigned with an imperfect algorithm            -->
    <mesh_term>Glaucoma</mesh_term>
    <mesh_term>Ocular Hypertension</mesh_term>
    <mesh_term>Glaucoma, Open-Angle</mesh_term>
    <mesh_term>Hypertension</mesh_term>
  </condition_browse>
  <!-- Results have not yet been posted for this study                                          -->
</clinical_study>

